TIMESTAMP, DATE, TIME, OPEN, HIGH, LOW, CLOSE, VOLUME
1451606400, 01/01/2016, 00:00:00, 430.35, 437.15, 427.92, 435.66, 3863.27745054
1451692800, 02/01/2016, 00:00:00, 435.67, 437.56, 432.41, 435.4, 3276.70962113
1451779200, 03/01/2016, 00:00:00, 435.4, 435.75, 425.02, 431.91, 3904.33531811
1451865600, 04/01/2016, 00:00:00, 431.9, 435.79, 431.37, 433.85, 5894.44572317
1451952000, 05/01/2016, 00:00:00, 433.84, 435.64, 430.0, 433.34, 5150.10947569
1452038400, 06/01/2016, 00:00:00, 433.32, 433.46, 428.15, 430.87, 5476.95995944
1452124800, 07/01/2016, 00:00:00, 430.66, 460.15, 430.64, 459.07, 13907.20172902
1452211200, 08/01/2016, 00:00:00, 459.07, 464.4, 447.53, 454.44, 8347.0950396
1452297600, 09/01/2016, 00:00:00, 454.41, 456.0, 447.66, 450.38, 4247.63965095
1452384000, 10/01/2016, 00:00:00, 450.39, 451.39, 442.96, 449.99, 3954.32239952
1452470400, 11/01/2016, 00:00:00, 449.99, 452.65, 445.88, 449.19, 5597.63718315
1452556800, 12/01/2016, 00:00:00, 449.26, 449.44, 431.83, 434.01, 6596.94545292
1452643200, 13/01/2016, 00:00:00, 434.01, 437.5, 425.0, 432.77, 9009.15070912
1452729600, 14/01/2016, 00:00:00, 432.7, 435.27, 428.0, 430.03, 5673.63296245
1452816000, 15/01/2016, 00:00:00, 430.04, 430.29, 357.3, 357.53, 28641.67358553
1452902400, 16/01/2016, 00:00:00, 357.59, 391.0, 350.92, 388.7, 17985.23878449
1452988800, 17/01/2016, 00:00:00, 388.7, 391.0, 372.0, 378.46, 8278.40179348
1453075200, 18/01/2016, 00:00:00, 378.47, 386.1, 370.1, 384.89, 8711.45975604
1453161600, 19/01/2016, 00:00:00, 384.79, 385.5, 370.0, 375.27, 8133.36701034
1453248000, 20/01/2016, 00:00:00, 375.28, 425.1, 369.0, 418.54, 13874.69165931
1453334400, 21/01/2016, 00:00:00, 418.89, 424.78, 403.21, 409.38, 8739.16341887
1453420800, 22/01/2016, 00:00:00, 409.02, 413.99, 373.86, 382.9, 13430.10303924
1453507200, 23/01/2016, 00:00:00, 382.93, 398.72, 382.55, 387.5, 6310.0300222
1453593600, 24/01/2016, 00:00:00, 387.5, 406.93, 387.49, 403.05, 3550.83177183
1453680000, 25/01/2016, 00:00:00, 403.04, 403.04, 386.41, 391.4, 6491.99981186
1453766400, 26/01/2016, 00:00:00, 391.4, 397.0, 387.78, 391.54, 6981.00990035
1453852800, 27/01/2016, 00:00:00, 391.7, 397.18, 390.7, 394.79, 6324.16419027
1453939200, 28/01/2016, 00:00:00, 394.6, 395.0, 377.12, 379.61, 9103.71549887
1454025600, 29/01/2016, 00:00:00, 379.63, 385.05, 363.25, 378.68, 12105.31043689
1454112000, 30/01/2016, 00:00:00, 378.68, 382.04, 375.0, 378.46, 4154.2964224
1454198400, 31/01/2016, 00:00:00, 378.46, 382.5, 365.0, 367.95, 5506.77681302
1454284800, 01/02/2016, 00:00:00, 367.89, 379.0, 366.26, 371.33, 7931.22922922
1454371200, 02/02/2016, 00:00:00, 371.33, 374.41, 371.17, 372.93, 6856.21815799
1454457600, 03/02/2016, 00:00:00, 372.93, 373.01, 365.63, 368.87, 7147.95657328
1454544000, 04/02/2016, 00:00:00, 368.87, 390.63, 368.74, 387.99, 8887.7572324
1454630400, 05/02/2016, 00:00:00, 387.99, 389.36, 382.99, 384.5, 7443.92933224
1454716800, 06/02/2016, 00:00:00, 384.44, 384.54, 370.05, 375.44, 6276.66473729
1454803200, 07/02/2016, 00:00:00, 375.44, 379.81, 373.24, 377.49, 4164.50911131
1454889600, 08/02/2016, 00:00:00, 377.47, 379.35, 370.5, 371.14, 7094.20857777
1454976000, 09/02/2016, 00:00:00, 371.02, 374.93, 370.13, 372.68, 8424.5942075
1455062400, 10/02/2016, 00:00:00, 372.76, 383.34, 371.87, 378.44, 9736.03682475
1455148800, 11/02/2016, 00:00:00, 378.49, 379.5, 360.0, 378.23, 10413.06371586
1455235200, 12/02/2016, 00:00:00, 378.23, 382.05, 377.46, 382.05, 6162.21762337
1455321600, 13/02/2016, 00:00:00, 382.05, 396.0, 381.99, 391.0, 5978.85647171
1455408000, 14/02/2016, 00:00:00, 391.0, 406.92, 391.0, 406.59, 7557.25485027
1455494400, 15/02/2016, 00:00:00, 406.62, 409.09, 394.03, 398.95, 6568.48538284
1455580800, 16/02/2016, 00:00:00, 398.94, 407.5, 390.0, 407.42, 5649.43557069
1455667200, 17/02/2016, 00:00:00, 407.41, 420.13, 405.69, 415.2, 8707.1340027
1455753600, 18/02/2016, 00:00:00, 415.18, 423.2, 415.01, 421.19, 6518.6376118
1455840000, 19/02/2016, 00:00:00, 421.18, 422.0, 416.0, 420.72, 5800.21753183
1455926400, 20/02/2016, 00:00:00, 420.72, 444.03, 420.09, 437.46, 9368.59512888
1456012800, 21/02/2016, 00:00:00, 438.04, 448.7, 426.01, 438.56, 7111.14458641
1456099200, 22/02/2016, 00:00:00, 438.56, 439.0, 430.95, 437.55, 5131.79988328
1456185600, 23/02/2016, 00:00:00, 437.45, 440.9, 414.16, 419.97, 9159.03224463
1456272000, 24/02/2016, 00:00:00, 420.32, 425.6, 410.0, 423.94, 7232.28236528
1456358400, 25/02/2016, 00:00:00, 423.87, 426.44, 418.6, 423.54, 6049.81811526
1456444800, 26/02/2016, 00:00:00, 423.51, 430.85, 419.53, 430.85, 6782.03746528
1456531200, 27/02/2016, 00:00:00, 430.84, 434.97, 430.14, 433.12, 5520.65526894
1456617600, 28/02/2016, 00:00:00, 433.09, 436.07, 423.0, 433.73, 5149.93009024
1456704000, 29/02/2016, 00:00:00, 433.73, 442.0, 431.13, 436.44, 7578.8900694
1456790400, 01/03/2016, 00:00:00, 436.41, 437.78, 427.5, 433.08, 7580.23306278
1456876800, 02/03/2016, 00:00:00, 433.03, 435.36, 418.36, 420.39, 7437.60843525
1456963200, 03/03/2016, 00:00:00, 420.44, 422.8, 408.63, 418.8, 11833.72087093
1457049600, 04/03/2016, 00:00:00, 418.76, 422.21, 405.5, 407.35, 8961.10957184
1457136000, 05/03/2016, 00:00:00, 407.38, 408.83, 381.09, 396.08, 14903.33778457
1457222400, 06/03/2016, 00:00:00, 396.13, 409.27, 385.01, 403.24, 7676.29322299
1457308800, 07/03/2016, 00:00:00, 403.24, 418.74, 395.0, 412.21, 9910.74424239
1457395200, 08/03/2016, 00:00:00, 412.21, 416.33, 407.4, 411.18, 7501.47649557
1457481600, 09/03/2016, 00:00:00, 411.18, 414.0, 408.75, 412.8, 5399.36136204
1457568000, 10/03/2016, 00:00:00, 412.64, 416.52, 410.71, 415.98, 7909.17586749
1457654400, 11/03/2016, 00:00:00, 415.98, 421.0, 414.97, 419.39, 7041.45814304
1457740800, 12/03/2016, 00:00:00, 419.48, 421.3, 406.52, 410.58, 6897.105099
1457827200, 13/03/2016, 00:00:00, 410.56, 416.38, 410.01, 412.52, 4663.32879725
1457913600, 14/03/2016, 00:00:00, 412.51, 415.84, 411.61, 415.02, 6672.7126524
1458000000, 15/03/2016, 00:00:00, 415.02, 416.94, 412.48, 415.41, 7355.07959993
1458086400, 16/03/2016, 00:00:00, 415.41, 416.39, 413.0, 416.07, 6274.8088109
1458172800, 17/03/2016, 00:00:00, 416.06, 419.75, 415.7, 418.41, 6108.4432848
1458259200, 18/03/2016, 00:00:00, 418.42, 418.66, 399.21, 409.65, 8597.5867638
1458345600, 19/03/2016, 00:00:00, 409.66, 411.0, 404.72, 410.2, 4840.13357914
1458432000, 20/03/2016, 00:00:00, 410.09, 415.34, 409.36, 411.27, 4726.10717472
1458518400, 21/03/2016, 00:00:00, 411.25, 412.13, 406.89, 412.0, 6020.51810823
1458604800, 22/03/2016, 00:00:00, 411.98, 417.79, 411.0, 416.66, 6124.69185606
1458691200, 23/03/2016, 00:00:00, 416.66, 418.99, 413.95, 417.53, 5506.91945281
1458777600, 24/03/2016, 00:00:00, 417.53, 417.72, 410.0, 412.95, 5064.58936525
1458864000, 25/03/2016, 00:00:00, 412.86, 416.87, 411.0, 416.41, 4598.6610383
1458950400, 26/03/2016, 00:00:00, 416.42, 417.77, 414.37, 416.97, 3641.00285678
1459036800, 27/03/2016, 00:00:00, 416.96, 426.5, 416.35, 425.3, 4658.09803054
1459123200, 28/03/2016, 00:00:00, 425.29, 425.36, 419.63, 423.0, 5717.86007067
1459209600, 29/03/2016, 00:00:00, 422.92, 424.62, 407.75, 416.39, 7361.85527519
1459296000, 30/03/2016, 00:00:00, 416.4, 416.41, 407.56, 412.79, 5831.49360379
1459382400, 31/03/2016, 00:00:00, 412.97, 417.6, 412.74, 416.03, 5235.54278385
1459468800, 01/04/2016, 00:00:00, 416.03, 417.68, 414.12, 417.68, 5353.92318385
1459555200, 02/04/2016, 00:00:00, 417.68, 420.5, 417.04, 419.95, 3952.0183139
1459641600, 03/04/2016, 00:00:00, 419.95, 420.8, 418.33, 420.16, 3266.97381272
1459728000, 04/04/2016, 00:00:00, 420.08, 421.0, 417.58, 419.47, 5323.83529462
1459814400, 05/04/2016, 00:00:00, 419.48, 423.43, 418.01, 422.36, 5727.68629636
1459900800, 06/04/2016, 00:00:00, 422.4, 423.0, 420.61, 421.46, 5211.96140153
1459987200, 07/04/2016, 00:00:00, 421.36, 422.74, 419.41, 421.99, 5026.31118662
1460073600, 08/04/2016, 00:00:00, 421.99, 424.65, 415.71, 419.48, 6437.97595515
1460160000, 09/04/2016, 00:00:00, 419.48, 419.79, 415.51, 419.46, 3519.98911149
1460246400, 10/04/2016, 00:00:00, 419.46, 423.99, 419.46, 423.4, 2990.03664436
1460332800, 11/04/2016, 00:00:00, 423.29, 424.0, 420.15, 423.94, 5093.21825161
1460419200, 12/04/2016, 00:00:00, 423.95, 429.77, 423.14, 427.8, 6997.06357807
1460505600, 13/04/2016, 00:00:00, 427.8, 429.44, 423.59, 425.58, 5885.07514476
1460592000, 14/04/2016, 00:00:00, 425.58, 428.0, 424.52, 426.32, 4732.22672175
1460678400, 15/04/2016, 00:00:00, 426.35, 431.1, 425.72, 430.93, 4184.00939072
1460764800, 16/04/2016, 00:00:00, 430.82, 434.89, 429.89, 433.39, 4133.98598682
1460851200, 17/04/2016, 00:00:00, 433.69, 434.93, 429.15, 431.0, 3299.73395797
1460937600, 18/04/2016, 00:00:00, 431.08, 434.46, 428.44, 430.97, 5277.32120606
1461024000, 19/04/2016, 00:00:00, 430.9, 438.2, 429.22, 437.06, 6226.60528301
1461110400, 20/04/2016, 00:00:00, 437.06, 444.07, 436.17, 442.96, 7150.95669528
1461196800, 21/04/2016, 00:00:00, 442.87, 453.8, 441.99, 452.25, 7693.43100861
1461283200, 22/04/2016, 00:00:00, 452.25, 452.95, 445.07, 448.41, 6814.7817311
1461369600, 23/04/2016, 00:00:00, 448.57, 455.84, 447.03, 455.69, 4618.30821378
1461456000, 24/04/2016, 00:00:00, 455.68, 465.0, 454.55, 464.46, 6188.49079492
1461542400, 25/04/2016, 00:00:00, 464.47, 472.38, 454.65, 466.17, 9493.32784683
1461628800, 26/04/2016, 00:00:00, 466.17, 472.11, 464.01, 470.59, 7471.24056177
1461715200, 27/04/2016, 00:00:00, 470.3, 470.79, 434.0, 445.31, 11629.49770098
1461801600, 28/04/2016, 00:00:00, 445.3, 451.88, 434.79, 451.68, 7644.69210461
1461888000, 29/04/2016, 00:00:00, 451.67, 459.44, 448.5, 458.82, 5965.09735013
1461974400, 30/04/2016, 00:00:00, 458.8, 459.33, 450.13, 454.02, 4710.2895045
1462060800, 01/05/2016, 00:00:00, 454.02, 457.07, 451.55, 456.98, 2941.67587876
1462147200, 02/05/2016, 00:00:00, 456.98, 457.63, 440.02, 446.42, 7694.20823194
1462233600, 03/05/2016, 00:00:00, 446.53, 453.29, 443.61, 452.21, 5892.48138372
1462320000, 04/05/2016, 00:00:00, 452.21, 453.23, 446.76, 448.68, 4883.54001476
1462406400, 05/05/2016, 00:00:00, 448.59, 451.56, 447.0, 449.98, 5336.21991152
1462492800, 06/05/2016, 00:00:00, 449.99, 463.73, 448.84, 462.31, 6193.77720515
1462579200, 07/05/2016, 00:00:00, 462.31, 464.0, 459.55, 461.91, 3463.8802064
1462665600, 08/05/2016, 00:00:00, 461.91, 465.0, 457.5, 462.79, 3275.57794242
1462752000, 09/05/2016, 00:00:00, 462.6, 465.9, 459.41, 464.16, 5882.94056987
1462838400, 10/05/2016, 00:00:00, 464.15, 465.0, 448.2, 452.78, 6814.25705519
1462924800, 11/05/2016, 00:00:00, 452.77, 458.65, 452.5, 454.37, 5746.40549365
1463011200, 12/05/2016, 00:00:00, 454.56, 456.57, 449.27, 456.48, 6119.04462476
1463097600, 13/05/2016, 00:00:00, 456.48, 458.03, 453.84, 457.98, 5404.20702972
1463184000, 14/05/2016, 00:00:00, 457.97, 459.83, 456.0, 458.9, 3295.1997074
1463270400, 15/05/2016, 00:00:00, 458.9, 463.62, 458.49, 461.47, 3269.98252507
1463356800, 16/05/2016, 00:00:00, 461.48, 461.59, 451.48, 455.66, 6019.17236655
1463443200, 17/05/2016, 00:00:00, 455.64, 457.49, 452.2, 454.19, 6033.90842585
1463529600, 18/05/2016, 00:00:00, 454.19, 457.88, 453.6, 455.56, 5512.42378222
1463616000, 19/05/2016, 00:00:00, 455.56, 456.41, 435.0, 438.38, 8412.58613924
1463702400, 20/05/2016, 00:00:00, 437.91, 445.85, 435.5, 445.65, 7178.735362
1463788800, 21/05/2016, 00:00:00, 445.52, 446.99, 441.88, 446.28, 3945.71821234
1463875200, 22/05/2016, 00:00:00, 446.27, 446.45, 440.89, 442.48, 3779.58274056
1463961600, 23/05/2016, 00:00:00, 442.45, 446.3, 440.79, 445.67, 5659.42935339
1464048000, 24/05/2016, 00:00:00, 445.56, 448.5, 440.5, 446.99, 6536.8124736
1464134400, 25/05/2016, 00:00:00, 446.98, 452.42, 446.86, 451.49, 6167.95576946
1464220800, 26/05/2016, 00:00:00, 451.45, 454.99, 449.0, 454.97, 5843.88197402
1464307200, 27/05/2016, 00:00:00, 454.97, 476.75, 454.35, 471.27, 9888.02648828
1464393600, 28/05/2016, 00:00:00, 471.21, 539.49, 470.13, 523.25, 12107.45659727
1464480000, 29/05/2016, 00:00:00, 523.35, 549.99, 491.01, 525.22, 9957.52724318
1464566400, 30/05/2016, 00:00:00, 525.22, 541.0, 519.0, 532.55, 5960.33332201
1464652800, 31/05/2016, 00:00:00, 532.56, 544.9, 520.01, 531.34, 8491.97268136
1464739200, 01/06/2016, 00:00:00, 531.25, 541.5, 524.39, 534.84, 5736.65283224
1464825600, 02/06/2016, 00:00:00, 534.85, 541.2, 531.86, 537.87, 6329.87872329
1464912000, 03/06/2016, 00:00:00, 538.06, 578.0, 535.96, 571.25, 10203.7254522
1464998400, 04/06/2016, 00:00:00, 571.09, 594.64, 564.29, 576.31, 6932.07537817
1465084800, 05/06/2016, 00:00:00, 576.31, 585.0, 570.22, 575.17, 4984.2494482
1465171200, 06/06/2016, 00:00:00, 575.17, 588.15, 575.0, 586.77, 6791.26453533
1465257600, 07/06/2016, 00:00:00, 586.75, 590.95, 475.0, 579.71, 10079.83684173
1465344000, 08/06/2016, 00:00:00, 579.72, 583.99, 572.96, 583.21, 5661.74917272
1465430400, 09/06/2016, 00:00:00, 583.19, 583.48, 574.0, 577.46, 4979.63044035
1465516800, 10/06/2016, 00:00:00, 577.47, 581.0, 573.5, 580.31, 5659.48661659
1465603200, 11/06/2016, 00:00:00, 580.31, 610.0, 580.31, 609.5, 5542.22525864
1465689600, 12/06/2016, 00:00:00, 609.5, 687.71, 605.0, 677.86, 18004.01737962
1465776000, 13/06/2016, 00:00:00, 677.45, 720.0, 663.55, 706.01, 15497.40307056
1465862400, 14/06/2016, 00:00:00, 706.02, 706.45, 650.02, 684.95, 12443.0955638
1465948800, 15/06/2016, 00:00:00, 684.99, 699.3, 673.0, 698.78, 7913.03547125
1466035200, 16/06/2016, 00:00:00, 698.76, 777.68, 698.76, 769.76, 16806.85873763
1466121600, 17/06/2016, 00:00:00, 769.71, 778.5, 709.01, 752.26, 14007.79895098
1466208000, 18/06/2016, 00:00:00, 752.0, 785.15, 734.8, 758.99, 9594.92358376
1466294400, 19/06/2016, 00:00:00, 759.0, 771.92, 744.77, 768.76, 5442.63878549
1466380800, 20/06/2016, 00:00:00, 768.94, 768.94, 701.01, 703.12, 9837.24384715
1466467200, 21/06/2016, 00:00:00, 706.47, 718.26, 628.6, 667.66, 26110.68887273
1466553600, 22/06/2016, 00:00:00, 667.88, 679.99, 568.11, 604.5, 15592.43638084
1466640000, 23/06/2016, 00:00:00, 606.13, 637.89, 544.13, 631.1, 20474.00358887
1466726400, 24/06/2016, 00:00:00, 631.1, 700.0, 631.01, 669.98, 19078.84530672
1466812800, 25/06/2016, 00:00:00, 669.98, 699.0, 650.0, 673.71, 7691.56323655
1466899200, 26/06/2016, 00:00:00, 673.71, 675.19, 625.01, 638.56, 5678.38601546
1466985600, 27/06/2016, 00:00:00, 638.56, 659.98, 630.0, 657.87, 6624.33980245
1467072000, 28/06/2016, 00:00:00, 657.86, 663.53, 638.0, 648.43, 5696.74677715
1467158400, 29/06/2016, 00:00:00, 648.43, 648.43, 630.02, 639.42, 6485.12685807
1467244800, 30/06/2016, 00:00:00, 639.41, 675.0, 635.14, 673.49, 7764.24646799
1467331200, 01/07/2016, 00:00:00, 673.5, 688.99, 667.0, 678.19, 6839.68854227
1467417600, 02/07/2016, 00:00:00, 678.09, 705.21, 676.92, 704.95, 4977.98046916
1467504000, 03/07/2016, 00:00:00, 705.25, 705.25, 651.0, 663.55, 6495.70846259
1467590400, 04/07/2016, 00:00:00, 664.09, 683.69, 653.16, 681.98, 4327.4107689
1467676800, 05/07/2016, 00:00:00, 681.98, 682.37, 662.51, 669.87, 5043.81182652
1467763200, 06/07/2016, 00:00:00, 669.75, 680.79, 665.0, 678.79, 5668.23807828
1467849600, 07/07/2016, 00:00:00, 678.79, 683.44, 611.94, 641.97, 12281.48061343
1467936000, 08/07/2016, 00:00:00, 641.97, 667.33, 638.04, 667.33, 11055.36574175
1468022400, 09/07/2016, 00:00:00, 667.07, 667.3, 608.0, 657.61, 9607.6959149
1468108800, 10/07/2016, 00:00:00, 657.6, 657.61, 641.0, 652.44, 3705.89414753
1468195200, 11/07/2016, 00:00:00, 652.43, 664.27, 648.11, 650.97, 4815.437046
1468281600, 12/07/2016, 00:00:00, 651.25, 675.5, 648.6, 666.56, 10666.08971384
1468368000, 13/07/2016, 00:00:00, 666.25, 671.45, 654.86, 655.34, 21882.00922995
1468454400, 14/07/2016, 00:00:00, 655.3, 663.99, 640.0, 661.65, 4649.64369535
1468540800, 15/07/2016, 00:00:00, 661.4, 669.98, 660.68, 667.48, 4725.74361249
1468627200, 16/07/2016, 00:00:00, 667.48, 669.99, 662.01, 666.32, 2908.02982543
1468713600, 17/07/2016, 00:00:00, 666.3, 680.99, 665.95, 680.0, 3944.42402405
1468800000, 18/07/2016, 00:00:00, 680.0, 684.94, 670.0, 675.5, 4547.72178477
1468886400, 19/07/2016, 00:00:00, 675.51, 676.87, 666.17, 673.98, 3799.77117828
1468972800, 20/07/2016, 00:00:00, 673.98, 674.99, 664.6, 666.92, 3603.86279956
1469059200, 21/07/2016, 00:00:00, 667.15, 668.4, 661.19, 667.28, 3967.87180841
1469145600, 22/07/2016, 00:00:00, 667.27, 669.94, 647.59, 654.67, 7371.96466565
1469232000, 23/07/2016, 00:00:00, 654.7, 662.35, 653.92, 657.5, 4379.51140552
1469318400, 24/07/2016, 00:00:00, 657.68, 666.37, 655.01, 661.0, 3423.08122968
1469404800, 25/07/2016, 00:00:00, 660.92, 664.13, 653.77, 657.79, 4101.53773839
1469491200, 26/07/2016, 00:00:00, 657.99, 658.99, 645.0, 654.06, 6470.74022151
1469577600, 27/07/2016, 00:00:00, 654.06, 658.99, 646.56, 657.35, 5175.14137436
1469664000, 28/07/2016, 00:00:00, 657.0, 659.97, 654.1, 657.4, 3832.98840948
1469750400, 29/07/2016, 00:00:00, 657.4, 659.0, 651.0, 657.0, 4246.21269481
1469836800, 30/07/2016, 00:00:00, 657.18, 658.98, 652.95, 655.87, 2980.08541508
1469923200, 31/07/2016, 00:00:00, 655.95, 657.0, 621.37, 626.97, 6299.64138309
1470009600, 01/08/2016, 00:00:00, 626.97, 629.34, 599.0, 605.2, 7981.71787362
1470096000, 02/08/2016, 00:00:00, 604.87, 613.38, 483.0, 537.47, 14839.34615984
1470182400, 03/08/2016, 00:00:00, 538.8, 576.0, 519.3, 573.36, 20292.859717
1470268800, 04/08/2016, 00:00:00, 573.35, 599.95, 562.11, 587.5, 9514.32837515
1470355200, 05/08/2016, 00:00:00, 587.5, 592.87, 570.39, 583.0, 5478.38879554
1470441600, 06/08/2016, 00:00:00, 583.0, 591.72, 574.5, 591.71, 3907.87281274
1470528000, 07/08/2016, 00:00:00, 591.7, 598.65, 587.2, 595.14, 3288.65737176
1470614400, 08/08/2016, 00:00:00, 595.14, 595.99, 590.0, 591.48, 3852.03062424
1470700800, 09/08/2016, 00:00:00, 591.58, 594.04, 585.38, 586.45, 4817.62624738
1470787200, 10/08/2016, 00:00:00, 586.75, 601.09, 583.29, 594.94, 9439.72597721
1470873600, 11/08/2016, 00:00:00, 594.94, 599.99, 585.6, 587.91, 5062.58283783
1470960000, 12/08/2016, 00:00:00, 587.9, 590.09, 583.62, 587.74, 3870.89068755
1471046400, 13/08/2016, 00:00:00, 587.68, 589.5, 586.0, 586.45, 2839.70446781
1471132800, 14/08/2016, 00:00:00, 586.45, 586.49, 565.19, 574.99, 4154.4769823
1471219200, 15/08/2016, 00:00:00, 574.97, 574.97, 561.56, 567.79, 4403.16173516
1471305600, 16/08/2016, 00:00:00, 567.85, 581.99, 566.09, 579.02, 4692.46182455
1471392000, 17/08/2016, 00:00:00, 579.02, 581.99, 569.67, 574.45, 4509.7743737
1471478400, 18/08/2016, 00:00:00, 574.45, 576.99, 573.0, 574.09, 3964.9989895
1471564800, 19/08/2016, 00:00:00, 574.05, 576.99, 572.68, 573.67, 4038.30300064
1471651200, 20/08/2016, 00:00:00, 573.68, 583.92, 572.38, 581.87, 3581.22425349
1471737600, 21/08/2016, 00:00:00, 581.72, 583.99, 579.34, 581.29, 2442.63374814
1471824000, 22/08/2016, 00:00:00, 581.34, 586.99, 579.22, 585.2, 4493.44110907
1471910400, 23/08/2016, 00:00:00, 585.19, 586.77, 577.47, 582.39, 5092.27462505
1471996800, 24/08/2016, 00:00:00, 582.39, 582.68, 575.29, 578.47, 3857.02318764
1472083200, 25/08/2016, 00:00:00, 578.68, 579.0, 573.12, 575.58, 4109.11256132
1472169600, 26/08/2016, 00:00:00, 575.57, 579.86, 574.85, 579.29, 3354.18317104
1472256000, 27/08/2016, 00:00:00, 579.29, 579.45, 568.95, 570.84, 3059.49308936
1472342400, 28/08/2016, 00:00:00, 570.83, 575.41, 569.65, 575.41, 2587.45426087
1472428800, 29/08/2016, 00:00:00, 575.41, 577.73, 571.24, 573.21, 4569.5624841
1472515200, 30/08/2016, 00:00:00, 573.21, 576.83, 572.53, 574.95, 4175.84646427
1472601600, 31/08/2016, 00:00:00, 574.95, 575.15, 569.21, 572.89, 4439.62383694
1472688000, 01/09/2016, 00:00:00, 572.89, 573.31, 568.12, 573.02, 5203.40066602
1472774400, 02/09/2016, 00:00:00, 572.94, 577.97, 570.0, 576.21, 4827.43459895
1472860800, 03/09/2016, 00:00:00, 576.41, 600.99, 574.67, 600.91, 4707.9044818
1472947200, 04/09/2016, 00:00:00, 600.93, 617.13, 597.52, 611.92, 4592.85098189
1473033600, 05/09/2016, 00:00:00, 611.94, 611.99, 601.63, 605.69, 3010.75003224
1473120000, 06/09/2016, 00:00:00, 605.93, 612.99, 605.47, 612.99, 4169.69788463
1473206400, 07/09/2016, 00:00:00, 612.99, 618.53, 609.21, 615.21, 4680.9577166
1473292800, 08/09/2016, 00:00:00, 615.22, 631.3, 613.43, 627.97, 5225.03677269
1473379200, 09/09/2016, 00:00:00, 627.97, 628.69, 618.25, 622.07, 4502.86557587
1473465600, 10/09/2016, 00:00:00, 622.07, 626.54, 620.59, 623.74, 2819.13150751
1473552000, 11/09/2016, 00:00:00, 623.58, 630.11, 591.8, 607.94, 4289.6247761
1473638400, 12/09/2016, 00:00:00, 607.94, 609.45, 603.0, 606.74, 3986.16471563
1473724800, 13/09/2016, 00:00:00, 606.86, 609.99, 605.16, 608.63, 3888.07052292
1473811200, 14/09/2016, 00:00:00, 608.39, 611.99, 608.0, 608.43, 3744.74317438
1473897600, 15/09/2016, 00:00:00, 608.47, 609.49, 603.33, 605.44, 3965.6919502
1473984000, 16/09/2016, 00:00:00, 605.43, 608.1, 603.15, 607.93, 4171.00563277
1474070400, 17/09/2016, 00:00:00, 607.95, 608.99, 604.0, 607.92, 2942.64908837
1474156800, 18/09/2016, 00:00:00, 607.92, 611.93, 607.22, 611.4, 3091.45513304
1474243200, 19/09/2016, 00:00:00, 611.4, 612.46, 607.4, 608.6, 3096.46853792
1474329600, 20/09/2016, 00:00:00, 608.6, 609.92, 605.6, 605.6, 4601.69967614
1474416000, 21/09/2016, 00:00:00, 605.6, 605.6, 592.63, 597.0, 4885.89704059
1474502400, 22/09/2016, 00:00:00, 597.0, 598.54, 594.78, 596.21, 3998.40601014
1474588800, 23/09/2016, 00:00:00, 595.99, 603.3, 595.14, 602.96, 3759.0236907
1474675200, 24/09/2016, 00:00:00, 602.96, 605.94, 601.08, 603.68, 2646.49759755
1474761600, 25/09/2016, 00:00:00, 603.69, 605.99, 599.42, 601.67, 2577.17870414
1474848000, 26/09/2016, 00:00:00, 601.67, 607.99, 600.02, 607.08, 4292.32724007
1474934400, 27/09/2016, 00:00:00, 607.04, 607.54, 601.38, 605.71, 4345.51888885
1475020800, 28/09/2016, 00:00:00, 605.71, 606.0, 603.18, 605.04, 3710.0120722
1475107200, 29/09/2016, 00:00:00, 604.96, 606.89, 603.56, 605.99, 4106.83205706
1475193600, 30/09/2016, 00:00:00, 605.99, 608.99, 605.0, 608.99, 4626.81936993
1475280000, 01/10/2016, 00:00:00, 608.99, 617.19, 608.98, 615.65, 3480.01593911
1475366400, 02/10/2016, 00:00:00, 615.65, 615.9, 608.66, 612.4, 2911.8918914
1475452800, 03/10/2016, 00:00:00, 612.42, 615.24, 610.7, 612.99, 4436.78281505
1475539200, 04/10/2016, 00:00:00, 612.99, 613.23, 606.93, 610.34, 5060.86312789
1475625600, 05/10/2016, 00:00:00, 610.33, 614.24, 609.22, 613.16, 4454.40369502
1475712000, 06/10/2016, 00:00:00, 613.16, 613.39, 610.3, 611.88, 3920.07531583
1475798400, 07/10/2016, 00:00:00, 611.78, 618.7, 609.89, 617.98, 5119.98889954
1475884800, 08/10/2016, 00:00:00, 618.11, 620.0, 617.55, 619.5, 2793.95535361
1475971200, 09/10/2016, 00:00:00, 619.46, 619.59, 617.0, 617.42, 2329.86207734
1476057600, 10/10/2016, 00:00:00, 617.43, 619.2, 615.46, 618.72, 3896.59582637
1476144000, 11/10/2016, 00:00:00, 618.72, 647.03, 618.13, 642.12, 6316.50262935
1476230400, 12/10/2016, 00:00:00, 642.3, 643.58, 631.91, 635.79, 4334.7387028
1476316800, 13/10/2016, 00:00:00, 635.9, 639.85, 632.0, 635.66, 3845.21461185
1476403200, 14/10/2016, 00:00:00, 635.8, 639.99, 624.08, 638.03, 4365.86702469
1476489600, 15/10/2016, 00:00:00, 638.03, 639.99, 636.0, 638.16, 683.79807092
1476576000, 16/10/2016, 00:00:00, 638.16, 643.91, 637.87, 641.92, 2547.64969894
1476662400, 17/10/2016, 00:00:00, 642.1, 643.47, 636.27, 639.56, 3950.24167083
1476748800, 18/10/2016, 00:00:00, 639.56, 640.0, 632.15, 635.11, 4126.80597819
1476835200, 19/10/2016, 00:00:00, 635.12, 636.99, 625.6, 629.79, 4465.14828834
1476921600, 20/10/2016, 00:00:00, 629.79, 629.99, 626.01, 628.05, 4170.46626703
1477008000, 21/10/2016, 00:00:00, 628.19, 633.41, 627.5, 630.83, 4162.76985048
1477094400, 22/10/2016, 00:00:00, 630.67, 658.0, 629.32, 652.75, 4586.7845212
1477180800, 23/10/2016, 00:00:00, 653.03, 655.8, 645.33, 651.04, 3075.73956709
1477267200, 24/10/2016, 00:00:00, 651.05, 652.93, 645.81, 649.98, 3670.49141848
1477353600, 25/10/2016, 00:00:00, 649.98, 657.5, 648.99, 654.3, 4814.88839172
1477440000, 26/10/2016, 00:00:00, 654.3, 678.0, 652.51, 674.0, 5843.50141279
1477526400, 27/10/2016, 00:00:00, 674.0, 692.41, 673.54, 691.21, 6771.85374768
1477612800, 28/10/2016, 00:00:00, 691.01, 691.19, 683.2, 689.95, 4409.98654001
1477699200, 29/10/2016, 00:00:00, 689.95, 725.64, 689.39, 714.28, 6583.49896892
1477785600, 30/10/2016, 00:00:00, 714.28, 714.98, 692.04, 697.41, 3799.52235609
1477872000, 31/10/2016, 00:00:00, 697.39, 709.68, 681.01, 696.9, 4474.8670547
1477958400, 01/11/2016, 00:00:00, 697.07, 737.5, 695.74, 730.7, 6909.18196562
1478044800, 02/11/2016, 00:00:00, 730.7, 744.6, 720.0, 744.6, 5096.8408538
1478131200, 03/11/2016, 00:00:00, 744.61, 746.16, 672.06, 690.0, 10331.34963833
1478217600, 04/11/2016, 00:00:00, 690.0, 708.33, 683.8, 706.32, 5229.21994603
1478304000, 05/11/2016, 00:00:00, 706.05, 707.99, 697.72, 706.99, 2999.21458017
1478390400, 06/11/2016, 00:00:00, 706.98, 719.83, 705.86, 717.02, 3013.17627869
1478476800, 07/11/2016, 00:00:00, 717.04, 717.32, 701.35, 706.42, 4168.78736342
1478563200, 08/11/2016, 00:00:00, 706.41, 716.45, 704.16, 711.15, 4361.51958288
1478649600, 09/11/2016, 00:00:00, 711.3, 747.26, 710.05, 720.97, 12022.23320968
1478736000, 10/11/2016, 00:00:00, 721.0, 723.61, 705.84, 712.91, 4441.88391256
1478822400, 11/11/2016, 00:00:00, 713.0, 718.99, 712.5, 716.9, 3363.91577496
1478908800, 12/11/2016, 00:00:00, 716.56, 716.99, 702.42, 704.53, 3130.22057213
1478995200, 13/11/2016, 00:00:00, 704.63, 705.94, 685.7, 704.01, 4207.77586806
1479081600, 14/11/2016, 00:00:00, 704.01, 708.57, 695.07, 708.32, 4818.75334881
1479168000, 15/11/2016, 00:00:00, 708.4, 716.3, 671.23, 712.29, 4793.81248351
1479254400, 16/11/2016, 00:00:00, 711.92, 743.8, 710.0, 739.85, 6194.50292689
1479340800, 17/11/2016, 00:00:00, 738.07, 750.01, 729.01, 730.71, 4171.50353425
1479427200, 18/11/2016, 00:00:00, 729.61, 751.0, 728.89, 748.54, 4633.63714554
1479513600, 19/11/2016, 00:00:00, 748.55, 752.3, 738.0, 750.77, 2953.71110824
1479600000, 20/11/2016, 00:00:00, 750.77, 753.81, 715.0, 731.99, 4322.12503603
1479686400, 21/11/2016, 00:00:00, 731.72, 738.47, 730.0, 736.4, 2984.94365792
1479772800, 22/11/2016, 00:00:00, 736.39, 748.77, 726.38, 746.66, 4276.8415765
1479859200, 23/11/2016, 00:00:00, 746.66, 747.12, 734.0, 741.52, 3626.95652139
1479945600, 24/11/2016, 00:00:00, 741.51, 743.99, 727.0, 737.99, 3472.6009038
1480032000, 25/11/2016, 00:00:00, 737.99, 739.99, 729.0, 739.74, 3157.80610663
1480118400, 26/11/2016, 00:00:00, 739.51, 739.98, 726.0, 735.7, 2706.77529551
1480204800, 27/11/2016, 00:00:00, 735.69, 737.95, 728.01, 729.24, 2682.66166264
1480291200, 28/11/2016, 00:00:00, 729.24, 736.44, 729.0, 729.77, 3864.89359081
1480377600, 29/11/2016, 00:00:00, 730.18, 734.36, 728.2, 732.37, 3807.46258906
1480464000, 30/11/2016, 00:00:00, 732.44, 745.0, 729.17, 742.69, 3949.90287585
1480550400, 01/12/2016, 00:00:00, 742.51, 754.9, 741.59, 754.0, 4190.18991165
1480636800, 02/12/2016, 00:00:00, 754.0, 780.0, 753.53, 769.25, 6041.03445262
1480723200, 03/12/2016, 00:00:00, 769.78, 771.92, 759.0, 766.98, 3180.08205342
1480809600, 04/12/2016, 00:00:00, 766.86, 769.76, 762.83, 767.99, 2759.91257043
1480896000, 05/12/2016, 00:00:00, 767.94, 767.99, 748.6, 752.0, 4823.73102661
1480982400, 06/12/2016, 00:00:00, 752.01, 761.58, 752.0, 759.8, 4499.07355133
1481068800, 07/12/2016, 00:00:00, 759.93, 768.9, 750.26, 764.34, 4572.32014076
1481155200, 08/12/2016, 00:00:00, 764.34, 772.82, 761.71, 767.89, 4839.32827769
1481241600, 09/12/2016, 00:00:00, 767.9, 773.22, 765.97, 773.22, 3932.49789277
1481328000, 10/12/2016, 00:00:00, 773.15, 776.99, 770.0, 775.87, 3365.89926147
1481414400, 11/12/2016, 00:00:00, 776.05, 776.08, 765.0, 771.05, 3105.09201254
1481500800, 12/12/2016, 00:00:00, 771.05, 782.0, 770.88, 778.94, 4390.03689871
1481587200, 13/12/2016, 00:00:00, 779.26, 790.34, 772.76, 776.18, 5414.74074479
1481673600, 14/12/2016, 00:00:00, 776.65, 781.8, 773.2, 777.66, 4486.58460305
1481760000, 15/12/2016, 00:00:00, 777.66, 780.0, 775.0, 776.16, 5927.48786136
1481846400, 16/12/2016, 00:00:00, 776.16, 785.0, 774.8, 780.98, 5719.66238907
1481932800, 17/12/2016, 00:00:00, 780.85, 791.97, 779.5, 788.57, 4364.33037091
1482019200, 18/12/2016, 00:00:00, 788.98, 791.96, 787.19, 790.72, 2847.04584842
1482105600, 19/12/2016, 00:00:00, 790.71, 794.99, 789.0, 790.81, 5496.38381127
1482192000, 20/12/2016, 00:00:00, 791.0, 799.21, 788.58, 798.99, 5925.20060127
1482278400, 21/12/2016, 00:00:00, 798.98, 834.5, 798.88, 834.5, 8442.94664959
1482364800, 22/12/2016, 00:00:00, 834.15, 875.75, 832.38, 856.02, 8778.21064087
1482451200, 23/12/2016, 00:00:00, 856.45, 918.5, 855.45, 917.26, 12735.18421092
1482537600, 24/12/2016, 00:00:00, 917.28, 918.19, 880.1, 891.5, 6458.02976682
1482624000, 25/12/2016, 00:00:00, 891.59, 897.4, 851.11, 896.12, 5380.14745659
1482710400, 26/12/2016, 00:00:00, 895.94, 908.24, 890.0, 902.09, 3297.92235509
1482796800, 27/12/2016, 00:00:00, 902.08, 943.36, 895.0, 925.2, 6719.94923102
1482883200, 28/12/2016, 00:00:00, 925.28, 983.46, 923.95, 982.17, 9792.34683129
1482969600, 29/12/2016, 00:00:00, 982.25, 988.88, 950.5, 970.72, 8997.85901622
1483056000, 30/12/2016, 00:00:00, 970.51, 970.51, 930.3, 960.81, 7945.76302017
1483142400, 31/12/2016, 00:00:00, 961.52, 973.37, 949.0, 973.37, 3837.28788592
1483228800, 01/01/2017, 00:00:00, 973.37, 1000.0, 964.37, 992.95, 4421.50288283
1483315200, 02/01/2017, 00:00:00, 992.96, 1034.39, 990.52, 1011.45, 7723.63575162
1483401600, 03/01/2017, 00:00:00, 1011.52, 1036.99, 1006.71, 1020.67, 8615.26005814
1483488000, 04/01/2017, 00:00:00, 1020.69, 1147.0, 1018.0, 1130.3, 16222.23026666
1483574400, 05/01/2017, 00:00:00, 1131.1, 1175.0, 880.0, 1007.0, 20446.40561546
1483660800, 06/01/2017, 00:00:00, 1007.0, 1033.85, 875.01, 895.71, 14274.25920626
1483747200, 07/01/2017, 00:00:00, 895.78, 910.0, 802.07, 909.0, 11217.17862761
1483833600, 08/01/2017, 00:00:00, 908.99, 953.8, 899.16, 923.33, 5410.00349909
1483920000, 09/01/2017, 00:00:00, 922.04, 923.58, 886.42, 902.66, 5909.57812167
1484006400, 10/01/2017, 00:00:00, 902.66, 915.1, 899.01, 907.0, 7226.04044665
1484092800, 11/01/2017, 00:00:00, 906.81, 923.98, 765.0, 795.77, 19443.63528428
1484179200, 12/01/2017, 00:00:00, 795.8, 840.0, 734.64, 812.25, 13200.46287512
1484265600, 13/01/2017, 00:00:00, 812.25, 835.01, 782.85, 831.42, 10492.67371002
1484352000, 14/01/2017, 00:00:00, 831.42, 847.52, 822.34, 828.0, 4774.33377561
1484438400, 15/01/2017, 00:00:00, 828.0, 835.0, 819.0, 833.31, 2941.91504862
1484524800, 16/01/2017, 00:00:00, 833.43, 840.0, 826.03, 834.41, 3428.89193045
1484611200, 17/01/2017, 00:00:00, 834.4, 909.0, 830.1, 906.0, 7253.4885706
1484697600, 18/01/2017, 00:00:00, 906.09, 916.7, 850.0, 887.99, 6937.98652365
1484784000, 19/01/2017, 00:00:00, 887.98, 907.0, 883.08, 902.92, 5070.18463001
1484870400, 20/01/2017, 00:00:00, 902.92, 904.59, 890.0, 894.31, 3110.58974194
1484956800, 21/01/2017, 00:00:00, 894.31, 930.0, 891.28, 925.06, 4666.66088887
1485043200, 22/01/2017, 00:00:00, 925.06, 946.25, 902.0, 931.22, 5044.15354801
1485129600, 23/01/2017, 00:00:00, 929.45, 931.33, 910.63, 910.7, 4142.93227389
1485216000, 24/01/2017, 00:00:00, 911.78, 923.0, 880.0, 887.0, 6401.73515269
1485302400, 25/01/2017, 00:00:00, 887.0, 903.98, 886.99, 896.0, 4535.10457614
1485388800, 26/01/2017, 00:00:00, 896.75, 921.95, 896.0, 917.02, 4718.08253344
1485475200, 27/01/2017, 00:00:00, 917.02, 924.47, 911.0, 922.63, 3719.06548579
1485561600, 28/01/2017, 00:00:00, 922.89, 925.5, 921.81, 924.98, 2634.53799739
1485648000, 29/01/2017, 00:00:00, 924.69, 927.47, 915.0, 916.54, 2592.34365375
1485734400, 30/01/2017, 00:00:00, 916.56, 923.95, 914.69, 923.23, 3622.27666203
1485820800, 31/01/2017, 00:00:00, 923.26, 972.3, 922.94, 970.01, 6733.34318664
1485907200, 01/02/2017, 00:00:00, 970.01, 992.75, 963.84, 992.75, 5993.62596645
1485993600, 02/02/2017, 00:00:00, 992.75, 1010.0, 978.74, 1008.38, 5728.21238077
1486080000, 03/02/2017, 00:00:00, 1008.4, 1024.5, 994.34, 1018.0, 6776.26971846
1486166400, 04/02/2017, 00:00:00, 1018.48, 1044.12, 1001.8, 1035.54, 4793.80522616
1486252800, 05/02/2017, 00:00:00, 1035.54, 1036.3, 1003.02, 1016.32, 4621.39169086
1486339200, 06/02/2017, 00:00:00, 1016.32, 1027.7, 1014.64, 1022.58, 4367.25829503
1486425600, 07/02/2017, 00:00:00, 1022.65, 1058.26, 1021.75, 1053.96, 5492.40880901
1486512000, 08/02/2017, 00:00:00, 1053.95, 1069.95, 1016.49, 1056.7, 6979.97233106
1486598400, 09/02/2017, 00:00:00, 1057.22, 1079.0, 925.0, 994.24, 16569.65090403
1486684800, 10/02/2017, 00:00:00, 993.58, 1008.0, 961.0, 1001.99, 7943.72633682
1486771200, 11/02/2017, 00:00:00, 1001.88, 1023.89, 995.49, 1018.65, 4321.97059564
1486857600, 12/02/2017, 00:00:00, 1018.63, 1018.88, 1008.0, 1010.0, 1315.7295579
1486944000, 13/02/2017, 00:00:00, 1009.99, 1021.5, 985.68, 1002.82, 4721.75058283
1487030400, 14/02/2017, 00:00:00, 1002.88, 1018.97, 992.27, 1013.92, 5910.49032795
1487116800, 15/02/2017, 00:00:00, 1013.92, 1016.0, 1007.66, 1014.53, 4494.35016842
1487203200, 16/02/2017, 00:00:00, 1014.58, 1041.88, 1013.02, 1038.94, 5996.29323251
1487289600, 17/02/2017, 00:00:00, 1038.95, 1064.6, 1036.29, 1057.3, 6334.69845378
1487376000, 18/02/2017, 00:00:00, 1057.29, 1073.8, 1055.6, 1062.15, 3934.74788542
1487462400, 19/02/2017, 00:00:00, 1062.14, 1067.78, 1051.26, 1059.88, 3025.41424506
1487548800, 20/02/2017, 00:00:00, 1059.88, 1095.0, 1051.36, 1089.82, 4434.4419852
1487635200, 21/02/2017, 00:00:00, 1089.98, 1132.95, 1081.95, 1128.29, 7487.52401771
1487721600, 22/02/2017, 00:00:00, 1129.67, 1140.0, 1104.9, 1128.71, 6035.82346759
1487808000, 23/02/2017, 00:00:00, 1129.87, 1197.0, 1128.22, 1186.9, 7574.4599592
1487894400, 24/02/2017, 00:00:00, 1185.81, 1221.93, 1103.32, 1186.91, 12746.94744846
1487980800, 25/02/2017, 00:00:00, 1186.91, 1189.49, 1110.0, 1158.0, 6033.90242829
1488067200, 26/02/2017, 00:00:00, 1157.98, 1187.33, 1130.88, 1184.91, 4454.44399496
1488153600, 27/02/2017, 00:00:00, 1184.91, 1198.99, 1176.0, 1195.81, 5776.45621667
1488240000, 28/02/2017, 00:00:00, 1195.84, 1214.94, 1179.64, 1195.08, 6720.38236942
1488326400, 01/03/2017, 00:00:00, 1194.53, 1230.0, 1085.71, 1230.0, 8122.93568298
1488412800, 02/03/2017, 00:00:00, 1230.0, 1298.61, 1220.0, 1269.17, 8940.28335112
1488499200, 03/03/2017, 00:00:00, 1269.17, 1294.99, 1255.61, 1292.86, 8290.63821009
1488585600, 04/03/2017, 00:00:00, 1293.06, 1294.48, 1226.41, 1273.97, 6385.03090633
1488672000, 05/03/2017, 00:00:00, 1273.94, 1278.99, 1247.11, 1278.98, 3996.81717973
1488758400, 06/03/2017, 00:00:00, 1278.63, 1288.0, 1268.78, 1284.99, 4763.57331155
1488844800, 07/03/2017, 00:00:00, 1284.99, 1288.0, 1050.0, 1237.36, 10811.13480336
1488931200, 08/03/2017, 00:00:00, 1237.36, 1246.0, 1128.0, 1150.22, 13024.97292998
1489017600, 09/03/2017, 00:00:00, 1150.22, 1214.95, 1131.11, 1197.3, 8524.46513332
1489104000, 10/03/2017, 00:00:00, 1197.3, 1360.0, 956.85, 1109.01, 25699.70747898
1489190400, 11/03/2017, 00:00:00, 1111.92, 1219.0, 1107.0, 1188.11, 10281.23814954
1489276800, 12/03/2017, 00:00:00, 1188.11, 1244.0, 1150.0, 1235.58, 6729.15133551
1489363200, 13/03/2017, 00:00:00, 1235.27, 1249.0, 1206.0, 1245.49, 9584.41601345
1489449600, 14/03/2017, 00:00:00, 1245.5, 1262.0, 1213.55, 1247.42, 7464.25969536
1489536000, 15/03/2017, 00:00:00, 1247.43, 1264.55, 1240.0, 1263.0, 7273.3089643
1489622400, 16/03/2017, 00:00:00, 1263.55, 1277.27, 1117.77, 1175.11, 16599.28971021
1489708800, 17/03/2017, 00:00:00, 1175.11, 1175.11, 1065.74, 1069.57, 19222.89558418
1489795200, 18/03/2017, 00:00:00, 1068.78, 1096.0, 919.44, 970.0, 23968.77126486
1489881600, 19/03/2017, 00:00:00, 970.0, 1062.92, 961.59, 1019.49, 13518.38951375
1489968000, 20/03/2017, 00:00:00, 1019.1, 1051.97, 1011.0, 1044.96, 8919.41542151
1490054400, 21/03/2017, 00:00:00, 1046.75, 1120.0, 1042.68, 1114.42, 12493.158303386517
1490140800, 22/03/2017, 00:00:00, 1114.42, 1114.96, 985.17, 1034.57, 14577.910023502238
1490227200, 23/03/2017, 00:00:00, 1038.94, 1057.41, 1013.0, 1025.14, 7782.58744987
1490313600, 24/03/2017, 00:00:00, 1025.13, 1030.3, 920.1, 934.87, 19003.40525575
1490400000, 25/03/2017, 00:00:00, 933.93, 973.99, 890.05, 963.72, 16665.09971431
1490486400, 26/03/2017, 00:00:00, 963.72, 1005.0, 943.9, 973.08, 9504.75859053
1490572800, 27/03/2017, 00:00:00, 973.97, 1045.9, 961.1, 1042.08, 10235.89059265
1490659200, 28/03/2017, 00:00:00, 1042.27, 1069.39, 1016.25, 1045.4, 9055.35196409
1490745600, 29/03/2017, 00:00:00, 1045.54, 1058.16, 1005.77, 1043.27, 8676.30276913
1490832000, 30/03/2017, 00:00:00, 1043.09, 1052.94, 1022.0, 1042.34, 8312.81365608
1490918400, 31/03/2017, 00:00:00, 1042.32, 1094.49, 1038.11, 1088.99, 11274.0990776
1491004800, 01/04/2017, 00:00:00, 1088.99, 1110.95, 1071.45, 1092.0, 6726.97042802
1491091200, 02/04/2017, 00:00:00, 1092.0, 1119.0, 1080.0, 1113.99, 7882.35425504
1491177600, 03/04/2017, 00:00:00, 1113.23, 1168.72, 1112.24, 1152.6, 12694.07860904
1491264000, 04/04/2017, 00:00:00, 1152.09, 1164.14, 1124.98, 1143.99, 8960.55337266
1491350400, 05/04/2017, 00:00:00, 1143.98, 1144.99, 1114.9, 1132.99, 8705.92018413
1491436800, 06/04/2017, 00:00:00, 1132.99, 1206.97, 1132.98, 1192.3, 11233.49672084
1491523200, 07/04/2017, 00:00:00, 1192.29, 1203.0, 1175.26, 1194.0, 6984.36797928
1491609600, 08/04/2017, 00:00:00, 1194.0, 1198.0, 1170.0, 1184.5, 4423.10758142
1491696000, 09/04/2017, 00:00:00, 1184.5, 1221.0, 1175.8, 1210.97, 5819.87128162
1491782400, 10/04/2017, 00:00:00, 1210.99, 1219.78, 1201.0, 1210.0, 5644.96147616
1491868800, 11/04/2017, 00:00:00, 1210.0, 1234.0, 1200.0, 1223.99, 5481.08329834
1491955200, 12/04/2017, 00:00:00, 1224.0, 1227.86, 1209.61, 1214.17, 6494.15156162
1492041600, 13/04/2017, 00:00:00, 1214.68, 1219.49, 1148.98, 1177.05, 9426.5374569
1492128000, 14/04/2017, 00:00:00, 1177.05, 1196.92, 1170.14, 1173.74, 5666.3149436
1492214400, 15/04/2017, 00:00:00, 1173.13, 1190.99, 0.06, 1178.85, 3972.00314582
1492300800, 16/04/2017, 00:00:00, 1178.84, 1189.93, 1171.7, 1177.99, 3084.52503854
1492387200, 17/04/2017, 00:00:00, 1177.63, 1197.6, 1170.85, 1189.91, 6548.06656297
1492473600, 18/04/2017, 00:00:00, 1190.95, 1206.65, 1189.76, 1201.94, 6269.90926487
1492560000, 19/04/2017, 00:00:00, 1201.88, 1215.32, 1191.09, 1214.21, 6273.61537614
1492646400, 20/04/2017, 00:00:00, 1214.22, 1240.6, 1212.01, 1236.15, 7747.22509693
1492732800, 21/04/2017, 00:00:00, 1236.15, 1258.77, 1236.15, 1249.99, 6669.14516894
1492819200, 22/04/2017, 00:00:00, 1249.98, 1253.0, 1221.51, 1247.0, 6147.34768133
1492905600, 23/04/2017, 00:00:00, 1246.79, 1254.0, 1236.2, 1251.98, 5023.52597801
1492992000, 24/04/2017, 00:00:00, 1251.91, 1261.16, 1246.31, 1257.29, 5906.25903817
1493078400, 25/04/2017, 00:00:00, 1256.65, 1287.0, 1256.16, 1281.16, 8117.86793375
1493164800, 26/04/2017, 00:00:00, 1281.18, 1320.0, 1279.5, 1298.44, 9597.58080942
1493251200, 27/04/2017, 00:00:00, 1297.56, 1360.0, 1295.39, 1349.26, 10484.92361594
1493337600, 28/04/2017, 00:00:00, 1349.77, 1381.01, 1300.2, 1353.34, 14008.47741677
1493424000, 29/04/2017, 00:00:00, 1352.96, 1369.5, 1335.64, 1365.43, 9669.26577868
1493510400, 30/04/2017, 00:00:00, 1364.98, 1394.51, 1334.02, 1384.55, 10543.183517
1493596800, 01/05/2017, 00:00:00, 1384.55, 1466.69, 1370.98, 1436.5, 16992.30099696
1493683200, 02/05/2017, 00:00:00, 1436.5, 1492.93, 1426.51, 1471.99, 12031.58419061
1493769600, 03/05/2017, 00:00:00, 1471.79, 1533.0, 1453.68, 1533.0, 16319.00509692
1493856000, 04/05/2017, 00:00:00, 1533.0, 1665.0, 1482.06, 1563.39, 26721.20592273
1493942400, 05/05/2017, 00:00:00, 1561.47, 1630.0, 1535.11, 1551.3, 16888.18805884
1494028800, 06/05/2017, 00:00:00, 1551.3, 1598.89, 1551.3, 1585.39, 9367.70501254
1494115200, 07/05/2017, 00:00:00, 1585.49, 1618.31, 1563.87, 1609.57, 11737.5699792
1494201600, 08/05/2017, 00:00:00, 1611.1, 1713.0, 1608.0, 1713.0, 15894.92006435
1494288000, 09/05/2017, 00:00:00, 1712.99, 1794.7, 1630.0, 1720.43, 19878.9688314
1494374400, 10/05/2017, 00:00:00, 1720.24, 1799.99, 1691.3, 1794.99, 13458.24717656
1494460800, 11/05/2017, 00:00:00, 1794.95, 1889.0, 1770.95, 1837.93, 15726.10460336
1494547200, 12/05/2017, 00:00:00, 1837.98, 1838.0, 1651.01, 1695.61, 16527.80375242
1494633600, 13/05/2017, 00:00:00, 1695.56, 1792.96, 1610.0, 1792.73, 12379.99373457
1494720000, 14/05/2017, 00:00:00, 1791.7, 1829.0, 1763.33, 1799.99, 6806.48511914
1494806400, 15/05/2017, 00:00:00, 1799.98, 1802.99, 1702.42, 1747.81, 10191.85424893
1494892800, 16/05/2017, 00:00:00, 1747.81, 1777.76, 1690.14, 1777.48, 11414.50874225
1494979200, 17/05/2017, 00:00:00, 1777.49, 1840.0, 1745.05, 1813.23, 13813.22143771
1495065600, 18/05/2017, 00:00:00, 1813.23, 1900.0, 1800.0, 1899.16, 11391.00937384
1495152000, 19/05/2017, 00:00:00, 1899.47, 1980.0, 1890.73, 1976.23, 18971.77074076
1495238400, 20/05/2017, 00:00:00, 1976.22, 2059.0, 1970.04, 2058.91, 13176.28271359
1495324800, 21/05/2017, 00:00:00, 2058.89, 2102.68, 1988.6, 2057.0, 17762.48439112
1495411200, 22/05/2017, 00:00:00, 2056.99, 2298.0, 1975.0, 2123.29, 29431.53634619
1495497600, 23/05/2017, 00:00:00, 2123.29, 2283.0, 2100.86, 2272.75, 17640.94851589
1495584000, 24/05/2017, 00:00:00, 2272.74, 2474.69, 2266.51, 2432.97, 24659.73425375
1495670400, 25/05/2017, 00:00:00, 2432.96, 2806.0, 2226.86, 2355.0, 37194.83761353
1495756800, 26/05/2017, 00:00:00, 2362.17, 2683.18, 2052.01, 2272.7, 31755.902624
1495843200, 27/05/2017, 00:00:00, 2276.46, 2353.35, 1913.19, 2099.99, 32466.17123427
1495929600, 28/05/2017, 00:00:00, 2099.99, 2342.99, 2099.86, 2232.78, 18342.68197108
1496016000, 29/05/2017, 00:00:00, 2237.0, 2357.86, 2141.12, 2279.48, 16926.34457276
1496102400, 30/05/2017, 00:00:00, 2279.18, 2336.88, 2112.31, 2191.58, 20915.9999948
1496188800, 31/05/2017, 00:00:00, 2191.6, 2338.91, 2173.8, 2303.29, 21726.930856
1496275200, 01/06/2017, 00:00:00, 2303.61, 2488.0, 2302.0, 2419.99, 21390.33504326
1496361600, 02/06/2017, 00:00:00, 2419.98, 2478.99, 2379.44, 2478.99, 12890.65884371
1496448000, 03/06/2017, 00:00:00, 2478.99, 2599.0, 2448.0, 2548.05, 13441.88879769
1496534400, 04/06/2017, 00:00:00, 2548.3, 2556.1, 2469.98, 2521.36, 13820.79309963
1496620800, 05/06/2017, 00:00:00, 2521.43, 2698.0, 2517.02, 2698.0, 13599.76890434
1496707200, 06/06/2017, 00:00:00, 2698.0, 2938.55, 2674.69, 2871.29, 28609.64698371
1496793600, 07/06/2017, 00:00:00, 2871.29, 2885.0, 2598.7, 2685.64, 19476.18369094
1496880000, 08/06/2017, 00:00:00, 2690.02, 2808.78, 2611.41, 2799.73, 13453.68915971
1496966400, 09/06/2017, 00:00:00, 2799.76, 2861.58, 2786.2, 2811.39, 11440.33561555
1497052800, 10/06/2017, 00:00:00, 2811.37, 2942.04, 2801.25, 2931.15, 18734.85190549
1497139200, 11/06/2017, 00:00:00, 2931.16, 2998.99, 2881.0, 2998.98, 16295.4930364
1497225600, 12/06/2017, 00:00:00, 2998.98, 2999.99, 2463.89, 2655.71, 38941.18214331
1497312000, 13/06/2017, 00:00:00, 2654.36, 2798.99, 2649.47, 2709.01, 19716.97419151
1497398400, 14/06/2017, 00:00:00, 2709.02, 2827.0, 2330.0, 2432.21, 28257.13485767
1497484800, 15/06/2017, 00:00:00, 2432.21, 2525.0, 2050.0, 2409.98, 42025.04188091
1497571200, 16/06/2017, 00:00:00, 2409.98, 2524.65, 2287.84, 2480.43, 21891.95771822
1497657600, 17/06/2017, 00:00:00, 2480.44, 2679.24, 2413.96, 2634.94, 17601.3141096
1497744000, 18/06/2017, 00:00:00, 2634.94, 2670.0, 2455.01, 2515.25, 13831.60864849
1497830400, 19/06/2017, 00:00:00, 2515.25, 2597.0, 2481.92, 2596.98, 13928.55868512
1497916800, 20/06/2017, 00:00:00, 2596.99, 2776.95, 2585.42, 2725.08, 19230.12622071
1498003200, 21/06/2017, 00:00:00, 2725.11, 2781.59, 2559.51, 2643.35, 18065.09195302
1498089600, 22/06/2017, 00:00:00, 2643.33, 2724.69, 2598.0, 2679.99, 12179.55378226
1498176000, 23/06/2017, 00:00:00, 2679.93, 2743.0, 2665.0, 2690.76, 9674.14014661
1498262400, 24/06/2017, 00:00:00, 2690.76, 2718.37, 2503.05, 2574.84, 12808.47796498
1498348800, 25/06/2017, 00:00:00, 2574.86, 2625.0, 2430.05, 2505.61, 13739.17133582
1498435200, 26/06/2017, 00:00:00, 2505.61, 2563.9, 2258.34, 2407.91, 20262.76215295
1498521600, 27/06/2017, 00:00:00, 2407.91, 2575.75, 2264.0, 2575.75, 22151.51962082
1498608000, 28/06/2017, 00:00:00, 2573.22, 2605.0, 2457.0, 2553.12, 16240.95462101
1498694400, 29/06/2017, 00:00:00, 2553.13, 2591.98, 2506.1, 2530.0, 9048.16102048
1498780800, 30/06/2017, 00:00:00, 2531.16, 2554.01, 2446.2, 2455.19, 11860.9594359
1498867200, 01/07/2017, 00:00:00, 2455.19, 2515.0, 2400.0, 2423.63, 8448.08879856
1498953600, 02/07/2017, 00:00:00, 2424.08, 2545.0, 2385.0, 2516.66, 9098.28919886
1499040000, 03/07/2017, 00:00:00, 2515.37, 2584.78, 2479.75, 2542.41, 10045.8328211
1499126400, 04/07/2017, 00:00:00, 2542.41, 2636.1, 2542.18, 2602.0, 10680.56522172
1499212800, 05/07/2017, 00:00:00, 2602.0, 2630.24, 2551.06, 2616.96, 10183.63010323
1499299200, 06/07/2017, 00:00:00, 2616.96, 2623.54, 2580.69, 2604.84, 8207.99657687
1499385600, 07/07/2017, 00:00:00, 2604.89, 2607.61, 2472.0, 2501.15, 11640.78157115
1499472000, 08/07/2017, 00:00:00, 2501.15, 2563.5, 2471.22, 2561.11, 7869.88131277
1499558400, 09/07/2017, 00:00:00, 2560.84, 2579.84, 2500.0, 2508.99, 5647.43426949
1499644800, 10/07/2017, 00:00:00, 2508.0, 2523.0, 2250.0, 2331.05, 15554.0050949
1499731200, 11/07/2017, 00:00:00, 2330.93, 2410.0, 2265.0, 2310.01, 15670.55064724
1499817600, 12/07/2017, 00:00:00, 2310.0, 2415.0, 2250.0, 2383.42, 13834.47197463
1499904000, 13/07/2017, 00:00:00, 2384.35, 2416.79, 2308.14, 2340.0, 9541.53943311
1499990400, 14/07/2017, 00:00:00, 2340.0, 2349.28, 2150.0, 2217.24, 13549.1778099
1500076800, 15/07/2017, 00:00:00, 2217.02, 2224.82, 1964.31, 1964.31, 16334.68864717
1500163200, 16/07/2017, 00:00:00, 1964.33, 2043.94, 1758.2, 1911.78, 21740.89274035
1500249600, 17/07/2017, 00:00:00, 1911.79, 2238.07, 1909.58, 2235.19, 21436.7645371
1500336000, 18/07/2017, 00:00:00, 2235.14, 2393.43, 2134.37, 2308.15, 23795.59414253
1500422400, 19/07/2017, 00:00:00, 2307.48, 2396.0, 2216.0, 2258.99, 18567.47611252
1500508800, 20/07/2017, 00:00:00, 2258.99, 2957.0, 2258.99, 2873.48, 36509.30587417
1500595200, 21/07/2017, 00:00:00, 2873.45, 2880.0, 2608.27, 2657.45, 23062.18542954
1500681600, 22/07/2017, 00:00:00, 2661.05, 2869.88, 2646.95, 2825.27, 12225.61763679
1500768000, 23/07/2017, 00:00:00, 2825.27, 2848.0, 2691.0, 2754.28, 10194.97475019
1500854400, 24/07/2017, 00:00:00, 2755.19, 2799.2, 2726.8, 2762.26, 8105.64511248
1500940800, 25/07/2017, 00:00:00, 2761.68, 2782.44, 2449.69, 2564.0, 19195.82260736
1501027200, 26/07/2017, 00:00:00, 2564.0, 2614.0, 2403.0, 2525.99, 13019.03454142
1501113600, 27/07/2017, 00:00:00, 2525.98, 2686.2, 2514.1, 2664.99, 10034.52706572
1501200000, 28/07/2017, 00:00:00, 2664.99, 2825.11, 2655.55, 2786.07, 17189.24674204
1501286400, 29/07/2017, 00:00:00, 2786.07, 2790.99, 2656.0, 2700.21, 9860.13224068
1501372800, 30/07/2017, 00:00:00, 2700.2, 2739.98, 2500.0, 2723.99, 8460.182768
1501459200, 31/07/2017, 00:00:00, 2723.99, 2900.0, 2700.0, 2856.88, 11462.1802407
1501545600, 01/08/2017, 00:00:00, 2856.89, 2925.0, 2676.01, 2732.59, 9772.96947501
1501632000, 02/08/2017, 00:00:00, 2731.6, 2758.06, 2650.0, 2699.9, 8422.27537735
1501718400, 03/08/2017, 00:00:00, 2699.9, 2799.0, 2699.89, 2787.02, 7425.95745626
1501804800, 04/08/2017, 00:00:00, 2787.05, 2877.79, 2760.0, 2857.34, 7714.98047973
1501891200, 05/08/2017, 00:00:00, 2857.34, 3335.0, 2857.34, 3243.49, 21614.60061123
1501977600, 06/08/2017, 00:00:00, 3243.5, 3278.42, 3150.0, 3222.22, 8666.20078218
1502064000, 07/08/2017, 00:00:00, 3222.22, 3416.0, 3190.0, 3398.23, 11325.4162028
1502150400, 08/08/2017, 00:00:00, 3398.23, 3489.0, 3349.91, 3422.43, 16014.00638269
1502236800, 09/08/2017, 00:00:00, 3423.28, 3428.29, 3232.62, 3342.8, 13076.14627076
1502323200, 10/08/2017, 00:00:00, 3342.8, 3448.0, 3317.0, 3444.98, 9348.35914865
1502409600, 11/08/2017, 00:00:00, 3444.98, 3725.0, 3416.86, 3656.15, 15315.75236128
1502496000, 12/08/2017, 00:00:00, 3656.14, 3974.0, 3622.87, 3874.0, 18972.1433559
1502582400, 13/08/2017, 00:00:00, 3874.0, 4200.0, 3850.0, 4060.47, 23522.1419857
1502668800, 14/08/2017, 00:00:00, 4060.47, 4328.0, 3985.01, 4320.6, 20059.96196841
1502755200, 15/08/2017, 00:00:00, 4320.53, 4434.42, 3807.14, 4159.93, 32018.16155552
1502841600, 16/08/2017, 00:00:00, 4159.93, 4385.5, 3928.82, 4370.01, 17969.62620634
1502928000, 17/08/2017, 00:00:00, 4370.01, 4469.0, 4180.0, 4280.01, 19980.89160504
1503014400, 18/08/2017, 00:00:00, 4280.01, 4350.0, 3960.47, 4101.72, 20823.05141554
1503100800, 19/08/2017, 00:00:00, 4101.72, 4186.1, 4000.0, 4157.41, 10502.74082464
1503187200, 20/08/2017, 00:00:00, 4157.41, 4190.21, 4044.52, 4050.99, 8331.87235879
1503273600, 21/08/2017, 00:00:00, 4050.99, 4089.99, 3950.88, 4002.0, 12417.65707555
1503360000, 22/08/2017, 00:00:00, 4002.0, 4145.0, 3583.46, 4092.0, 21922.49731034
1503446400, 23/08/2017, 00:00:00, 4092.0, 4247.88, 4058.26, 4143.49, 11746.0041498
1503532800, 24/08/2017, 00:00:00, 4142.5, 4349.99, 4112.76, 4312.03, 10247.98420911
1503619200, 25/08/2017, 00:00:00, 4312.03, 4453.9, 4284.01, 4360.0, 10918.77972836
1503705600, 26/08/2017, 00:00:00, 4360.0, 4374.39, 4260.01, 4344.32, 6146.47876206
1503792000, 27/08/2017, 00:00:00, 4344.32, 4392.0, 4309.87, 4340.11, 7041.34420177
1503878400, 28/08/2017, 00:00:00, 4343.5, 4396.0, 4200.0, 4384.99, 10452.60382073
1503964800, 29/08/2017, 00:00:00, 4384.99, 4656.83, 4350.0, 4599.0, 14509.95812379
1504051200, 30/08/2017, 00:00:00, 4599.01, 4635.21, 4500.55, 4581.98, 10383.4343046
1504137600, 31/08/2017, 00:00:00, 4581.98, 4769.03, 4580.84, 4743.94, 13628.46777811
1504224000, 01/09/2017, 00:00:00, 4743.94, 4948.0, 4706.0, 4947.99, 16762.80580838
1504310400, 02/09/2017, 00:00:00, 4948.0, 4980.0, 4500.0, 4649.99, 19577.18874549
1504396800, 03/09/2017, 00:00:00, 4642.39, 4749.99, 4524.0, 4626.05, 11569.36076538
1504483200, 04/09/2017, 00:00:00, 4626.05, 4628.05, 4234.16, 4498.25, 20518.88448285
1504569600, 05/09/2017, 00:00:00, 4498.46, 4514.95, 4242.38, 4432.51, 17315.43019201
1504656000, 06/09/2017, 00:00:00, 4432.51, 4692.0, 4431.0, 4616.18, 16174.30433105
1504742400, 07/09/2017, 00:00:00, 4616.18, 4665.44, 4475.01, 4624.18, 8455.04147983
1504828800, 08/09/2017, 00:00:00, 4624.18, 4679.99, 4140.0, 4350.0, 22102.7184586
1504915200, 09/09/2017, 00:00:00, 4350.0, 4449.95, 4180.0, 4334.36, 10073.89558667
1505001600, 10/09/2017, 00:00:00, 4334.36, 4349.99, 4139.0, 4251.36, 10078.69985674
1505088000, 11/09/2017, 00:00:00, 4251.36, 4365.0, 4111.14, 4210.72, 9068.25507562
1505174400, 12/09/2017, 00:00:00, 4210.72, 4375.37, 4080.0, 4164.52, 12373.3985777
1505260800, 13/09/2017, 00:00:00, 4164.52, 4174.53, 3726.0, 3855.32, 22842.53225552
1505347200, 14/09/2017, 00:00:00, 3855.61, 3923.0, 3230.05, 3250.4, 36363.92501211
1505433600, 15/09/2017, 00:00:00, 3249.99, 3894.48, 2975.01, 3740.02, 54488.48241948
1505520000, 16/09/2017, 00:00:00, 3740.02, 4042.98, 3600.0, 3726.51, 19031.68597217
1505606400, 17/09/2017, 00:00:00, 3726.51, 3841.0, 3475.64, 3719.97, 11718.88020167
1505692800, 18/09/2017, 00:00:00, 3719.98, 4130.0, 3717.56, 4100.0, 16906.72338998
1505779200, 19/09/2017, 00:00:00, 4100.0, 4125.22, 3850.44, 3910.11, 13781.15538642
1505865600, 20/09/2017, 00:00:00, 3910.11, 4044.0, 3850.01, 3872.06, 9910.40111429
1505952000, 21/09/2017, 00:00:00, 3872.07, 3903.57, 3571.0, 3617.47, 14978.48542601
1506038400, 22/09/2017, 00:00:00, 3617.47, 3767.77, 3509.79, 3619.01, 12649.02130076
1506124800, 23/09/2017, 00:00:00, 3619.01, 3818.89, 3580.0, 3787.33, 6595.93530667
1506211200, 24/09/2017, 00:00:00, 3787.33, 3789.36, 3630.01, 3669.01, 4692.79090244
1506297600, 25/09/2017, 00:00:00, 3669.01, 3969.37, 3669.01, 3919.78, 9583.73758911
1506384000, 26/09/2017, 00:00:00, 3919.98, 3960.0, 3854.29, 3885.09, 5893.22353833
1506470400, 27/09/2017, 00:00:00, 3885.09, 4228.39, 3880.36, 4200.0, 12072.66869574
1506556800, 28/09/2017, 00:00:00, 4200.0, 4269.95, 4122.0, 4189.42, 7903.94689054
1506643200, 29/09/2017, 00:00:00, 4189.42, 4212.99, 4015.17, 4156.99, 10360.83388071
1506729600, 30/09/2017, 00:00:00, 4156.99, 4356.28, 4143.52, 4339.0, 6235.07845604
1506816000, 01/10/2017, 00:00:00, 4339.01, 4396.99, 4256.92, 4394.81, 5366.91196997
1506902400, 02/10/2017, 00:00:00, 4394.81, 4470.0, 4354.23, 4392.71, 8647.75799194
1506988800, 03/10/2017, 00:00:00, 4392.71, 4419.95, 4240.0, 4307.99, 10606.10621945
1507075200, 04/10/2017, 00:00:00, 4307.99, 4344.0, 4175.3, 4214.84, 6555.27096872
1507161600, 05/10/2017, 00:00:00, 4214.84, 4365.21, 4150.01, 4320.04, 6482.32778439
1507248000, 06/10/2017, 00:00:00, 4320.02, 4407.0, 4299.99, 4362.99, 6441.72560363
1507334400, 07/10/2017, 00:00:00, 4363.0, 4449.42, 4320.0, 4425.0, 4178.25089288
1507420800, 08/10/2017, 00:00:00, 4425.0, 4612.0, 4420.01, 4603.49, 7159.77178341
1507507200, 09/10/2017, 00:00:00, 4603.5, 4875.39, 4561.0, 4769.55, 14273.86832882
1507593600, 10/10/2017, 00:00:00, 4769.55, 4925.65, 4701.53, 4750.0, 13709.70806252
1507680000, 11/10/2017, 00:00:00, 4750.0, 4869.97, 4720.21, 4814.99, 7238.87876179
1507766400, 12/10/2017, 00:00:00, 4814.99, 5440.92, 4809.59, 5440.0, 20097.68845511
1507852800, 13/10/2017, 00:00:00, 5440.0, 5867.0, 5390.0, 5624.8, 26597.9752588
1507939200, 14/10/2017, 00:00:00, 5624.87, 5839.8, 5567.86, 5819.13, 8999.20367594
1508025600, 15/10/2017, 00:00:00, 5819.13, 5849.83, 5455.5, 5693.7, 11817.32828781
1508112000, 16/10/2017, 00:00:00, 5693.7, 5785.3, 5575.55, 5754.9, 8820.66040004
1508198400, 17/10/2017, 00:00:00, 5754.9, 5769.99, 5525.0, 5594.0, 9121.4068495
1508284800, 18/10/2017, 00:00:00, 5593.97, 5600.0, 5102.0, 5574.44, 17620.49150442
1508371200, 19/10/2017, 00:00:00, 5574.02, 5750.0, 5529.44, 5704.01, 8908.55652227
1508457600, 20/10/2017, 00:00:00, 5704.0, 6063.99, 5630.0, 5989.1, 16708.981564
1508544000, 21/10/2017, 00:00:00, 5989.1, 6189.1, 5868.26, 6024.86, 14614.73525277
1508630400, 22/10/2017, 00:00:00, 6024.85, 6082.3, 5755.95, 6005.05, 10770.42951293
1508716800, 23/10/2017, 00:00:00, 6005.05, 6057.02, 5650.98, 5905.99, 16446.78333056
1508803200, 24/10/2017, 00:00:00, 5906.0, 5906.0, 5462.19, 5525.43, 18281.54006372
1508889600, 25/10/2017, 00:00:00, 5525.43, 5765.0, 5376.71, 5739.97, 14136.58125946
1508976000, 26/10/2017, 00:00:00, 5739.97, 6000.0, 5701.0, 5891.61, 11850.82718824
1509062400, 27/10/2017, 00:00:00, 5891.61, 5998.0, 5708.8, 5780.0, 9337.84412481
1509148800, 28/10/2017, 00:00:00, 5780.0, 5894.0, 5715.0, 5752.01, 5453.79798889
1509235200, 29/10/2017, 00:00:00, 5752.01, 6298.99, 5728.0, 6140.01, 12509.85515088
1509321600, 30/10/2017, 00:00:00, 6140.01, 6200.0, 6028.0, 6124.16, 8341.53244599
1509408000, 31/10/2017, 00:00:00, 6124.16, 6472.13, 6095.96, 6445.01, 15024.49558504
1509494400, 01/11/2017, 00:00:00, 6445.01, 6784.0, 6363.59, 6783.69, 20571.58188569
1509580800, 02/11/2017, 00:00:00, 6783.69, 7445.0, 6759.0, 7039.98, 35889.38819701
1509667200, 03/11/2017, 00:00:00, 7039.99, 7449.99, 6955.89, 7170.01, 24759.33130603
1509753600, 04/11/2017, 00:00:00, 7170.01, 7498.0, 7011.1, 7412.55, 13668.92328073
1509840000, 05/11/2017, 00:00:00, 7412.35, 7630.0, 7310.0, 7392.0, 16504.95764862
1509926400, 06/11/2017, 00:00:00, 7391.95, 7432.49, 6900.73, 6969.76, 24287.52091386
1510012800, 07/11/2017, 00:00:00, 6969.76, 7232.84, 6968.49, 7126.63, 14505.79432211
1510099200, 08/11/2017, 00:00:00, 7128.99, 7898.0, 7031.66, 7467.96, 38184.63758966
1510185600, 09/11/2017, 00:00:00, 7467.97, 7470.01, 7079.0, 7156.0, 18059.36167926
1510272000, 10/11/2017, 00:00:00, 7156.0, 7350.0, 6426.0, 6577.62, 34072.93239507
1510358400, 11/11/2017, 00:00:00, 6577.63, 6894.99, 6201.01, 6346.7, 25651.2940802
1510444800, 12/11/2017, 00:00:00, 6346.64, 6486.0, 5511.11, 5886.35, 52487.43253081
1510531200, 13/11/2017, 00:00:00, 5886.35, 6841.45, 5850.0, 6535.87, 36435.45627543
1510617600, 14/11/2017, 00:00:00, 6535.87, 6748.0, 6450.0, 6605.0, 20256.43299376
1510704000, 15/11/2017, 00:00:00, 6605.0, 7349.0, 6605.0, 7294.0, 27878.77629558
1510790400, 16/11/2017, 00:00:00, 7294.0, 7985.37, 7130.0, 7838.53, 29352.77615064
1510876800, 17/11/2017, 00:00:00, 7838.54, 7988.5, 7536.0, 7714.71, 25045.6530014
1510963200, 18/11/2017, 00:00:00, 7714.7, 7847.98, 7502.0, 7777.01, 14707.53684425
1511049600, 19/11/2017, 00:00:00, 7777.01, 8098.62, 7700.0, 8031.82, 14765.96963561
1511136000, 20/11/2017, 00:00:00, 8031.83, 8293.25, 7969.0, 8256.01, 15693.26060594
1511222400, 21/11/2017, 00:00:00, 8256.01, 8375.0, 7802.99, 8109.0, 31256.2619911
1511308800, 22/11/2017, 00:00:00, 8109.0, 8298.98, 8103.13, 8250.0, 13690.8317595
1511395200, 23/11/2017, 00:00:00, 8250.0, 8274.98, 8031.16, 8031.16, 11919.91670069
1511481600, 24/11/2017, 00:00:00, 8031.16, 8324.0, 7900.0, 8215.01, 14748.71323788
1511568000, 25/11/2017, 00:00:00, 8215.01, 8795.5, 8203.98, 8795.5, 16482.32785846
1511654400, 26/11/2017, 00:00:00, 8795.5, 9596.0, 8795.5, 9401.11, 28641.69759252
1511740800, 27/11/2017, 00:00:00, 9401.11, 9795.0, 9401.0, 9768.71, 25683.3262464
1511827200, 28/11/2017, 00:00:00, 9768.71, 9989.95, 9705.99, 9949.0, 18960.42673846
1511913600, 29/11/2017, 00:00:00, 9949.0, 11485.0, 8595.55, 9935.98, 70224.99702034
1512000000, 30/11/2017, 00:00:00, 9920.81, 10850.0, 9135.6, 9903.0, 42536.31363519
1512086400, 01/12/2017, 00:00:00, 9903.01, 10937.0, 9517.0, 10869.84, 33257.5736678
1512172800, 02/12/2017, 00:00:00, 10869.85, 11100.0, 10701.0, 10930.24, 20197.01810153
1512259200, 03/12/2017, 00:00:00, 10930.24, 11891.0, 10601.0, 11290.0, 31415.80537618
1512345600, 04/12/2017, 00:00:00, 11290.0, 11650.0, 10950.0, 11643.98, 20180.88652913
1512432000, 05/12/2017, 00:00:00, 11643.99, 11875.0, 11532.0, 11718.35, 17711.49076161
1512518400, 06/12/2017, 00:00:00, 11718.34, 14425.0, 11717.5, 14090.0, 51358.74592889
1512604800, 07/12/2017, 00:00:00, 14090.0, 19697.0, 13500.0, 17390.01, 84528.1023714
1512691200, 08/12/2017, 00:00:00, 17390.01, 17777.69, 13788.99, 16367.03, 68522.70363443
1512777600, 09/12/2017, 00:00:00, 16367.03, 16499.0, 13550.0, 15309.98, 41170.50758947
1512864000, 10/12/2017, 00:00:00, 15309.99, 16300.0, 13501.0, 15290.01, 52882.81594883
1512950400, 11/12/2017, 00:00:00, 15290.01, 17493.0, 15200.0, 16885.76, 41169.69239233
1513036800, 12/12/2017, 00:00:00, 16885.76, 18149.99, 16375.0, 17730.12, 38219.40739552
1513123200, 13/12/2017, 00:00:00, 17730.12, 17900.0, 15700.0, 16689.61, 31867.18168864
1513209600, 14/12/2017, 00:00:00, 16689.62, 17199.6, 16256.0, 16749.78, 16329.87585067
1513296000, 15/12/2017, 00:00:00, 16749.79, 17899.0, 16745.0, 17738.67, 28605.3275268
1513382400, 16/12/2017, 00:00:00, 17738.68, 19797.0, 17630.0, 19650.01, 24853.68358079
1513468800, 17/12/2017, 00:00:00, 19650.02, 19891.99, 19010.0, 19378.99, 21476.23509637
1513555200, 18/12/2017, 00:00:00, 19378.99, 19385.0, 18200.0, 19039.01, 26385.52352887
1513641600, 19/12/2017, 00:00:00, 19039.01, 19099.0, 16800.0, 17838.73, 32148.34752127
1513728000, 20/12/2017, 00:00:00, 17838.73, 17890.0, 14001.0, 16496.89, 47992.44424371
1513814400, 21/12/2017, 00:00:00, 16496.9, 17364.57, 15151.0, 15758.8, 28740.89368429
1513900800, 22/12/2017, 00:00:00, 15758.8, 15974.95, 10400.0, 14210.57, 103039.93421339
1513987200, 23/12/2017, 00:00:00, 14229.47, 16261.0, 13750.0, 15075.89, 30795.88799527
1514073600, 24/12/2017, 00:00:00, 15075.89, 15109.27, 13210.0, 14221.94, 24834.83362307
1514160000, 25/12/2017, 00:00:00, 14221.93, 14774.0, 13450.0, 14171.98, 15425.35357187
1514246400, 26/12/2017, 00:00:00, 14171.99, 16148.0, 14171.98, 15790.88, 22462.7056247
1514332800, 27/12/2017, 00:00:00, 15790.88, 16490.0, 14524.37, 15367.08, 24957.62817381
1514419200, 28/12/2017, 00:00:00, 15360.01, 15489.0, 13500.0, 14450.01, 31273.57825037
1514505600, 29/12/2017, 00:00:00, 14450.01, 15105.34, 14041.81, 14565.05, 18476.05198941
1514592000, 30/12/2017, 00:00:00, 14565.04, 14639.79, 12500.0, 12839.99, 28787.73764058
1514678400, 31/12/2017, 00:00:00, 12839.98, 14280.26, 12633.8, 13863.13, 18604.28576752
1514764800, 01/01/2018, 00:00:00, 13863.14, 13889.0, 12952.5, 13480.01, 12295.00653579
1514851200, 02/01/2018, 00:00:00, 13480.0, 15275.0, 13005.0, 14781.51, 26387.93493436
1514937600, 03/01/2018, 00:00:00, 14781.52, 15400.0, 14628.0, 15098.14, 17877.49528646
1515024000, 04/01/2018, 00:00:00, 15098.23, 15400.0, 14230.0, 15144.99, 20010.43634249
1515110400, 05/01/2018, 00:00:00, 15145.0, 17178.0, 14819.78, 16960.01, 22917.78066891
1515196800, 06/01/2018, 00:00:00, 16960.01, 17174.0, 16251.01, 17098.99, 14104.21391996
1515283200, 07/01/2018, 00:00:00, 17099.0, 17115.01, 15755.01, 16174.22, 12341.08084887
1515369600, 08/01/2018, 00:00:00, 16174.22, 16275.0, 14000.0, 14993.74, 23151.96462195
1515456000, 09/01/2018, 00:00:00, 14993.73, 15384.0, 14230.0, 14480.99, 15384.62464501
1515542400, 10/01/2018, 00:00:00, 14481.0, 14875.18, 13550.01, 14875.18, 22664.54513634
1515628800, 11/01/2018, 00:00:00, 14875.17, 14970.0, 12800.01, 13308.06, 28889.12130985
1515715200, 12/01/2018, 00:00:00, 13308.06, 14080.83, 12900.0, 13820.0, 14816.77240977
1515801600, 13/01/2018, 00:00:00, 13820.0, 14500.0, 13792.25, 14187.95, 10491.10485473
1515888000, 14/01/2018, 00:00:00, 14187.94, 14332.85, 13110.0, 13656.23, 10783.39313813
1515974400, 15/01/2018, 00:00:00, 13656.23, 14253.0, 13416.0, 13590.0, 10511.84043108
1516060800, 16/01/2018, 00:00:00, 13590.0, 13643.66, 9928.62, 11570.01, 62207.83296297
1516147200, 17/01/2018, 00:00:00, 11570.01, 12358.89, 9005.0, 11200.01, 63957.23278928
1516233600, 18/01/2018, 00:00:00, 11204.64, 12123.1, 10687.21, 11305.53, 30134.64772622
1516320000, 19/01/2018, 00:00:00, 11305.53, 11973.99, 11050.0, 11498.99, 15959.30876174
1516406400, 20/01/2018, 00:00:00, 11499.0, 12985.55, 11498.99, 12762.8, 18749.95639326
1516492800, 21/01/2018, 00:00:00, 12762.8, 12762.8, 11118.0, 11518.17, 16426.17776825
1516579200, 22/01/2018, 00:00:00, 11518.17, 11849.0, 10025.0, 10766.7, 24352.57045749
1516665600, 23/01/2018, 00:00:00, 10766.7, 11370.0, 9945.0, 10824.94, 21897.02947424
1516752000, 24/01/2018, 00:00:00, 10824.95, 11450.0, 10450.0, 11356.79, 15159.74617502
1516838400, 25/01/2018, 00:00:00, 11356.8, 11690.0, 10851.0, 11118.0, 13803.3994887
1516924800, 26/01/2018, 00:00:00, 11118.0, 11570.0, 10305.0, 11086.89, 19343.28195401
1517011200, 27/01/2018, 00:00:00, 11086.88, 11494.08, 10850.0, 11319.0, 12301.187315
1517097600, 28/01/2018, 00:00:00, 11319.0, 11697.24, 11234.38, 11536.0, 13684.87204513
1517184000, 29/01/2018, 00:00:00, 11536.0, 11570.0, 10840.0, 11123.01, 11166.05984506
1517270400, 30/01/2018, 00:00:00, 11123.01, 11150.0, 9711.11, 9995.0, 27589.87336945
1517356800, 31/01/2018, 00:00:00, 9995.0, 10299.95, 9601.02, 10099.99, 19533.73809729
1517443200, 01/02/2018, 00:00:00, 10099.99, 10166.25, 8400.0, 9014.23, 38171.97003425
1517529600, 02/02/2018, 00:00:00, 9014.22, 9090.08, 7540.0, 8787.52, 52039.26807721
1517616000, 03/02/2018, 00:00:00, 8787.52, 9499.0, 8115.48, 9240.0, 23700.98508963
1517702400, 04/02/2018, 00:00:00, 9227.8, 9350.0, 7859.0, 8167.91, 24062.18195663
1517788800, 05/02/2018, 00:00:00, 8167.9, 8349.16, 6425.75, 6905.19, 59578.69822102
1517875200, 06/02/2018, 00:00:00, 6905.2, 7948.89, 5873.0, 7688.46, 91895.11062729
1517961600, 07/02/2018, 00:00:00, 7688.47, 8650.0, 7212.82, 7575.75, 50916.57889564
1518048000, 08/02/2018, 00:00:00, 7575.76, 8625.0, 7550.0, 8218.1, 31649.57658512
1518134400, 09/02/2018, 00:00:00, 8218.07, 8700.0, 7750.0, 8671.01, 27558.51614051
1518220800, 10/02/2018, 00:00:00, 8671.0, 9090.0, 8155.0, 8547.49, 24910.69248868
1518307200, 11/02/2018, 00:00:00, 8547.48, 8547.49, 7851.0, 8072.99, 16804.11338411
1518393600, 12/02/2018, 00:00:00, 8073.0, 8950.0, 8072.99, 8872.28, 19718.28616707
1518480000, 13/02/2018, 00:00:00, 8872.27, 8925.0, 8393.1, 8520.01, 13952.55754805
1518566400, 14/02/2018, 00:00:00, 8520.01, 9482.5, 8520.0, 9472.98, 24374.64430846
1518652800, 15/02/2018, 00:00:00, 9472.98, 10249.81, 9342.46, 10031.23, 32372.79739747
1518739200, 16/02/2018, 00:00:00, 10031.23, 10307.68, 9729.58, 10167.49, 17843.54690778
1518825600, 17/02/2018, 00:00:00, 10167.49, 11149.0, 10057.0, 11121.5, 20781.56168216
1518912000, 18/02/2018, 00:00:00, 11121.5, 11299.1, 10159.0, 10380.04, 26975.93580105
1518998400, 19/02/2018, 00:00:00, 10380.03, 11274.11, 10297.39, 11140.0, 17634.43505308
1519084800, 20/02/2018, 00:00:00, 11140.0, 11775.0, 11000.0, 11235.57, 28425.12094891
1519171200, 21/02/2018, 00:00:00, 11235.57, 11279.99, 10250.0, 10454.27, 30042.03089218
1519257600, 22/02/2018, 00:00:00, 10453.83, 10900.0, 9715.27, 9830.0, 28095.90851163
1519344000, 23/02/2018, 00:00:00, 9830.0, 10390.77, 9576.43, 10144.99, 20779.94318193
1519430400, 24/02/2018, 00:00:00, 10144.99, 10494.14, 9372.72, 9688.62, 19729.38570667
1519516800, 25/02/2018, 00:00:00, 9688.61, 9850.0, 9324.75, 9597.99, 11707.16167099
1519603200, 26/02/2018, 00:00:00, 9600.0, 10447.74, 9404.0, 10300.0, 19118.9938219
1519689600, 27/02/2018, 00:00:00, 10300.0, 10845.07, 10133.33, 10566.57, 18240.52935154
1519776000, 28/02/2018, 00:00:00, 10556.3, 11044.0, 10263.0, 10307.27, 19688.06956326
1519862400, 01/03/2018, 00:00:00, 10307.26, 11075.0, 10213.99, 10895.92, 15390.55106388
1519948800, 02/03/2018, 00:00:00, 10895.93, 11149.0, 10765.0, 11000.0, 13838.03908182
1520035200, 03/03/2018, 00:00:00, 11000.01, 11494.57, 11000.0, 11432.5, 13198.55336472
1520121600, 04/03/2018, 00:00:00, 11432.51, 11487.0, 11041.0, 11469.9, 8635.84247054
1520208000, 05/03/2018, 00:00:00, 11469.9, 11645.74, 11339.0, 11377.54, 11051.44857722
1520294400, 06/03/2018, 00:00:00, 11371.5, 11395.63, 10565.85, 10700.0, 18565.88802786
1520380800, 07/03/2018, 00:00:00, 10700.0, 10894.0, 9400.0, 9925.0, 32486.56622749
1520467200, 08/03/2018, 00:00:00, 9925.0, 10098.0, 9050.0, 9304.89, 23426.7950493
1520553600, 09/03/2018, 00:00:00, 9304.9, 9410.0, 8370.0, 9255.0, 42041.35761821
1520640000, 10/03/2018, 00:00:00, 9255.0, 9518.77, 8720.08, 8795.44, 17254.85640436
1520726400, 11/03/2018, 00:00:00, 8795.45, 9760.0, 8516.0, 9533.88, 21816.15454135
1520812800, 12/03/2018, 00:00:00, 9533.88, 9890.0, 8780.49, 9120.0, 21281.59414403
1520899200, 13/03/2018, 00:00:00, 9120.0, 9472.88, 8855.0, 9145.41, 17207.40199682
1520985600, 14/03/2018, 00:00:00, 9145.42, 9340.0, 7931.0, 8207.02, 28010.58833814
1521072000, 15/03/2018, 00:00:00, 8207.02, 8400.0, 7666.0, 8259.99, 28014.23390561
1521158400, 16/03/2018, 00:00:00, 8260.0, 8600.0, 7911.0, 8275.0, 16967.92912777
1521244800, 17/03/2018, 00:00:00, 8274.09, 8349.82, 7751.0, 7857.6, 13639.73308518
1521331200, 18/03/2018, 00:00:00, 7857.59, 8302.73, 7310.0, 8192.0, 30536.54458381
1521417600, 19/03/2018, 00:00:00, 8192.0, 8757.5, 8108.31, 8589.0, 25598.67320803
1521504000, 20/03/2018, 00:00:00, 8589.0, 9046.26, 8316.15, 8900.0, 20469.34145312
1521590400, 21/03/2018, 00:00:00, 8900.0, 9174.0, 8745.0, 8891.81, 16007.11697609
1521676800, 22/03/2018, 00:00:00, 8891.81, 9073.93, 8467.27, 8715.09, 14990.23803367
1521763200, 23/03/2018, 00:00:00, 8715.09, 8927.81, 8280.04, 8927.1, 15266.82554983
1521849600, 24/03/2018, 00:00:00, 8927.8, 8999.0, 8508.0, 8531.34, 11863.31062337
1521936000, 25/03/2018, 00:00:00, 8531.96, 8670.0, 8359.45, 8453.0, 9048.85236081
1522022400, 26/03/2018, 00:00:00, 8453.0, 8498.0, 7854.0, 8145.0, 19389.85130451
1522108800, 27/03/2018, 00:00:00, 8144.99, 8219.99, 7757.0, 7793.61, 14987.73034205
1522195200, 28/03/2018, 00:00:00, 7793.61, 8088.0, 7727.76, 7942.72, 10966.69757001
1522281600, 29/03/2018, 00:00:00, 7942.73, 7957.0, 6905.0, 7080.0, 27812.00561903
1522368000, 30/03/2018, 00:00:00, 7080.0, 7275.35, 6600.0, 6848.01, 29312.749662
1522454400, 31/03/2018, 00:00:00, 6848.01, 7200.0, 6780.0, 6928.5, 14951.4968471
1522540800, 01/04/2018, 00:00:00, 6928.5, 7044.46, 6450.0, 6816.01, 15434.52280833
1522627200, 02/04/2018, 00:00:00, 6816.01, 7100.0, 6777.28, 7045.01, 14317.14565509
1522713600, 03/04/2018, 00:00:00, 7045.01, 7520.0, 7016.8, 7424.9, 18923.19243902
1522800000, 04/04/2018, 00:00:00, 7424.91, 7424.91, 6708.46, 6791.68, 15332.55315937
1522886400, 05/04/2018, 00:00:00, 6791.68, 6933.11, 6568.64, 6785.85, 14454.29416624
1522972800, 06/04/2018, 00:00:00, 6785.86, 6847.0, 6518.88, 6619.01, 10756.54967988
1523059200, 07/04/2018, 00:00:00, 6619.01, 7064.64, 6605.08, 6894.01, 10351.3736739
1523145600, 08/04/2018, 00:00:00, 6894.01, 7099.99, 6880.0, 7020.01, 6296.84940676
1523232000, 09/04/2018, 00:00:00, 7020.01, 7169.53, 6617.0, 6771.13, 13950.51963666
1523318400, 10/04/2018, 00:00:00, 6771.14, 6893.29, 6661.19, 6824.99, 7491.82299943
1523404800, 11/04/2018, 00:00:00, 6825.0, 6974.0, 6806.01, 6942.99, 8182.9960061
1523491200, 12/04/2018, 00:00:00, 6943.0, 8050.0, 6767.77, 7916.0, 31205.93316274
1523577600, 13/04/2018, 00:00:00, 7915.99, 8220.0, 7760.0, 7893.19, 22123.21006651
1523664000, 14/04/2018, 00:00:00, 7893.19, 8150.0, 7830.0, 8003.11, 9338.06089305
1523750400, 15/04/2018, 00:00:00, 8003.12, 8392.56, 8003.11, 8355.25, 9899.55458272
1523836800, 16/04/2018, 00:00:00, 8355.24, 8398.98, 7905.99, 8048.93, 13429.26623465
1523923200, 17/04/2018, 00:00:00, 8048.92, 8162.5, 7822.0, 7892.1, 10700.35753361
1524009600, 18/04/2018, 00:00:00, 7892.11, 8243.99, 7879.8, 8152.05, 10973.85923727
1524096000, 19/04/2018, 00:00:00, 8152.05, 8300.0, 8101.47, 8274.0, 11936.23618763
1524182400, 20/04/2018, 00:00:00, 8274.0, 8932.57, 8216.21, 8866.27, 16415.30759081
1524268800, 21/04/2018, 00:00:00, 8866.27, 9038.87, 8610.7, 8915.42, 12305.06569139
1524355200, 22/04/2018, 00:00:00, 8915.42, 9015.0, 8754.01, 8795.01, 7805.76709948
1524441600, 23/04/2018, 00:00:00, 8795.0, 8991.0, 8775.1, 8931.3, 8040.33557959
1524528000, 24/04/2018, 00:00:00, 8931.31, 9728.56, 8930.0, 9645.1, 20843.27006804
1524614400, 25/04/2018, 00:00:00, 9645.0, 9763.49, 8602.43, 8865.98, 31814.1288426
1524700800, 26/04/2018, 00:00:00, 8865.98, 9318.0, 8660.0, 9272.11, 15216.84970266
1524787200, 27/04/2018, 00:00:00, 9272.12, 9369.0, 8910.0, 8922.55, 12087.28643213
1524873600, 28/04/2018, 00:00:00, 8922.56, 9447.0, 8863.42, 9329.99, 8849.51366266
1524960000, 29/04/2018, 00:00:00, 9329.99, 9512.5, 9179.99, 9389.01, 7937.98812228
1525046400, 30/04/2018, 00:00:00, 9389.01, 9447.0, 9110.88, 9243.83, 8862.27320109
1525132800, 01/05/2018, 00:00:00, 9243.83, 9245.37, 8831.21, 9072.29, 11372.35045084
1525219200, 02/05/2018, 00:00:00, 9072.29, 9251.05, 8990.0, 9190.48, 8825.62461492
1525305600, 03/05/2018, 00:00:00, 9190.47, 9800.0, 9131.0, 9725.74, 14956.45443951
1525392000, 04/05/2018, 00:00:00, 9725.74, 9745.0, 9451.5, 9685.0, 10837.90259875
1525478400, 05/05/2018, 00:00:00, 9685.0, 9948.12, 9660.28, 9800.0, 9391.1010713
1525564800, 06/05/2018, 00:00:00, 9799.99, 9880.0, 9390.0, 9600.0, 7651.21500589
1525651200, 07/05/2018, 00:00:00, 9600.0, 9619.55, 9162.85, 9353.0, 9909.98246212
1525737600, 08/05/2018, 00:00:00, 9356.25, 9463.13, 9050.0, 9177.82, 9561.98001906
1525824000, 09/05/2018, 00:00:00, 9177.81, 9370.0, 8960.0, 9300.08, 8628.95083325
1525910400, 10/05/2018, 00:00:00, 9300.08, 9386.32, 9001.01, 9010.51, 7596.46134672
1525996800, 11/05/2018, 00:00:00, 9010.51, 9010.51, 8351.0, 8403.33, 17512.9269818
1526083200, 12/05/2018, 00:00:00, 8403.33, 8658.57, 8223.43, 8475.0, 11392.07649417
1526169600, 13/05/2018, 00:00:00, 8474.31, 8774.32, 8345.0, 8686.1, 6678.59431195
1526256000, 14/05/2018, 00:00:00, 8686.1, 8880.01, 8289.79, 8670.0, 14127.77867728
1526342400, 15/05/2018, 00:00:00, 8670.0, 8847.0, 8420.45, 8477.46, 10892.26808048
1526428800, 16/05/2018, 00:00:00, 8477.47, 8500.0, 8103.33, 8344.0, 10858.39386627
1526515200, 17/05/2018, 00:00:00, 8344.01, 8483.48, 8001.0, 8059.0, 8477.74299592
1526601600, 18/05/2018, 00:00:00, 8059.0, 8280.0, 7927.21, 8238.51, 8239.27592631
1526688000, 19/05/2018, 00:00:00, 8238.51, 8390.0, 8152.54, 8235.6, 4198.42045085
1526774400, 20/05/2018, 00:00:00, 8235.6, 8600.0, 8172.0, 8516.86, 4486.83071279
1526860800, 21/05/2018, 00:00:00, 8516.86, 8584.39, 8309.23, 8393.44, 5125.87838258
1526947200, 22/05/2018, 00:00:00, 8393.43, 8400.0, 7950.0, 7987.7, 6905.26600219
1527033600, 23/05/2018, 00:00:00, 7987.7, 8030.06, 7433.19, 7505.0, 15892.46676728
1527120000, 24/05/2018, 00:00:00, 7505.01, 7734.99, 7269.0, 7584.15, 11375.35825749
1527206400, 25/05/2018, 00:00:00, 7584.15, 7661.85, 7326.94, 7459.11, 8681.38004429
1527292800, 26/05/2018, 00:00:00, 7459.11, 7640.46, 7287.23, 7337.95, 4572.29163123
1527379200, 27/05/2018, 00:00:00, 7337.94, 7392.7, 7229.01, 7346.64, 4568.21590348
1527465600, 28/05/2018, 00:00:00, 7346.64, 7444.8, 7087.0, 7107.94, 7785.66681592
1527552000, 29/05/2018, 00:00:00, 7107.94, 7524.99, 7058.0, 7460.0, 10350.09174071
1527638400, 30/05/2018, 00:00:00, 7460.0, 7557.78, 7272.71, 7380.01, 6250.20477606
1527724800, 31/05/2018, 00:00:00, 7380.0, 7609.99, 7340.0, 7485.0, 6067.82801549
1527811200, 01/06/2018, 00:00:00, 7485.0, 7599.99, 7351.01, 7514.32, 6936.82298245
1527897600, 02/06/2018, 00:00:00, 7514.32, 7697.09, 7440.0, 7636.42, 5070.8649463
1527984000, 03/06/2018, 00:00:00, 7636.41, 7777.0, 7583.24, 7706.37, 5206.86345245
1528070400, 04/06/2018, 00:00:00, 7706.37, 7747.57, 7447.61, 7487.37, 6034.28233024
1528156800, 05/06/2018, 00:00:00, 7487.37, 7677.5, 7355.0, 7612.51, 5740.07226081
1528243200, 06/06/2018, 00:00:00, 7612.51, 7691.0, 7484.0, 7655.0, 5736.88730444
1528329600, 07/06/2018, 00:00:00, 7655.0, 7747.0, 7635.0, 7684.93, 5041.52279334
1528416000, 08/06/2018, 00:00:00, 7684.93, 7690.0, 7536.58, 7618.8, 3945.54283341
1528502400, 09/06/2018, 00:00:00, 7616.0, 7680.0, 7468.0, 7496.4, 2775.24696058
1528588800, 10/06/2018, 00:00:00, 7496.41, 7496.41, 6652.0, 6770.31, 18788.77680649
1528675200, 11/06/2018, 00:00:00, 6770.31, 6913.83, 6666.66, 6881.0, 11620.53954327
1528761600, 12/06/2018, 00:00:00, 6881.0, 6885.84, 6450.0, 6545.0, 10820.92303628
1528848000, 13/06/2018, 00:00:00, 6549.47, 6618.95, 6135.0, 6302.31, 17373.41486923
1528934400, 14/06/2018, 00:00:00, 6302.32, 6750.0, 6269.0, 6638.49, 14548.25525645
1529020800, 15/06/2018, 00:00:00, 6638.49, 6660.0, 6370.0, 6391.22, 7028.63892797
1529107200, 16/06/2018, 00:00:00, 6391.21, 6549.99, 6330.0, 6484.29, 4521.32956305
1529193600, 17/06/2018, 00:00:00, 6484.3, 6570.01, 6428.14, 6447.16, 3275.09792547
1529280000, 18/06/2018, 00:00:00, 6447.15, 6807.64, 6385.0, 6709.02, 8046.05593543
1529366400, 19/06/2018, 00:00:00, 6709.19, 6829.06, 6670.01, 6736.41, 6155.18187377
1529452800, 20/06/2018, 00:00:00, 6736.41, 6817.0, 6557.66, 6759.18, 6683.29357071
1529539200, 21/06/2018, 00:00:00, 6759.54, 6787.0, 6682.3, 6719.01, 4385.00279703
1529625600, 22/06/2018, 00:00:00, 6719.01, 6725.0, 5921.21, 6059.82, 18193.25099287
1529712000, 23/06/2018, 00:00:00, 6059.82, 6250.0, 6040.01, 6178.29, 6070.20787087
1529798400, 24/06/2018, 00:00:00, 6178.29, 6255.8, 5777.0, 6149.99, 13211.31953891
1529884800, 25/06/2018, 00:00:00, 6150.0, 6340.01, 6070.13, 6246.01, 9237.28844816
1529971200, 26/06/2018, 00:00:00, 6246.01, 6271.0, 6006.39, 6074.0, 6680.68174851
1530057600, 27/06/2018, 00:00:00, 6074.01, 6175.43, 5983.56, 6132.17, 7061.43624405
1530144000, 28/06/2018, 00:00:00, 6132.16, 6161.47, 5816.6, 5851.66, 7769.8116466
1530230400, 29/06/2018, 00:00:00, 5850.25, 6300.0, 5790.01, 6202.36, 11065.12248838
1530316800, 30/06/2018, 00:00:00, 6202.36, 6520.15, 6185.0, 6383.19, 6783.38450293
1530403200, 01/07/2018, 00:00:00, 6383.19, 6424.14, 6256.76, 6349.5, 4069.05699082
1530489600, 02/07/2018, 00:00:00, 6349.5, 6669.99, 6270.01, 6611.79, 8287.96529635
1530576000, 03/07/2018, 00:00:00, 6611.79, 6673.99, 6465.0, 6502.62, 6501.26577908
1530662400, 04/07/2018, 00:00:00, 6502.62, 6796.62, 6411.51, 6587.47, 6847.85549833
1530748800, 05/07/2018, 00:00:00, 6587.46, 6700.0, 6449.5, 6532.95, 6985.12310145
1530835200, 06/07/2018, 00:00:00, 6532.96, 6639.0, 6452.2, 6600.0, 5215.29306825
1530921600, 07/07/2018, 00:00:00, 6599.99, 6843.26, 6512.0, 6753.28, 4496.26591603
1531008000, 08/07/2018, 00:00:00, 6753.29, 6778.31, 6671.0, 6701.97, 3321.52529781
1531094400, 09/07/2018, 00:00:00, 6701.97, 6815.82, 6625.0, 6664.01, 5254.12964941
1531180800, 10/07/2018, 00:00:00, 6664.01, 6679.47, 6279.0, 6303.7, 8177.86682562
1531267200, 11/07/2018, 00:00:00, 6303.69, 6400.0, 6281.01, 6390.04, 5038.30347773
1531353600, 12/07/2018, 00:00:00, 6390.04, 6390.04, 6075.01, 6249.75, 9411.45794822
1531440000, 13/07/2018, 00:00:00, 6246.68, 6335.09, 6121.53, 6216.29, 5975.71038478
1531526400, 14/07/2018, 00:00:00, 6216.29, 6323.68, 6187.0, 6248.65, 3044.81810615
1531612800, 15/07/2018, 00:00:00, 6248.65, 6385.35, 6233.26, 6348.73, 3882.96945333
1531699200, 16/07/2018, 00:00:00, 6348.73, 6750.0, 6330.3, 6728.81, 9147.40601617
1531785600, 17/07/2018, 00:00:00, 6728.8, 7472.5, 6663.51, 7315.01, 15644.40972338
1531872000, 18/07/2018, 00:00:00, 7315.0, 7584.85, 7229.89, 7378.99, 15774.39905617
1531958400, 19/07/2018, 00:00:00, 7378.99, 7581.0, 7281.42, 7470.01, 9985.49794394
1532044800, 20/07/2018, 00:00:00, 7470.01, 7687.0, 7259.76, 7334.46, 10406.31899656
1532131200, 21/07/2018, 00:00:00, 7334.46, 7444.77, 7204.32, 7408.0, 5079.339249
1532217600, 22/07/2018, 00:00:00, 7408.0, 7569.69, 7327.75, 7397.8, 5599.21912506
1532304000, 23/07/2018, 00:00:00, 7400.0, 7809.0, 7378.26, 7720.09, 12449.92345846
1532390400, 24/07/2018, 00:00:00, 7720.08, 8488.0, 7695.99, 8385.5, 19636.00922903
1532476800, 25/07/2018, 00:00:00, 8390.04, 8482.84, 8042.0, 8157.15, 14713.91077749
1532563200, 26/07/2018, 00:00:00, 8157.15, 8290.0, 7840.0, 7931.99, 11869.52084895
1532649600, 27/07/2018, 00:00:00, 7932.0, 8276.55, 7787.29, 8184.21, 11991.35205827
1532736000, 28/07/2018, 00:00:00, 8182.64, 8230.0, 8065.0, 8228.9, 4141.05036475
1532822400, 29/07/2018, 00:00:00, 8227.38, 8289.96, 8127.87, 8216.34, 4239.76030429
1532908800, 30/07/2018, 00:00:00, 8216.33, 8274.92, 7850.0, 8170.01, 10568.96492471
1532995200, 31/07/2018, 00:00:00, 8170.0, 8173.57, 7629.48, 7727.27, 12604.37481313
1533081600, 01/08/2018, 00:00:00, 7727.28, 7750.0, 7437.0, 7603.99, 11853.49011195
1533168000, 02/08/2018, 00:00:00, 7603.99, 7707.54, 7462.0, 7533.92, 6917.39838355
1533254400, 03/08/2018, 00:00:00, 7533.92, 7538.53, 7285.0, 7414.08, 11084.8522024
1533340800, 04/08/2018, 00:00:00, 7414.08, 7495.0, 6940.0, 7005.0, 9933.75030971
1533427200, 05/08/2018, 00:00:00, 7005.0, 7086.52, 6880.0, 7030.01, 6243.59990905
1533513600, 06/08/2018, 00:00:00, 7030.0, 7163.0, 6840.0, 6938.0, 8956.04941689
1533600000, 07/08/2018, 00:00:00, 6938.0, 7152.0, 6647.07, 6718.22, 11165.1416331
1533686400, 08/08/2018, 00:00:00, 6718.22, 6718.22, 6121.04, 6282.5, 22145.35061404
1533772800, 09/08/2018, 00:00:00, 6282.5, 6633.21, 6177.51, 6546.45, 13980.70056404
1533859200, 10/08/2018, 00:00:00, 6546.46, 6584.8, 6015.0, 6146.01, 8064.70939768
1533945600, 11/08/2018, 00:00:00, 6146.01, 6485.76, 6003.0, 6235.56, 10153.23416272
1534032000, 12/08/2018, 00:00:00, 6236.0, 6482.0, 6169.46, 6316.01, 8324.09104131
1534118400, 13/08/2018, 00:00:00, 6316.0, 6544.99, 6139.57, 6253.67, 10604.12278957
1534204800, 14/08/2018, 00:00:00, 6253.67, 6258.32, 5900.0, 6195.01, 17742.68279169
1534291200, 15/08/2018, 00:00:00, 6195.0, 6636.0, 6189.0, 6269.01, 17786.54579416
1534377600, 16/08/2018, 00:00:00, 6269.01, 6475.01, 6200.0, 6315.9, 8976.04113374
1534464000, 17/08/2018, 00:00:00, 6315.9, 6585.5, 6290.39, 6585.49, 10776.85436559
1534550400, 18/08/2018, 00:00:00, 6585.5, 6613.23, 6312.0, 6396.64, 6974.44185927
1534636800, 19/08/2018, 00:00:00, 6396.63, 6547.34, 6328.45, 6489.53, 4472.17616704
1534723200, 20/08/2018, 00:00:00, 6489.53, 6525.0, 6227.71, 6258.74, 7905.42302586
1534809600, 21/08/2018, 00:00:00, 6258.74, 6490.0, 6249.12, 6475.89, 6860.90002944
1534896000, 22/08/2018, 00:00:00, 6475.89, 6890.65, 6250.0, 6359.99, 17611.22588439
1534982400, 23/08/2018, 00:00:00, 6359.99, 6568.37, 6348.69, 6526.36, 6998.97316777
1535068800, 24/08/2018, 00:00:00, 6526.36, 6725.0, 6451.55, 6690.88, 7427.5446068
1535155200, 25/08/2018, 00:00:00, 6690.88, 6790.0, 6668.0, 6737.52, 4930.16607076
1535241600, 26/08/2018, 00:00:00, 6737.52, 6773.0, 6572.0, 6709.98, 5009.10271396
1535328000, 27/08/2018, 00:00:00, 6709.98, 6947.6, 6654.13, 6911.9, 7307.58523518
1535414400, 28/08/2018, 00:00:00, 6911.9, 7128.0, 6864.96, 7071.01, 11880.45612553
1535500800, 29/08/2018, 00:00:00, 7071.01, 7119.0, 6907.42, 7030.9, 7712.75849986
1535587200, 30/08/2018, 00:00:00, 7030.92, 7048.66, 6790.0, 6983.0, 8327.34545381
1535673600, 31/08/2018, 00:00:00, 6983.0, 7090.46, 6884.49, 7015.01, 7857.29840392
1535760000, 01/09/2018, 00:00:00, 7015.01, 7275.0, 7010.98, 7191.08, 6276.18561687
1535846400, 02/09/2018, 00:00:00, 7191.07, 7328.99, 7130.0, 7295.0, 5891.96980364
1535932800, 03/09/2018, 00:00:00, 7294.99, 7339.52, 7192.99, 7256.98, 6133.07725249
1536019200, 04/09/2018, 00:00:00, 7256.48, 7402.5, 7229.94, 7360.0, 7999.76955668
1536105600, 05/09/2018, 00:00:00, 7359.99, 7384.0, 6664.07, 6687.96, 16381.47246369
1536192000, 06/09/2018, 00:00:00, 6687.96, 6703.73, 6272.73, 6495.0, 18836.77907471
1536278400, 07/09/2018, 00:00:00, 6495.0, 6530.0, 6325.0, 6395.01, 8369.22939503
1536364800, 08/09/2018, 00:00:00, 6395.01, 6460.0, 6116.0, 6188.0, 7581.68777214
1536451200, 09/09/2018, 00:00:00, 6188.0, 6450.0, 6147.0, 6235.01, 6356.67380803
1536537600, 10/09/2018, 00:00:00, 6235.02, 6375.13, 6221.49, 6300.0, 7028.65453232
1536624000, 11/09/2018, 00:00:00, 6300.0, 6405.0, 6176.76, 6282.53, 7512.79094263
1536710400, 12/09/2018, 00:00:00, 6282.53, 6340.94, 6191.1, 6326.0, 7428.99131549
1536796800, 13/09/2018, 00:00:00, 6326.0, 6530.0, 6323.64, 6485.99, 9800.75125525
1536883200, 14/09/2018, 00:00:00, 6485.99, 6580.0, 6378.05, 6478.04, 7691.81053625
1536969600, 15/09/2018, 00:00:00, 6478.05, 6565.0, 6470.0, 6518.68, 3404.11751484
1537056000, 16/09/2018, 00:00:00, 6518.68, 6521.75, 6323.68, 6498.0, 3520.8035532
1537142400, 17/09/2018, 00:00:00, 6498.0, 6529.75, 6207.55, 6250.7, 9335.4497769
1537228800, 18/09/2018, 00:00:00, 6250.71, 6384.04, 6228.0, 6335.7, 6137.36794174
1537315200, 19/09/2018, 00:00:00, 6335.69, 6511.0, 6106.37, 6386.94, 10754.09693733
1537401600, 20/09/2018, 00:00:00, 6386.95, 6530.0, 6337.0, 6493.11, 6819.60351487
1537488000, 21/09/2018, 00:00:00, 6493.11, 6777.1, 6492.5, 6750.0, 11391.70322303
1537574400, 22/09/2018, 00:00:00, 6750.0, 6823.0, 6628.01, 6707.33, 5315.7868296
1537660800, 23/09/2018, 00:00:00, 6707.34, 6777.0, 6660.05, 6696.99, 3506.51220124
1537747200, 24/09/2018, 00:00:00, 6696.99, 6716.16, 6555.99, 6582.09, 5562.20172954
1537833600, 25/09/2018, 00:00:00, 6582.09, 6582.1, 6320.5, 6436.89, 9533.99965627
1537920000, 26/09/2018, 00:00:00, 6435.0, 6537.26, 6380.62, 6455.66, 5910.04399306
1538006400, 27/09/2018, 00:00:00, 6455.65, 6734.79, 6430.0, 6680.01, 7878.87406105
1538092800, 28/09/2018, 00:00:00, 6680.01, 6786.73, 6528.13, 6620.01, 9039.12902254
1538179200, 29/09/2018, 00:00:00, 6620.01, 6620.01, 6452.02, 6581.0, 4371.91544933
1538265600, 30/09/2018, 00:00:00, 6581.0, 6642.28, 6523.0, 6605.0, 3698.72106704
1538352000, 01/10/2018, 00:00:00, 6605.0, 6639.33, 6474.9, 6572.83, 7146.81077109
1538438400, 02/10/2018, 00:00:00, 6572.83, 6591.37, 6452.0, 6498.46, 5444.03636431
1538524800, 03/10/2018, 00:00:00, 6498.47, 6507.95, 6398.96, 6466.03, 6264.41952033
1538611200, 04/10/2018, 00:00:00, 6466.03, 6603.01, 6454.38, 6547.45, 6676.80282302
1538697600, 05/10/2018, 00:00:00, 6547.45, 6641.0, 6510.58, 6593.94, 5347.26443214
1538784000, 06/10/2018, 00:00:00, 6593.94, 6594.39, 6536.0, 6552.43, 2725.25647489
1538870400, 07/10/2018, 00:00:00, 6552.42, 6585.01, 6491.81, 6570.0, 2625.49820988
1538956800, 08/10/2018, 00:00:00, 6569.99, 6681.19, 6545.63, 6608.07, 5447.87548657
1539043200, 09/10/2018, 00:00:00, 6607.53, 6612.86, 6552.5, 6589.48, 4580.90974272
1539129600, 10/10/2018, 00:00:00, 6589.48, 6591.32, 6445.48, 6524.56, 6387.67198644
1539216000, 11/10/2018, 00:00:00, 6524.56, 6524.56, 6033.34, 6154.69, 20730.76349424
1539302400, 12/10/2018, 00:00:00, 6154.68, 6235.2, 6111.97, 6188.01, 5574.64739116
1539388800, 13/10/2018, 00:00:00, 6188.01, 6212.0, 6178.0, 6196.0, 3842.85929097
1539475200, 14/10/2018, 00:00:00, 6196.01, 6288.45, 6151.0, 6183.49, 3763.1183462
1539561600, 15/10/2018, 00:00:00, 6183.52, 6810.0, 6151.58, 6440.42, 21436.33656382
1539648000, 16/10/2018, 00:00:00, 6440.43, 6493.11, 6375.0, 6457.11, 10080.9913573
1539734400, 17/10/2018, 00:00:00, 6457.1, 6459.99, 6411.19, 6443.7, 5507.26662058
1539820800, 18/10/2018, 00:00:00, 6443.69, 6489.83, 6355.0, 6394.96, 7212.21394135
1539907200, 19/10/2018, 00:00:00, 6394.96, 6409.61, 6353.86, 6382.99, 3816.48535963
1539993600, 20/10/2018, 00:00:00, 6382.99, 6420.0, 6369.0, 6414.0, 3425.84267768
1540080000, 21/10/2018, 00:00:00, 6413.99, 6452.87, 6405.57, 6415.88, 2611.79072657
1540166400, 22/10/2018, 00:00:00, 6415.87, 6427.63, 6377.77, 6407.65, 4004.82602681
1540252800, 23/10/2018, 00:00:00, 6407.64, 6411.5, 6360.0, 6395.14, 4036.62569307
1540339200, 24/10/2018, 00:00:00, 6395.13, 6471.0, 6395.13, 6415.98, 5193.91688879
1540425600, 25/10/2018, 00:00:00, 6415.97, 6422.0, 6377.5, 6395.58, 3747.24490173
1540512000, 26/10/2018, 00:00:00, 6395.58, 6450.0, 6383.54, 6404.87, 4134.91005811
1540598400, 27/10/2018, 00:00:00, 6404.87, 6421.76, 6390.0, 6409.12, 2332.79150241
1540684800, 28/10/2018, 00:00:00, 6409.11, 6415.0, 6380.01, 6403.62, 2142.01330512
1540771200, 29/10/2018, 00:00:00, 6403.63, 6414.99, 6211.0, 6266.0, 6986.99576529
1540857600, 30/10/2018, 00:00:00, 6266.0, 6289.0, 6240.54, 6267.63, 4101.07125232
1540944000, 31/10/2018, 00:00:00, 6267.63, 6353.24, 6201.67, 6304.18, 5229.24512215
1541030400, 01/11/2018, 00:00:00, 6304.18, 6360.0, 6293.44, 6344.0, 4490.97798078
1541116800, 02/11/2018, 00:00:00, 6344.0, 6378.77, 6333.94, 6349.8, 4182.90368781
1541203200, 03/11/2018, 00:00:00, 6349.8, 6351.7, 6315.91, 6331.96, 2572.93306167
1541289600, 04/11/2018, 00:00:00, 6331.96, 6464.15, 6313.17, 6423.28, 4055.76910661
1541376000, 05/11/2018, 00:00:00, 6423.29, 6439.99, 6372.0, 6404.0, 4088.66689308
1541462400, 06/11/2018, 00:00:00, 6404.0, 6449.65, 6387.82, 6448.5, 5512.34724778
1541548800, 07/11/2018, 00:00:00, 6448.5, 6540.0, 6448.5, 6503.12, 5832.93617972
1541635200, 08/11/2018, 00:00:00, 6503.12, 6511.88, 6388.0, 6406.24, 5335.81077269
1541721600, 09/11/2018, 00:00:00, 6406.24, 6415.0, 6305.0, 6334.89, 4588.21636599
1541808000, 10/11/2018, 00:00:00, 6334.89, 6374.0, 6327.46, 6347.42, 2421.62395944
1541894400, 11/11/2018, 00:00:00, 6347.42, 6360.0, 6271.15, 6357.6, 2363.52860474
1541980800, 12/11/2018, 00:00:00, 6357.6, 6383.59, 6305.95, 6327.87, 3731.22277403
1542067200, 13/11/2018, 00:00:00, 6327.87, 6328.22, 6252.5, 6259.34, 4686.91466432
1542153600, 14/11/2018, 00:00:00, 6259.35, 6293.38, 5280.93, 5605.46, 32734.2371058
1542240000, 15/11/2018, 00:00:00, 5605.01, 5645.0, 5188.0, 5579.52, 21893.75591627
1542326400, 16/11/2018, 00:00:00, 5579.5, 5609.91, 5410.0, 5512.24, 9359.82281671
1542412800, 17/11/2018, 00:00:00, 5512.26, 5544.0, 5450.83, 5504.17, 4784.39720845
1542499200, 18/11/2018, 00:00:00, 5503.34, 5665.0, 5503.34, 5560.0, 4724.53451302
1542585600, 19/11/2018, 00:00:00, 5560.0, 5560.0, 4670.05, 4733.5, 41591.922304
1542672000, 20/11/2018, 00:00:00, 4736.67, 4889.0, 4035.0, 4349.23, 66596.87804572
1542758400, 21/11/2018, 00:00:00, 4349.24, 4627.55, 4239.01, 4545.11, 28516.37041797
1542844800, 22/11/2018, 00:00:00, 4545.12, 4589.0, 4238.69, 4265.36, 13038.24058241
1542931200, 23/11/2018, 00:00:00, 4268.18, 4366.05, 4085.73, 4283.8, 19589.94093581
1543017600, 24/11/2018, 00:00:00, 4283.8, 4370.78, 3650.84, 3774.99, 22955.31007799
1543104000, 25/11/2018, 00:00:00, 3775.0, 4120.0, 3456.78, 3936.69, 39067.0408264
1543190400, 26/11/2018, 00:00:00, 3936.7, 4076.25, 3508.0, 3731.32, 36455.22367637
1543276800, 27/11/2018, 00:00:00, 3731.01, 3830.0, 3562.9, 3775.0, 23788.7518536
1543363200, 28/11/2018, 00:00:00, 3775.01, 4365.0, 3775.0, 4225.03, 35951.14939353
1543449600, 29/11/2018, 00:00:00, 4224.86, 4414.89, 4077.88, 4248.0, 20589.29919427
1543536000, 30/11/2018, 00:00:00, 4247.99, 4297.71, 3869.0, 3976.0, 20010.38688175
1543622400, 01/12/2018, 00:00:00, 3976.01, 4277.0, 3910.08, 4142.01, 10546.5152018
1543708800, 02/12/2018, 00:00:00, 4142.01, 4266.0, 4036.0, 4103.19, 11311.33063575
1543795200, 03/12/2018, 00:00:00, 4102.8, 4119.98, 3741.95, 3833.47, 17040.92435324
1543881600, 04/12/2018, 00:00:00, 3833.47, 4035.1, 3732.43, 3901.84, 16954.8572436
1543968000, 05/12/2018, 00:00:00, 3901.84, 3912.53, 3660.0, 3694.39, 14945.0424373
1544054400, 06/12/2018, 00:00:00, 3694.39, 3849.0, 3400.0, 3433.26, 28942.88212469
1544140800, 07/12/2018, 00:00:00, 3433.3, 3550.0, 3212.0, 3380.01, 37833.3063615
1544227200, 08/12/2018, 00:00:00, 3380.0, 3495.0, 3253.66, 3401.0, 13700.64053347
1544313600, 09/12/2018, 00:00:00, 3401.0, 3642.51, 3367.79, 3531.18, 11758.12530578
1544400000, 10/12/2018, 00:00:00, 3531.18, 3590.71, 3354.97, 3410.15, 13513.91205579
1544486400, 11/12/2018, 00:00:00, 3410.15, 3424.92, 3293.49, 3349.36, 11090.98128121
1544572800, 12/12/2018, 00:00:00, 3350.27, 3486.16, 3325.58, 3430.24, 10524.18793316
1544659200, 13/12/2018, 00:00:00, 3430.24, 3439.63, 3227.96, 3265.0, 14265.2612416
1544745600, 14/12/2018, 00:00:00, 3265.0, 3294.9, 3135.0, 3195.71, 14656.53845193
1544832000, 15/12/2018, 00:00:00, 3195.71, 3228.69, 3128.89, 3183.0, 9343.27239692
1544918400, 16/12/2018, 00:00:00, 3183.01, 3258.0, 3181.24, 3195.0, 7211.24213116
1545004800, 17/12/2018, 00:00:00, 3194.99, 3585.95, 3184.28, 3496.82, 21857.11842817
1545091200, 18/12/2018, 00:00:00, 3497.1, 3688.0, 3436.5, 3667.77, 16980.16942551
1545177600, 19/12/2018, 00:00:00, 3667.76, 3928.15, 3637.17, 3682.51, 28456.24369309
1545264000, 20/12/2018, 00:00:00, 3682.51, 4175.0, 3661.5, 4075.34, 30698.00488972
1545350400, 21/12/2018, 00:00:00, 4075.33, 4162.27, 3775.0, 3839.06, 23496.86262526
1545436800, 22/12/2018, 00:00:00, 3839.26, 4005.0, 3790.16, 3980.46, 9902.76761597
1545523200, 23/12/2018, 00:00:00, 3981.24, 4050.0, 3903.6, 3944.93, 10282.4571108
1545609600, 24/12/2018, 00:00:00, 3944.92, 4239.37, 3944.92, 4034.0, 19713.64189269
1545696000, 25/12/2018, 00:00:00, 4034.0, 4045.41, 3675.86, 3780.0, 13871.75447137
1545782400, 26/12/2018, 00:00:00, 3780.0, 3849.2, 3685.02, 3809.88, 9409.62555727
1545868800, 27/12/2018, 00:00:00, 3809.88, 3841.21, 3567.0, 3589.89, 13433.23545408
1545955200, 28/12/2018, 00:00:00, 3589.89, 3971.58, 3576.12, 3888.06, 16776.66567306
1546041600, 29/12/2018, 00:00:00, 3887.58, 3944.33, 3706.0, 3729.31, 9781.01832186
1546128000, 30/12/2018, 00:00:00, 3729.31, 3863.06, 3691.01, 3829.0, 8725.83851536
1546214400, 31/12/2018, 00:00:00, 3829.0, 3835.4, 3625.0, 3691.86, 12799.94262556
1546300800, 01/01/2019, 00:00:00, 3691.87, 3841.17, 3651.02, 3826.1, 10812.88498825
1546387200, 02/01/2019, 00:00:00, 3826.1, 3916.57, 3770.07, 3890.79, 9982.47084577
1546473600, 03/01/2019, 00:00:00, 3890.8, 3893.8, 3758.07, 3787.57, 9327.64708895
1546560000, 04/01/2019, 00:00:00, 3787.57, 3849.0, 3730.0, 3820.82, 9225.1505004
1546646400, 05/01/2019, 00:00:00, 3820.82, 3874.12, 3775.0, 3798.62, 6451.00775001
1546732800, 06/01/2019, 00:00:00, 3799.99, 4088.0, 3756.01, 4040.99, 10057.45367318
1546819200, 07/01/2019, 00:00:00, 4040.98, 4070.0, 3968.79, 4006.01, 9973.66538481
1546905600, 08/01/2019, 00:00:00, 4005.97, 4114.8, 3943.36, 3993.86, 13959.39645383
1546992000, 09/01/2019, 00:00:00, 3993.85, 4042.2, 3962.12, 4004.12, 10704.12810583
1547078400, 10/01/2019, 00:00:00, 4004.13, 4035.21, 3560.0, 3626.12, 21869.18380217
1547164800, 11/01/2019, 00:00:00, 3626.12, 3699.99, 3576.0, 3635.69, 14489.68866805
1547251200, 12/01/2019, 00:00:00, 3634.73, 3649.18, 3557.29, 3619.41, 5793.59903748
1547337600, 13/01/2019, 00:00:00, 3619.38, 3641.86, 3481.54, 3514.24, 8288.70074802
1547424000, 14/01/2019, 00:00:00, 3514.24, 3711.11, 3509.24, 3664.19, 11241.43679748
1547510400, 15/01/2019, 00:00:00, 3664.18, 3684.38, 3538.63, 3580.76, 10894.51487451
1547596800, 16/01/2019, 00:00:00, 3580.19, 3666.73, 3572.52, 3609.71, 8894.45981244
1547683200, 17/01/2019, 00:00:00, 3609.71, 3657.0, 3541.0, 3640.65, 8924.86466717
1547769600, 18/01/2019, 00:00:00, 3640.64, 3643.69, 3580.16, 3607.85, 5977.23699338
1547856000, 19/01/2019, 00:00:00, 3607.85, 3765.9, 3604.9, 3682.65, 6068.64620532
1547942400, 20/01/2019, 00:00:00, 3683.5, 3703.39, 3481.01, 3536.19, 7430.51959727
1548028800, 21/01/2019, 00:00:00, 3537.56, 3568.95, 3487.37, 3531.76, 6493.83265776
1548115200, 22/01/2019, 00:00:00, 3531.75, 3611.5, 3425.0, 3577.03, 9658.63220705
1548201600, 23/01/2019, 00:00:00, 3577.04, 3614.47, 3523.64, 3553.01, 8205.65630491
1548288000, 24/01/2019, 00:00:00, 3553.01, 3595.83, 3530.1, 3568.97, 5827.07203747
1548374400, 25/01/2019, 00:00:00, 3568.97, 3578.79, 3510.01, 3562.17, 6834.07115259
1548460800, 26/01/2019, 00:00:00, 3562.17, 3657.76, 3540.0, 3556.07, 5602.74054612
1548547200, 27/01/2019, 00:00:00, 3556.07, 3562.9, 3470.14, 3531.02, 4286.50898961
1548633600, 28/01/2019, 00:00:00, 3531.02, 3535.92, 3374.01, 3429.95, 13775.65442083
1548720000, 29/01/2019, 00:00:00, 3429.95, 3438.4, 3337.87, 3397.42, 8709.69730139
1548806400, 30/01/2019, 00:00:00, 3395.74, 3459.41, 3372.97, 3437.55, 8513.95881185
1548892800, 31/01/2019, 00:00:00, 3437.55, 3473.4, 3396.74, 3411.5, 7405.39614964
1548979200, 01/02/2019, 00:00:00, 3411.5, 3458.26, 3369.62, 3437.5, 8806.60171078
1549065600, 02/02/2019, 00:00:00, 3437.5, 3483.25, 3414.49, 3468.43, 3967.92350855
1549152000, 03/02/2019, 00:00:00, 3468.43, 3471.76, 3386.45, 3414.78, 4606.56891409
1549238400, 04/02/2019, 00:00:00, 3415.69, 3435.0, 3395.1, 3409.57, 6032.81895284
1549324800, 05/02/2019, 00:00:00, 3409.57, 3429.46, 3400.0, 3428.4, 6385.43577243
1549411200, 06/02/2019, 00:00:00, 3428.41, 3441.0, 3340.8, 3367.36, 9820.67219128
1549497600, 07/02/2019, 00:00:00, 3366.01, 3383.14, 3352.01, 3359.0, 8613.79912675
1549584000, 08/02/2019, 00:00:00, 3358.99, 3711.0, 3344.0, 3621.99, 17649.47598021
1549670400, 09/02/2019, 00:00:00, 3622.0, 3644.08, 3597.0, 3623.73, 5155.45743968
1549756800, 10/02/2019, 00:00:00, 3623.73, 3654.28, 3578.59, 3648.84, 5364.52948065
1549843200, 11/02/2019, 00:00:00, 3648.85, 3652.0, 3579.38, 3590.36, 8819.26148262
1549929600, 12/02/2019, 00:00:00, 3590.36, 3618.77, 3550.0, 3588.06, 8347.13611385
1550016000, 13/02/2019, 00:00:00, 3588.06, 3627.99, 3562.98, 3576.68, 7024.94220353
1550102400, 14/02/2019, 00:00:00, 3576.69, 3589.0, 3535.1, 3561.5, 6197.23550751
1550188800, 15/02/2019, 00:00:00, 3561.49, 3620.22, 3545.89, 3566.59, 7447.04312687
1550275200, 16/02/2019, 00:00:00, 3566.59, 3607.36, 3565.5, 3582.37, 4351.61748343
1550361600, 17/02/2019, 00:00:00, 3582.37, 3675.0, 3557.43, 3625.08, 6402.7929
1550448000, 18/02/2019, 00:00:00, 3625.08, 3917.0, 3616.18, 3867.0, 16895.18406274
1550534400, 19/02/2019, 00:00:00, 3867.0, 3969.54, 3841.54, 3888.01, 14845.22658779
1550620800, 20/02/2019, 00:00:00, 3888.37, 3967.19, 3867.13, 3938.99, 8929.2721525
1550707200, 21/02/2019, 00:00:00, 3939.0, 3988.0, 3869.45, 3897.71, 8806.93272354
1550793600, 22/02/2019, 00:00:00, 3897.71, 3956.43, 3886.15, 3942.02, 7667.21817378
1550880000, 23/02/2019, 00:00:00, 3942.02, 4156.1, 3911.3, 4110.0, 10844.79746285
1550966400, 24/02/2019, 00:00:00, 4110.0, 4188.79, 3712.84, 3734.22, 17002.16745501
1551052800, 25/02/2019, 00:00:00, 3734.23, 3860.0, 3731.09, 3818.79, 11164.08173195
1551139200, 26/02/2019, 00:00:00, 3818.78, 3826.37, 3763.71, 3799.48, 6520.29872931
1551225600, 27/02/2019, 00:00:00, 3799.49, 3823.13, 3655.0, 3799.91, 8297.56906415
1551312000, 28/02/2019, 00:00:00, 3800.35, 3910.0, 3754.37, 3792.14, 9852.47269969
1551398400, 01/03/2019, 00:00:00, 3792.14, 3843.0, 3791.31, 3806.17, 6816.69897242
1551484800, 02/03/2019, 00:00:00, 3806.17, 3818.08, 3763.0, 3809.7, 3720.64470762
1551571200, 03/03/2019, 00:00:00, 3809.7, 3815.48, 3763.62, 3786.93, 4100.67673393
1551657600, 04/03/2019, 00:00:00, 3786.93, 3804.99, 3672.39, 3700.72, 8335.76872427
1551744000, 05/03/2019, 00:00:00, 3700.02, 3876.65, 3692.36, 3844.59, 9534.91911905
1551830400, 06/03/2019, 00:00:00, 3844.59, 3894.7, 3812.0, 3851.89, 6911.18572899
1551916800, 07/03/2019, 00:00:00, 3851.89, 3891.0, 3830.79, 3857.05, 7308.01574651
1552003200, 08/03/2019, 00:00:00, 3857.04, 3910.88, 3771.0, 3843.12, 8988.38343108
1552089600, 09/03/2019, 00:00:00, 3842.62, 3947.33, 3834.59, 3917.0, 5821.05637535
1552176000, 10/03/2019, 00:00:00, 3917.0, 3917.0, 3867.84, 3900.92, 3602.23313878
1552262400, 11/03/2019, 00:00:00, 3900.93, 3911.83, 3817.01, 3849.68, 6170.4651356
1552348800, 12/03/2019, 00:00:00, 3849.67, 3875.33, 3796.71, 3860.0, 6921.17284956
1552435200, 13/03/2019, 00:00:00, 3860.0, 3871.02, 3827.5, 3851.02, 5689.69622247
1552521600, 14/03/2019, 00:00:00, 3851.02, 3900.0, 3779.28, 3853.95, 7895.18815498
1552608000, 15/03/2019, 00:00:00, 3853.95, 3910.0, 3846.79, 3902.8, 6794.31389855
1552694400, 16/03/2019, 00:00:00, 3902.8, 4037.47, 3900.89, 3990.0, 6801.89533817
1552780800, 17/03/2019, 00:00:00, 3990.0, 3991.0, 3936.3, 3967.01, 3579.86643543
1552867200, 18/03/2019, 00:00:00, 3967.01, 4015.7, 3937.69, 3970.5, 5613.64637341
1552953600, 19/03/2019, 00:00:00, 3969.68, 4009.61, 3952.08, 4000.85, 5889.02569989
1553040000, 20/03/2019, 00:00:00, 4000.85, 4044.82, 3965.43, 4031.85, 7321.39290672
1553126400, 21/03/2019, 00:00:00, 4032.68, 4056.33, 3915.14, 3972.76, 9362.01127686
1553212800, 22/03/2019, 00:00:00, 3972.76, 3998.01, 3961.7, 3983.78, 5137.20746387
1553299200, 23/03/2019, 00:00:00, 3983.77, 3997.01, 3960.25, 3983.43, 4145.33997822
1553385600, 24/03/2019, 00:00:00, 3982.45, 3982.45, 3946.0, 3969.52, 2699.83001403
1553472000, 25/03/2019, 00:00:00, 3969.52, 3976.47, 3858.0, 3907.53, 6471.85662029
1553558400, 26/03/2019, 00:00:00, 3907.54, 3923.9, 3880.64, 3921.45, 4279.07361049
1553644800, 27/03/2019, 00:00:00, 3922.41, 4035.8, 3914.9, 4026.53, 6852.41006794
1553731200, 28/03/2019, 00:00:00, 4026.54, 4026.54, 3994.0, 4011.17, 4867.33830466
1553817600, 29/03/2019, 00:00:00, 4011.98, 4101.5, 4007.78, 4091.01, 9955.46857667
1553904000, 30/03/2019, 00:00:00, 4091.01, 4131.87, 4042.51, 4094.14, 5262.21344691
1553990400, 31/03/2019, 00:00:00, 4094.14, 4103.0, 4077.01, 4094.99, 3140.83701306
1554076800, 01/04/2019, 00:00:00, 4095.0, 4149.5, 4051.53, 4137.0, 7951.26492707
1554163200, 02/04/2019, 00:00:00, 4137.01, 5121.0, 4132.02, 4901.93, 38406.93211632
1554249600, 03/04/2019, 00:00:00, 4901.92, 5345.0, 4787.11, 4975.97, 39435.72650644
1554336000, 04/04/2019, 00:00:00, 4975.13, 5071.34, 4778.0, 4906.49, 16348.20012368
1554422400, 05/04/2019, 00:00:00, 4907.92, 5066.59, 4887.34, 5040.66, 11681.37430365
1554508800, 06/04/2019, 00:00:00, 5040.95, 5244.04, 4925.0, 5049.22, 12091.44129438
1554595200, 07/04/2019, 00:00:00, 5049.18, 5270.33, 5029.7, 5194.79, 10156.6009031
1554681600, 08/04/2019, 00:00:00, 5194.76, 5352.5, 5132.28, 5285.54, 15666.45276154
1554768000, 09/04/2019, 00:00:00, 5286.82, 5287.0, 5145.0, 5187.21, 9741.06958958
1554854400, 10/04/2019, 00:00:00, 5187.21, 5488.0, 5164.49, 5318.58, 16740.40012691
1554940800, 11/04/2019, 00:00:00, 5322.02, 5342.74, 4967.24, 5041.3, 16499.10831947
1555027200, 12/04/2019, 00:00:00, 5040.11, 5118.56, 4901.99, 5078.19, 9952.12636385
1555113600, 13/04/2019, 00:00:00, 5078.19, 5123.28, 5036.74, 5066.22, 4288.93959827
1555200000, 14/04/2019, 00:00:00, 5065.02, 5191.19, 5013.81, 5164.27, 4408.9676634
1555286400, 15/04/2019, 00:00:00, 5163.81, 5193.01, 4945.54, 5029.99, 10155.67146076
1555372800, 16/04/2019, 00:00:00, 5029.99, 5229.97, 5016.45, 5202.9, 8624.24494496
1555459200, 17/04/2019, 00:00:00, 5201.21, 5272.32, 5173.11, 5227.0, 7415.7258123
1555545600, 18/04/2019, 00:00:00, 5227.0, 5318.18, 5222.26, 5281.81, 8234.19965894
1555632000, 19/04/2019, 00:00:00, 5280.5, 5359.47, 5196.7, 5290.36, 6330.55080825
1555718400, 20/04/2019, 00:00:00, 5290.37, 5359.98, 5260.24, 5319.89, 4905.68285834
1555804800, 21/04/2019, 00:00:00, 5319.9, 5349.16, 5213.34, 5297.64, 5748.50732462
1555891200, 22/04/2019, 00:00:00, 5297.64, 5440.84, 5250.45, 5387.6, 12286.70533914
1555977600, 23/04/2019, 00:00:00, 5387.6, 5650.01, 5361.01, 5532.75, 18208.5965253
1556064000, 24/04/2019, 00:00:00, 5532.75, 5624.47, 5374.0, 5441.9, 15137.83284352
1556150400, 25/04/2019, 00:00:00, 5440.59, 5512.12, 4963.0, 5134.81, 18152.86625521
1556236800, 26/04/2019, 00:00:00, 5134.82, 5295.03, 5041.14, 5159.51, 14423.59230926
1556323200, 27/04/2019, 00:00:00, 5159.5, 5221.24, 5117.46, 5170.6, 4268.747635
1556409600, 28/04/2019, 00:00:00, 5171.9, 5214.5, 5101.0, 5155.0, 4913.46465612
1556496000, 29/04/2019, 00:00:00, 5155.0, 5189.54, 5072.01, 5148.25, 7338.23455569
1556582400, 30/04/2019, 00:00:00, 5148.25, 5285.0, 5126.25, 5270.69, 7270.79721224
1556668800, 01/05/2019, 00:00:00, 5270.68, 5358.39, 5265.61, 5321.15, 7327.28530895
1556755200, 02/05/2019, 00:00:00, 5321.15, 5422.99, 5306.09, 5390.01, 7324.97455784
1556841600, 03/05/2019, 00:00:00, 5390.0, 5796.93, 5363.0, 5657.4, 19730.73219167
1556928000, 04/05/2019, 00:00:00, 5657.41, 5846.88, 5512.0, 5770.01, 11070.84484696
1557014400, 05/05/2019, 00:00:00, 5770.01, 5782.22, 5627.35, 5715.86, 5764.75926622
1557100800, 06/05/2019, 00:00:00, 5715.86, 5753.66, 5564.93, 5687.9, 9144.01872377
1557187200, 07/05/2019, 00:00:00, 5687.9, 5974.51, 5687.9, 5748.45, 16066.74315422
1557273600, 08/05/2019, 00:00:00, 5748.47, 5990.0, 5656.26, 5948.41, 12720.17516002
1557360000, 09/05/2019, 00:00:00, 5947.0, 6171.1, 5934.49, 6153.09, 15697.64557254
1557446400, 10/05/2019, 00:00:00, 6153.09, 6430.0, 6108.81, 6343.14, 17600.38078264
1557532800, 11/05/2019, 00:00:00, 6342.99, 7464.13, 6342.98, 7219.95, 37819.24015936
1557619200, 12/05/2019, 00:00:00, 7215.02, 7581.82, 6755.0, 6979.76, 41012.54156875
1557705600, 13/05/2019, 00:00:00, 6979.24, 8195.0, 6864.93, 7824.93, 47215.37160625
1557792000, 14/05/2019, 00:00:00, 7822.88, 8350.0, 7621.27, 7990.92, 39515.75092642
1557878400, 15/05/2019, 00:00:00, 7990.92, 8308.16, 7831.77, 8203.32, 24928.15679387
1557964800, 16/05/2019, 00:00:00, 8203.33, 8388.0, 7660.74, 7878.96, 29391.33326238
1558051200, 17/05/2019, 00:00:00, 7881.39, 7940.75, 6600.0, 7363.69, 47374.72004433
1558137600, 18/05/2019, 00:00:00, 7363.85, 7491.22, 7204.42, 7262.4, 11074.40023056
1558224000, 19/05/2019, 00:00:00, 7262.39, 8315.0, 7252.58, 8200.0, 25170.35141068
1558310400, 20/05/2019, 00:00:00, 8194.34, 8199.53, 7570.31, 7999.54, 25402.08288327
1558396800, 21/05/2019, 00:00:00, 7998.94, 8112.99, 7805.34, 7951.7, 14246.43358032
1558483200, 22/05/2019, 00:00:00, 7951.69, 8044.32, 7506.12, 7626.48, 17522.65516801
1558569600, 23/05/2019, 00:00:00, 7622.25, 7984.9, 7467.1, 7881.98, 14905.94956167
1558656000, 24/05/2019, 00:00:00, 7878.16, 8175.0, 7794.73, 8001.7, 14767.93865471
1558742400, 25/05/2019, 00:00:00, 8001.69, 8149.0, 7941.25, 8063.81, 5373.26586404
1558828800, 26/05/2019, 00:00:00, 8063.68, 8793.97, 7881.7, 8731.72, 19430.80768485
1558915200, 27/05/2019, 00:00:00, 8732.34, 8947.88, 8611.44, 8772.29, 18163.72218119
1559001600, 28/05/2019, 00:00:00, 8772.29, 8822.46, 8545.0, 8715.36, 11990.4786465
1559088000, 29/05/2019, 00:00:00, 8715.36, 8760.43, 8426.09, 8662.44, 12327.60538948
1559174400, 30/05/2019, 00:00:00, 8662.44, 9090.0, 7972.0, 8279.69, 31707.59661067
1559260800, 31/05/2019, 00:00:00, 8279.69, 8580.0, 8110.0, 8554.06, 16598.9906999
1559347200, 01/06/2019, 00:00:00, 8554.06, 8618.0, 8452.21, 8558.95, 7486.03153748
1559433600, 02/06/2019, 00:00:00, 8558.8, 8834.0, 8550.0, 8736.55, 5865.28679631
1559520000, 03/06/2019, 00:00:00, 8736.55, 8742.48, 8030.46, 8107.96, 16677.69381419
1559606400, 04/06/2019, 00:00:00, 8104.95, 8104.95, 7427.0, 7670.96, 30486.58038816
1559692800, 05/06/2019, 00:00:00, 7671.07, 7932.87, 7570.0, 7789.48, 13294.21843767
1559779200, 06/06/2019, 00:00:00, 7787.36, 7874.68, 7450.0, 7805.0, 12526.0791548
1559865600, 07/06/2019, 00:00:00, 7805.0, 8134.29, 7756.79, 7998.13, 12669.68777089
1559952000, 08/06/2019, 00:00:00, 7998.13, 8059.99, 7786.01, 7930.14, 5088.51192976
1560038400, 09/06/2019, 00:00:00, 7930.14, 7960.0, 7508.77, 7634.58, 7667.4720151
1560124800, 10/06/2019, 00:00:00, 7635.05, 8097.35, 7516.9, 8015.69, 9866.51844682
1560211200, 11/06/2019, 00:00:00, 8015.7, 8057.19, 7702.83, 7918.17, 7810.18254388
1560297600, 12/06/2019, 00:00:00, 7913.64, 8292.43, 7817.0, 8176.02, 12826.8715595
1560384000, 13/06/2019, 00:00:00, 8176.03, 8329.99, 8048.75, 8239.04, 8631.6679812
1560470400, 14/06/2019, 00:00:00, 8239.04, 8738.92, 8180.08, 8697.46, 12739.93242229
1560556800, 15/06/2019, 00:00:00, 8697.45, 8916.63, 8588.7, 8860.23, 9997.17582098
1560643200, 16/06/2019, 00:00:00, 8856.13, 9388.0, 8799.7, 8975.0, 22620.39051169
1560729600, 17/06/2019, 00:00:00, 8975.78, 9475.0, 8975.78, 9333.14, 20653.48868711
1560816000, 18/06/2019, 00:00:00, 9333.08, 9359.48, 8919.72, 9078.48, 16415.4159215
1560902400, 19/06/2019, 00:00:00, 9078.48, 9319.5, 9035.75, 9277.54, 9225.45675764
1560988800, 20/06/2019, 00:00:00, 9277.55, 9599.0, 9210.3, 9531.21, 12144.51015941
1561075200, 21/06/2019, 00:00:00, 9531.21, 10245.0, 9531.21, 10236.2, 24905.11878991
1561161600, 22/06/2019, 00:00:00, 10235.59, 11215.89, 10080.0, 10666.86, 38347.96821307
1561248000, 23/06/2019, 00:00:00, 10666.87, 11284.44, 10490.0, 10833.02, 17386.65814456
1561334400, 24/06/2019, 00:00:00, 10833.0, 11091.97, 10550.21, 11032.32, 15499.05518954
1561420800, 25/06/2019, 00:00:00, 11030.8, 11788.88, 10997.0, 11755.53, 25027.55358061
1561507200, 26/06/2019, 00:00:00, 11754.25, 13868.44, 11350.0, 12927.44, 82377.604193
1561593600, 27/06/2019, 00:00:00, 12927.44, 13358.68, 10300.0, 11159.29, 77275.98772137
1561680000, 28/06/2019, 00:00:00, 11159.29, 12444.77, 10737.87, 12360.45, 42092.85495596
1561766400, 29/06/2019, 00:00:00, 12360.42, 12379.99, 11318.94, 11865.29, 28879.34994129
1561852800, 30/06/2019, 00:00:00, 11869.84, 12200.0, 10650.06, 10761.26, 28722.48538952
1561939200, 01/07/2019, 00:00:00, 10761.26, 11210.52, 9953.0, 10577.63, 39825.95471069
1562025600, 02/07/2019, 00:00:00, 10578.23, 10925.0, 9651.0, 10829.18, 43614.89365309
1562112000, 03/07/2019, 00:00:00, 10829.19, 12014.6, 10829.19, 11976.42, 38216.68004129
1562198400, 04/07/2019, 00:00:00, 11976.01, 12064.26, 11035.01, 11136.0, 22601.37480257
1562284800, 05/07/2019, 00:00:00, 11137.87, 11449.51, 10761.8, 11004.51, 20737.37976413
1562371200, 06/07/2019, 00:00:00, 10994.99, 11723.6, 10980.09, 11237.77, 15612.77821957
1562457600, 07/07/2019, 00:00:00, 11237.77, 11620.0, 11084.31, 11474.42, 11293.22901394
1562544000, 08/07/2019, 00:00:00, 11474.44, 12395.0, 11328.01, 12293.53, 20423.56124492
1562630400, 09/07/2019, 00:00:00, 12293.39, 12829.96, 12105.32, 12571.11, 27431.42201721
1562716800, 10/07/2019, 00:00:00, 12572.12, 13202.63, 11553.21, 12097.96, 41379.8431996
1562803200, 11/07/2019, 00:00:00, 12097.48, 12097.93, 10933.0, 11349.0, 37301.32072503
1562889600, 12/07/2019, 00:00:00, 11348.56, 11950.0, 11079.59, 11802.0, 18541.25295757
1562976000, 13/07/2019, 00:00:00, 11797.53, 11845.0, 10814.4, 11370.08, 18417.60494114
1563062400, 14/07/2019, 00:00:00, 11370.06, 11467.27, 10084.4, 10185.03, 25829.61014172
1563148800, 15/07/2019, 00:00:00, 10190.91, 11080.01, 9857.27, 10854.47, 34137.37304062
1563235200, 16/07/2019, 00:00:00, 10856.41, 11040.0, 9350.0, 9422.72, 43610.3814887
1563321600, 17/07/2019, 00:00:00, 9429.8, 9998.0, 9071.0, 9696.31, 35319.410925
1563408000, 18/07/2019, 00:00:00, 9696.39, 10799.0, 9291.0, 10649.07, 33044.50123646
1563494400, 19/07/2019, 00:00:00, 10652.76, 10777.21, 10111.0, 10538.06, 19729.47932166
1563580800, 20/07/2019, 00:00:00, 10536.92, 11112.31, 10360.65, 10761.03, 18390.4921253
1563667200, 21/07/2019, 00:00:00, 10761.03, 10835.0, 10320.0, 10590.7, 11939.86553507
1563753600, 22/07/2019, 00:00:00, 10590.71, 10688.14, 10060.0, 10323.39, 15798.9279419
1563840000, 23/07/2019, 00:00:00, 10324.13, 10324.28, 9800.23, 9840.12, 18060.8898857
1563926400, 24/07/2019, 00:00:00, 9848.9, 9919.08, 9507.38, 9772.6, 18264.50732336
1564012800, 25/07/2019, 00:00:00, 9772.59, 10184.99, 9734.58, 9883.33, 13297.26756531
1564099200, 26/07/2019, 00:00:00, 9880.86, 9898.03, 9657.21, 9843.0, 10732.61028519
1564185600, 27/07/2019, 00:00:00, 9843.0, 10248.41, 9292.0, 9479.98, 18982.08417104
1564272000, 28/07/2019, 00:00:00, 9469.37, 9669.11, 9108.88, 9533.0, 10054.74987437
1564358400, 29/07/2019, 00:00:00, 9533.0, 9729.87, 9356.75, 9495.01, 10565.16661892
1564444800, 30/07/2019, 00:00:00, 9499.21, 9839.83, 9371.96, 9589.01, 9411.16267094
1564531200, 31/07/2019, 00:00:00, 9589.01, 10135.12, 9570.01, 10087.3, 12849.73773412
1564617600, 01/08/2019, 00:00:00, 10089.97, 10497.0, 9881.0, 10405.94, 14432.5695627
1564704000, 02/08/2019, 00:00:00, 10404.41, 10670.0, 10321.42, 10533.01, 13217.84401203
1564790400, 03/08/2019, 00:00:00, 10533.62, 10922.08, 10500.0, 10820.76, 10082.35714313
1564876800, 04/08/2019, 00:00:00, 10822.09, 11089.74, 10572.0, 10977.51, 11813.6738868
1564963200, 05/08/2019, 00:00:00, 10977.98, 11950.0, 10977.98, 11819.49, 23345.19630495
1565049600, 06/08/2019, 00:00:00, 11811.75, 12320.4, 11187.0, 11465.49, 24773.04936684
1565136000, 07/08/2019, 00:00:00, 11465.49, 12147.0, 11366.26, 11975.03, 22145.48730119
1565222400, 08/08/2019, 00:00:00, 11983.41, 12050.0, 11451.0, 11981.0, 14887.10999049
1565308800, 09/08/2019, 00:00:00, 11982.39, 12040.0, 11651.89, 11856.1, 11774.51896894
1565395200, 10/08/2019, 00:00:00, 11860.62, 11969.99, 11170.0, 11280.95, 13852.24742434
1565481600, 11/08/2019, 00:00:00, 11280.95, 11585.0, 11088.88, 11540.76, 7329.58936485
1565568000, 12/08/2019, 00:00:00, 11540.76, 11555.55, 11222.4, 11389.28, 6095.28181493
1565654400, 13/08/2019, 00:00:00, 11389.25, 11438.39, 10746.0, 10854.92, 12500.34295603
1565740800, 14/08/2019, 00:00:00, 10854.92, 10859.97, 9888.88, 10025.86, 24889.57722872
1565827200, 15/08/2019, 00:00:00, 10021.13, 10445.0, 9470.0, 10300.01, 27939.82663467
1565913600, 16/08/2019, 00:00:00, 10300.01, 10539.9, 9739.99, 10352.78, 19532.59596641
1566000000, 17/08/2019, 00:00:00, 10352.78, 10475.82, 9978.0, 10217.79, 7307.99789432
1566086400, 18/08/2019, 00:00:00, 10217.99, 10513.45, 10066.66, 10315.48, 6794.78437545
1566172800, 19/08/2019, 00:00:00, 10315.48, 10938.76, 10265.0, 10920.0, 12220.3862029
1566259200, 20/08/2019, 00:00:00, 10917.94, 10953.0, 10555.7, 10769.09, 8820.93622259
1566345600, 21/08/2019, 00:00:00, 10768.49, 10800.0, 9841.59, 10130.0, 17445.28744509
1566432000, 22/08/2019, 00:00:00, 10133.34, 10237.53, 9759.0, 10107.15, 10912.33836991
1566518400, 23/08/2019, 00:00:00, 10105.61, 10478.0, 10035.84, 10410.85, 9413.53218337
1566604800, 24/08/2019, 00:00:00, 10413.45, 10429.0, 9886.26, 10147.96, 7987.20795651
1566691200, 25/08/2019, 00:00:00, 10148.0, 10374.85, 9899.95, 10138.72, 7288.06423633
1566777600, 26/08/2019, 00:00:00, 10142.0, 10680.0, 10140.9, 10361.65, 14125.38101325
1566864000, 27/08/2019, 00:00:00, 10361.65, 10379.87, 10019.56, 10171.85, 7514.28766499
1566950400, 28/08/2019, 00:00:00, 10171.95, 10277.0, 9522.93, 9714.31, 17637.06892056
1567036800, 29/08/2019, 00:00:00, 9714.01, 9717.03, 9321.73, 9495.0, 14421.69716916
1567123200, 30/08/2019, 00:00:00, 9494.8, 9699.0, 9337.97, 9582.42, 8734.15084369
1567209600, 31/08/2019, 00:00:00, 9582.42, 9707.48, 9436.2, 9600.86, 4057.20202851
1567296000, 01/09/2019, 00:00:00, 9600.86, 9840.0, 9539.58, 9766.52, 4200.85038239
1567382400, 02/09/2019, 00:00:00, 9766.62, 10486.77, 9756.54, 10381.26, 11794.06048881
1567468800, 03/09/2019, 00:00:00, 10381.26, 10790.0, 10280.0, 10628.48, 15518.02066249
1567555200, 04/09/2019, 00:00:00, 10628.48, 10833.14, 10380.0, 10581.84, 12180.82546922
1567641600, 05/09/2019, 00:00:00, 10581.84, 10666.43, 10452.15, 10574.73, 7432.47882878
1567728000, 06/09/2019, 00:00:00, 10574.28, 10939.34, 10182.0, 10308.92, 15732.60470722
1567814400, 07/09/2019, 00:00:00, 10308.9, 10580.0, 10304.52, 10484.37, 4381.36082048
1567900800, 08/09/2019, 00:00:00, 10484.37, 10595.0, 10231.13, 10398.97, 4915.56585169
1567987200, 09/09/2019, 00:00:00, 10401.13, 10541.75, 10059.99, 10310.0, 9745.07271844
1568073600, 10/09/2019, 00:00:00, 10310.01, 10389.26, 9916.0, 10093.01, 8098.57574372
1568160000, 11/09/2019, 00:00:00, 10093.0, 10297.12, 9851.97, 10160.2, 8374.04003496
1568246400, 12/09/2019, 00:00:00, 10158.81, 10460.0, 10040.0, 10423.72, 7625.24967791
1568332800, 13/09/2019, 00:00:00, 10423.85, 10452.5, 10157.0, 10365.93, 6909.03483326
1568419200, 14/09/2019, 00:00:00, 10365.94, 10439.0, 10223.36, 10360.25, 4470.31545378
1568505600, 15/09/2019, 00:00:00, 10360.01, 10380.0, 10263.39, 10304.46, 2745.26528355
1568592000, 16/09/2019, 00:00:00, 10303.66, 10379.98, 10068.42, 10262.54, 7785.7271484
1568678400, 17/09/2019, 00:00:00, 10262.54, 10276.18, 10135.44, 10185.39, 5716.08222324
1568764800, 18/09/2019, 00:00:00, 10185.42, 10258.0, 10074.08, 10155.26, 5627.58140023
1568851200, 19/09/2019, 00:00:00, 10156.22, 10379.15, 9585.86, 10275.01, 15625.02434239
1568937600, 20/09/2019, 00:00:00, 10275.01, 10309.84, 10056.3, 10168.85, 6183.91792313
1569024000, 21/09/2019, 00:00:00, 10168.85, 10170.15, 9917.34, 9973.99, 5043.0795144
1569110400, 22/09/2019, 00:00:00, 9973.99, 10097.0, 9848.37, 10026.8, 5276.95241027
1569196800, 23/09/2019, 00:00:00, 10026.79, 10051.15, 9609.37, 9693.74, 11355.88878537
1569283200, 24/09/2019, 00:00:00, 9693.74, 9777.16, 8159.35, 8530.01, 38736.2261491
1569369600, 25/09/2019, 00:00:00, 8530.01, 8743.86, 8222.01, 8438.35, 23524.43263014
1569456000, 26/09/2019, 00:00:00, 8438.35, 8464.08, 7712.45, 8060.0, 27664.78945578
1569542400, 27/09/2019, 00:00:00, 8060.0, 8290.0, 7861.02, 8193.99, 15914.66412076
1569628800, 28/09/2019, 00:00:00, 8193.99, 8343.0, 8015.25, 8217.47, 9039.55200543
1569715200, 29/09/2019, 00:00:00, 8217.47, 8246.87, 7902.96, 8052.4, 7142.36916333
1569801600, 30/09/2019, 00:00:00, 8054.09, 8393.23, 7701.0, 8304.96, 15142.61949966
1569888000, 01/10/2019, 00:00:00, 8304.95, 8535.0, 8200.0, 8321.52, 12266.35796784
1569974400, 02/10/2019, 00:00:00, 8321.87, 8391.0, 8168.85, 8381.72, 7016.97195206
1570060800, 03/10/2019, 00:00:00, 8381.72, 8419.95, 8059.22, 8240.41, 7778.11842343
1570147200, 04/10/2019, 00:00:00, 8241.27, 8241.35, 8002.21, 8156.67, 7715.28010237
1570233600, 05/10/2019, 00:00:00, 8156.68, 8200.0, 8020.2, 8147.63, 3826.82870697
1570320000, 06/10/2019, 00:00:00, 8147.63, 8176.18, 7780.85, 7859.79, 8697.93975986
1570406400, 07/10/2019, 00:00:00, 7859.79, 8310.57, 7762.35, 8209.0, 10012.00725014
1570492800, 08/10/2019, 00:00:00, 8208.99, 8342.97, 8107.26, 8180.0, 5857.54021433
1570579200, 09/10/2019, 00:00:00, 8180.0, 8712.45, 8121.0, 8590.0, 14459.7776891
1570665600, 10/10/2019, 00:00:00, 8590.01, 8660.0, 8452.5, 8587.5, 7908.66988763
1570752000, 11/10/2019, 00:00:00, 8587.49, 8826.0, 8226.0, 8267.33, 12446.84471206
1570838400, 12/10/2019, 00:00:00, 8263.02, 8425.0, 8261.46, 8309.03, 3046.40450951
1570924800, 13/10/2019, 00:00:00, 8309.03, 8469.02, 8146.47, 8282.97, 5858.03981575
1571011200, 14/10/2019, 00:00:00, 8282.96, 8409.0, 8215.66, 8355.0, 4462.4931302
1571097600, 15/10/2019, 00:00:00, 8355.0, 8420.0, 8085.65, 8162.44, 8558.56827956
1571184000, 16/10/2019, 00:00:00, 8162.44, 8171.59, 7908.86, 7993.54, 8489.99546525
1571270400, 17/10/2019, 00:00:00, 7995.81, 8124.42, 7937.01, 8076.2, 4909.27039643
1571356800, 18/10/2019, 00:00:00, 8076.94, 8117.77, 7814.08, 7954.16, 7071.35598576
1571443200, 19/10/2019, 00:00:00, 7954.15, 8099.98, 7873.46, 7965.28, 4839.48919554
1571529600, 20/10/2019, 00:00:00, 7965.27, 8309.0, 7875.01, 8236.12, 6162.04807515
1571616000, 21/10/2019, 00:00:00, 8235.94, 8349.84, 8156.0, 8209.92, 6137.13312184
1571702400, 22/10/2019, 00:00:00, 8209.92, 8317.14, 7998.9, 8024.72, 6015.86741941
1571788800, 23/10/2019, 00:00:00, 8024.0, 8049.0, 7296.44, 7474.85, 19159.93039884
1571875200, 24/10/2019, 00:00:00, 7475.54, 7509.99, 7359.48, 7430.87, 7972.6408295
1571961600, 25/10/2019, 00:00:00, 7430.87, 8800.1, 7389.91, 8668.0, 27140.20895781
1572048000, 26/10/2019, 00:00:00, 8668.0, 10540.49, 8645.01, 9259.78, 53383.40194086
1572134400, 27/10/2019, 00:00:00, 9259.98, 9826.72, 9102.33, 9548.84, 19636.4291242
1572220800, 28/10/2019, 00:00:00, 9555.89, 9939.69, 9180.59, 9226.5, 16736.97258328
1572307200, 29/10/2019, 00:00:00, 9225.06, 9575.0, 9068.19, 9430.8, 12640.19748534
1572393600, 30/10/2019, 00:00:00, 9431.36, 9431.36, 8991.33, 9164.44, 9862.67699421
1572480000, 31/10/2019, 00:00:00, 9164.45, 9433.0, 8950.0, 9159.48, 8326.9619179
1572566400, 01/11/2019, 00:00:00, 9159.96, 9299.99, 9057.27, 9253.12, 7774.27145408
1572652800, 02/11/2019, 00:00:00, 9253.09, 9393.0, 9210.0, 9308.52, 4559.26538837
1572739200, 03/11/2019, 00:00:00, 9308.52, 9380.0, 9068.3, 9206.52, 4294.50041401
1572825600, 04/11/2019, 00:00:00, 9206.52, 9600.0, 9127.0, 9412.53, 8361.9587774
1572912000, 05/11/2019, 00:00:00, 9412.63, 9474.89, 9169.84, 9322.09, 7581.21667266
1572998400, 06/11/2019, 00:00:00, 9322.09, 9450.0, 9253.66, 9341.27, 6829.68611819
1573084800, 07/11/2019, 00:00:00, 9341.27, 9375.16, 9075.0, 9198.84, 5989.36091519
1573171200, 08/11/2019, 00:00:00, 9198.85, 9246.0, 8660.0, 8763.01, 12876.55531942
1573257600, 09/11/2019, 00:00:00, 8763.01, 8873.48, 8712.52, 8807.89, 4175.00938447
1573344000, 10/11/2019, 00:00:00, 8807.89, 9150.0, 8731.43, 9032.23, 6070.46798596
1573430400, 11/11/2019, 00:00:00, 9032.23, 9067.34, 8590.0, 8721.54, 7049.92853839
1573516800, 12/11/2019, 00:00:00, 8721.53, 8870.0, 8556.56, 8810.0, 6272.86259557
1573603200, 13/11/2019, 00:00:00, 8811.0, 8838.8, 8705.0, 8758.34, 4486.2787504
1573689600, 14/11/2019, 00:00:00, 8758.34, 8784.61, 8558.01, 8630.0, 5607.47902352
1573776000, 15/11/2019, 00:00:00, 8630.01, 8773.22, 8361.0, 8457.48, 10940.91541078
1573862400, 16/11/2019, 00:00:00, 8457.48, 8531.03, 8423.0, 8481.0, 2712.33956982
1573948800, 17/11/2019, 00:00:00, 8481.0, 8637.01, 8371.02, 8500.01, 3754.24485434
1574035200, 18/11/2019, 00:00:00, 8501.0, 8501.01, 8015.0, 8168.84, 9864.11956342
1574121600, 19/11/2019, 00:00:00, 8168.84, 8197.82, 7980.07, 8123.36, 7360.99550259
1574208000, 20/11/2019, 00:00:00, 8123.36, 8222.41, 8030.05, 8082.96, 5296.45566165
1574294400, 21/11/2019, 00:00:00, 8082.97, 8114.97, 7374.5, 7616.46, 16947.0184322
1574380800, 22/11/2019, 00:00:00, 7616.48, 7720.0, 6775.47, 7283.03, 33676.50950942
1574467200, 23/11/2019, 00:00:00, 7283.19, 7361.41, 7102.21, 7329.29, 7728.4239895
1574553600, 24/11/2019, 00:00:00, 7329.29, 7344.0, 6865.0, 6908.64, 10695.00788503
1574640000, 25/11/2019, 00:00:00, 6908.64, 7379.99, 6526.0, 7127.01, 27124.48255363
1574726400, 26/11/2019, 00:00:00, 7127.01, 7340.59, 7021.84, 7162.67, 11857.43287032
1574812800, 27/11/2019, 00:00:00, 7162.67, 7678.76, 6850.0, 7523.72, 19213.98364601
1574899200, 28/11/2019, 00:00:00, 7524.73, 7660.82, 7370.62, 7432.41, 8646.63700515
1574985600, 29/11/2019, 00:00:00, 7432.41, 7870.1, 7411.0, 7760.0, 10862.78844038
1575072000, 30/11/2019, 00:00:00, 7759.99, 7820.0, 7453.0, 7555.92, 6130.42566398
1575158400, 01/12/2019, 00:00:00, 7555.92, 7555.92, 7237.16, 7404.27, 8692.58780339
1575244800, 02/12/2019, 00:00:00, 7405.33, 7430.0, 7157.33, 7305.01, 7029.95625983
1575331200, 03/12/2019, 00:00:00, 7305.01, 7412.85, 7237.26, 7302.94, 6169.03965176
1575417600, 04/12/2019, 00:00:00, 7302.94, 7775.0, 7080.0, 7198.99, 16490.16548626
1575504000, 05/12/2019, 00:00:00, 7199.0, 7489.87, 7152.78, 7393.54, 9248.37658376
1575590400, 06/12/2019, 00:00:00, 7393.55, 7609.5, 7305.75, 7540.08, 9346.34006931
1575676800, 07/12/2019, 00:00:00, 7541.76, 7643.0, 7487.0, 7502.19, 4876.33856339
1575763200, 08/12/2019, 00:00:00, 7502.2, 7580.84, 7387.5, 7520.0, 4243.5281669
1575849600, 09/12/2019, 00:00:00, 7520.0, 7659.38, 7262.87, 7337.51, 10252.89331517
1575936000, 10/12/2019, 00:00:00, 7337.51, 7398.0, 7156.03, 7219.37, 7187.10559074
1576022400, 11/12/2019, 00:00:00, 7219.37, 7263.31, 7124.45, 7201.23, 5951.55939387
1576108800, 12/12/2019, 00:00:00, 7201.24, 7298.5, 7075.01, 7185.91, 8578.07225074
1576195200, 13/12/2019, 00:00:00, 7185.91, 7299.21, 7183.29, 7249.9, 6119.05346128
1576281600, 14/12/2019, 00:00:00, 7249.9, 7264.33, 7008.03, 7062.91, 4334.04050458
1576368000, 15/12/2019, 00:00:00, 7062.92, 7220.01, 7006.01, 7111.0, 4905.19442136
1576454400, 16/12/2019, 00:00:00, 7111.0, 7137.0, 6803.24, 6877.03, 13170.13695005
1576540800, 17/12/2019, 00:00:00, 6877.04, 6933.21, 6556.0, 6616.62, 14047.39777918
1576627200, 18/12/2019, 00:00:00, 6616.62, 7448.24, 6430.0, 7285.53, 23097.53223695
1576713600, 19/12/2019, 00:00:00, 7288.05, 7371.7, 7044.45, 7149.12, 10503.10731585
1576800000, 20/12/2019, 00:00:00, 7149.13, 7220.0, 7073.66, 7190.0, 6020.22689987
1576886400, 21/12/2019, 00:00:00, 7190.0, 7190.0, 7099.57, 7143.01, 3423.26190789
1576972800, 22/12/2019, 00:00:00, 7143.01, 7521.55, 7125.0, 7513.06, 10202.17603024
1577059200, 23/12/2019, 00:00:00, 7514.74, 7688.99, 7259.19, 7310.79, 15139.33988185
1577145600, 24/12/2019, 00:00:00, 7310.79, 7426.15, 7151.08, 7255.01, 7797.31351736
1577232000, 25/12/2019, 00:00:00, 7255.01, 7265.12, 7115.5, 7192.12, 3299.65944044
1577318400, 26/12/2019, 00:00:00, 7192.12, 7432.1, 7140.0, 7194.13, 7669.0329008
1577404800, 27/12/2019, 00:00:00, 7194.13, 7254.0, 7053.32, 7245.83, 8492.97603648
1577491200, 28/12/2019, 00:00:00, 7245.83, 7346.0, 7232.55, 7302.67, 4621.76136294
1577577600, 29/12/2019, 00:00:00, 7302.67, 7531.0, 7278.07, 7384.89, 6557.31229484
1577664000, 30/12/2019, 00:00:00, 7384.57, 7386.28, 7200.0, 7218.0, 7347.22088262
1577750400, 31/12/2019, 00:00:00, 7218.01, 7298.67, 7111.0, 7165.72, 6755.96883486
1577836800, 01/01/2020, 00:00:00, 7165.72, 7238.14, 7136.05, 7174.33, 3350.63004888
1577923200, 02/01/2020, 00:00:00, 7174.33, 7186.18, 6903.0, 6945.02, 8010.92738748
1578009600, 03/01/2020, 00:00:00, 6945.02, 7401.2, 6854.67, 7334.45, 14056.39238489
1578096000, 04/01/2020, 00:00:00, 7334.45, 7398.0, 7263.32, 7348.63, 4742.46620989
1578182400, 05/01/2020, 00:00:00, 7348.63, 7488.87, 7312.22, 7355.4, 5942.01494574
1578268800, 06/01/2020, 00:00:00, 7355.4, 7805.0, 7343.17, 7764.63, 11770.42968139
1578355200, 07/01/2020, 00:00:00, 7764.63, 8216.0, 7723.0, 8158.52, 19857.45754518
1578441600, 08/01/2020, 00:00:00, 8160.01, 8469.39, 7845.0, 8045.51, 23927.67532995
1578528000, 09/01/2020, 00:00:00, 8047.75, 8048.67, 7744.48, 7813.78, 9477.65983784
1578614400, 10/01/2020, 00:00:00, 7813.78, 8199.77, 7671.0, 8198.09, 13419.69851238
1578700800, 11/01/2020, 00:00:00, 8198.09, 8290.0, 8000.01, 8020.0, 7557.36879269
1578787200, 12/01/2020, 00:00:00, 8017.47, 8185.0, 7963.25, 8180.81, 3920.74009838
1578873600, 13/01/2020, 00:00:00, 8180.81, 8195.81, 8041.95, 8104.5, 6678.02840315
1578960000, 14/01/2020, 00:00:00, 8105.6, 8893.69, 8105.23, 8815.69, 27075.8082207
1579046400, 15/01/2020, 00:00:00, 8812.58, 8900.0, 8550.0, 8808.81, 14977.61979023
1579132800, 16/01/2020, 00:00:00, 8808.81, 8850.0, 8580.0, 8714.76, 9265.76423506
1579219200, 17/01/2020, 00:00:00, 8714.77, 9013.0, 8665.67, 8899.42, 15447.36512517
1579305600, 18/01/2020, 00:00:00, 8899.42, 8980.0, 8800.1, 8909.32, 5600.21827844
1579392000, 19/01/2020, 00:00:00, 8908.95, 9194.99, 8465.0, 8697.53, 15218.51476182
1579478400, 20/01/2020, 00:00:00, 8697.53, 8734.84, 8504.06, 8628.89, 5605.80561385
1579564800, 21/01/2020, 00:00:00, 8628.89, 8774.31, 8465.0, 8722.03, 7520.65103045
1579651200, 22/01/2020, 00:00:00, 8722.03, 8791.76, 8565.0, 8660.38, 5481.36960818
1579737600, 23/01/2020, 00:00:00, 8660.38, 8665.0, 8278.0, 8385.22, 12206.24491133
1579824000, 24/01/2020, 00:00:00, 8385.21, 8509.99, 8216.71, 8427.26, 8634.96792308
1579910400, 25/01/2020, 00:00:00, 8427.58, 8437.76, 8252.73, 8326.81, 3783.20831697
1579996800, 26/01/2020, 00:00:00, 8326.8, 8595.0, 8278.68, 8595.0, 5497.32293973
1580083200, 27/01/2020, 00:00:00, 8595.0, 8985.0, 8556.6, 8895.96, 9548.60475006
1580169600, 28/01/2020, 00:00:00, 8895.95, 9418.91, 8880.87, 9394.5, 17578.54006083
1580256000, 29/01/2020, 00:00:00, 9391.14, 9439.83, 9224.75, 9288.44, 12233.05063864
1580342400, 30/01/2020, 00:00:00, 9287.9, 9574.68, 9171.11, 9503.08, 12948.39766745
1580428800, 31/01/2020, 00:00:00, 9502.71, 9522.5, 9195.49, 9334.98, 9719.06131452
1580515200, 01/02/2020, 00:00:00, 9334.98, 9458.08, 9285.01, 9380.18, 4387.41986202
1580601600, 02/02/2020, 00:00:00, 9380.18, 9480.0, 9140.0, 9323.5, 7307.92291459
1580688000, 03/02/2020, 00:00:00, 9325.01, 9619.95, 9220.0, 9280.49, 11910.28572971
1580774400, 04/02/2020, 00:00:00, 9280.49, 9350.0, 9078.05, 9164.33, 8190.74898707
1580860800, 05/02/2020, 00:00:00, 9164.33, 9769.7, 9150.0, 9613.82, 13267.06193659
1580947200, 06/02/2020, 00:00:00, 9613.91, 9857.0, 9521.47, 9763.01, 12672.13678163
1581033600, 07/02/2020, 00:00:00, 9763.01, 9885.0, 9713.99, 9808.05, 8516.62840515
1581120000, 08/02/2020, 00:00:00, 9807.92, 9955.0, 9653.47, 9905.64, 8100.97112281
1581206400, 09/02/2020, 00:00:00, 9905.64, 10178.91, 9888.76, 10168.35, 9649.74938704
1581292800, 10/02/2020, 00:00:00, 10168.36, 10199.0, 9736.0, 9851.78, 13249.58715176
1581379200, 11/02/2020, 00:00:00, 9851.78, 10400.0, 9706.0, 10270.01, 16722.06581913
1581465600, 12/02/2020, 00:00:00, 10270.01, 10483.86, 10250.0, 10351.13, 13740.9848527
1581552000, 13/02/2020, 00:00:00, 10351.13, 10522.51, 10083.1, 10236.49, 17101.28534969
1581638400, 14/02/2020, 00:00:00, 10236.49, 10395.66, 10102.5, 10371.33, 8026.49620683
1581724800, 15/02/2020, 00:00:00, 10371.33, 10400.0, 9750.0, 9911.22, 12323.28859704
1581811200, 16/02/2020, 00:00:00, 9911.22, 10048.34, 9612.12, 9921.0, 9430.32887897
1581897600, 17/02/2020, 00:00:00, 9920.52, 9969.38, 9467.0, 9700.0, 10144.62802455
1581984000, 18/02/2020, 00:00:00, 9700.0, 10298.25, 9610.27, 10188.04, 11606.56132767
1582070400, 19/02/2020, 00:00:00, 10188.04, 10315.0, 9280.98, 9600.08, 16637.05014888
1582156800, 20/02/2020, 00:00:00, 9593.48, 9698.1, 9393.39, 9610.05, 12382.01006133
1582243200, 21/02/2020, 00:00:00, 9610.05, 9769.66, 9566.98, 9695.66, 7073.36617743
1582329600, 22/02/2020, 00:00:00, 9695.66, 9722.97, 9575.01, 9668.23, 3301.24362823
1582416000, 23/02/2020, 00:00:00, 9668.23, 10025.66, 9667.13, 9965.01, 5631.93728472
1582502400, 24/02/2020, 00:00:00, 9965.0, 10030.0, 9474.74, 9660.0, 11274.83220813
1582588800, 25/02/2020, 00:00:00, 9660.0, 9681.56, 9230.0, 9305.0, 9370.80406077
1582675200, 26/02/2020, 00:00:00, 9304.99, 9375.36, 8602.0, 8778.3, 21610.46289952
1582761600, 27/02/2020, 00:00:00, 8778.3, 8972.92, 8520.0, 8812.49, 14781.02020263
1582848000, 28/02/2020, 00:00:00, 8814.9, 8899.94, 8428.8, 8708.89, 13643.28590301
1582934400, 29/02/2020, 00:00:00, 8708.61, 8799.0, 8520.67, 8525.07, 5142.70830477
1583020800, 01/03/2020, 00:00:00, 8523.33, 8752.34, 8400.0, 8522.31, 7353.13960471
1583107200, 02/03/2020, 00:00:00, 8522.3, 8973.45, 8487.33, 8915.0, 10216.69254477
1583193600, 03/03/2020, 00:00:00, 8919.21, 8927.45, 8635.31, 8757.84, 9152.7069265
1583280000, 04/03/2020, 00:00:00, 8757.83, 8847.0, 8670.57, 8760.66, 5688.58509691
1583366400, 05/03/2020, 00:00:00, 8759.99, 9174.24, 8759.99, 9070.17, 10073.31421239
1583452800, 06/03/2020, 00:00:00, 9070.18, 9182.08, 9000.01, 9158.51, 6422.12885254
1583539200, 07/03/2020, 00:00:00, 9158.51, 9214.67, 8850.47, 8901.37, 6478.25334502
1583625600, 08/03/2020, 00:00:00, 8901.36, 8901.37, 8002.2, 8037.76, 16591.91410216
1583712000, 09/03/2020, 00:00:00, 8037.73, 8187.03, 7630.0, 7934.52, 25563.61417462
1583798400, 10/03/2020, 00:00:00, 7934.56, 8158.25, 7733.56, 7894.68, 17172.47130109
1583884800, 11/03/2020, 00:00:00, 7894.68, 7987.97, 7583.27, 7938.05, 13647.86513876
1583971200, 12/03/2020, 00:00:00, 7938.05, 7969.45, 4644.0, 4857.1, 113902.20332904
1584057600, 13/03/2020, 00:00:00, 4857.1, 5995.0, 3858.0, 5637.6, 130316.64684438
1584144000, 14/03/2020, 00:00:00, 5630.93, 5669.0, 5050.0, 5165.25, 32760.12278053
1584230400, 15/03/2020, 00:00:00, 5161.16, 5985.0, 5085.91, 5345.35, 43763.76236813
1584316800, 16/03/2020, 00:00:00, 5346.86, 5350.3, 4432.3, 5037.61, 80184.03685247
1584403200, 17/03/2020, 00:00:00, 5039.95, 5569.44, 4935.6, 5331.71, 44347.15487325
1584489600, 18/03/2020, 00:00:00, 5331.71, 5452.82, 5001.0, 5413.64, 37513.03523454
1584576000, 19/03/2020, 00:00:00, 5413.88, 6441.37, 5261.69, 6186.26, 54666.67461085
1584662400, 20/03/2020, 00:00:00, 6183.82, 6990.0, 5657.0, 6206.1, 53024.40103701
1584748800, 21/03/2020, 00:00:00, 6210.47, 6470.0, 5851.0, 6198.78, 23514.96653599
1584835200, 22/03/2020, 00:00:00, 6198.64, 6420.0, 5738.0, 5818.25, 28089.48698286
1584921600, 23/03/2020, 00:00:00, 5815.24, 6641.03, 5678.2, 6490.63, 42437.97070062
1585008000, 24/03/2020, 00:00:00, 6493.58, 6866.1, 6403.16, 6766.64, 40618.19870698
1585094400, 25/03/2020, 00:00:00, 6766.0, 6983.31, 6470.0, 6690.96, 31266.36827545
1585180800, 26/03/2020, 00:00:00, 6691.71, 6795.0, 6520.13, 6758.18, 17456.11705058
1585267200, 27/03/2020, 00:00:00, 6760.0, 6880.0, 6260.0, 6372.36, 20458.24402051
1585353600, 28/03/2020, 00:00:00, 6372.36, 6372.36, 6030.0, 6251.82, 20353.8748456
1585440000, 29/03/2020, 00:00:00, 6251.45, 6279.96, 5870.46, 5877.21, 16111.23637843
1585526400, 30/03/2020, 00:00:00, 5878.98, 6631.23, 5853.0, 6406.4, 23659.80264153
1585612800, 31/03/2020, 00:00:00, 6406.4, 6524.79, 6333.91, 6424.35, 11939.0253308
1585699200, 01/04/2020, 00:00:00, 6424.02, 6744.99, 6160.0, 6666.11, 17900.2508585
1585785600, 02/04/2020, 00:00:00, 6666.11, 7292.11, 6570.92, 6804.52, 28761.00804113
1585872000, 03/04/2020, 00:00:00, 6804.24, 7050.0, 6606.06, 6741.99, 14953.17963657
1585958400, 04/04/2020, 00:00:00, 6741.99, 7025.53, 6658.16, 6874.77, 10217.67907796
1586044800, 05/04/2020, 00:00:00, 6874.77, 6925.0, 6681.0, 6778.25, 8962.91059819
1586131200, 06/04/2020, 00:00:00, 6778.64, 7373.37, 6773.28, 7341.56, 27992.01318781
1586217600, 07/04/2020, 00:00:00, 7341.55, 7466.0, 7073.0, 7200.01, 22743.06622044
1586304000, 08/04/2020, 00:00:00, 7200.01, 7430.0, 7154.22, 7370.11, 15429.12191833
1586390400, 09/04/2020, 00:00:00, 7370.38, 7377.0, 7110.0, 7293.24, 12369.84267516
1586476800, 10/04/2020, 00:00:00, 7293.23, 7305.91, 6750.0, 6871.91, 19671.19020798
1586563200, 11/04/2020, 00:00:00, 6871.83, 6955.0, 6775.0, 6889.65, 8066.07536876
1586649600, 12/04/2020, 00:00:00, 6889.78, 7200.0, 6787.44, 6908.13, 12733.98839119
1586736000, 13/04/2020, 00:00:00, 6908.12, 6908.13, 6555.0, 6861.21, 22323.76661709
1586822400, 14/04/2020, 00:00:00, 6860.51, 6997.38, 6771.41, 6877.37, 12868.6061641
1586908800, 15/04/2020, 00:00:00, 6876.92, 6940.0, 6605.89, 6624.12, 14753.81361034
1586995200, 16/04/2020, 00:00:00, 6623.62, 7217.27, 6456.0, 7112.64, 28117.55707545
1587081600, 17/04/2020, 00:00:00, 7114.76, 7156.66, 7000.0, 7037.46, 13514.57644149
1587168000, 18/04/2020, 00:00:00, 7036.45, 7308.0, 7021.0, 7261.76, 11510.52116868
1587254400, 19/04/2020, 00:00:00, 7262.04, 7275.0, 7063.02, 7130.71, 8887.88875146
1587340800, 20/04/2020, 00:00:00, 7130.7, 7227.11, 6748.72, 6838.19, 18396.60555727
1587427200, 21/04/2020, 00:00:00, 6837.22, 6959.0, 6776.0, 6853.68, 14467.84248756
1587513600, 22/04/2020, 00:00:00, 6853.67, 7167.37, 6826.0, 7136.84, 13141.14072302
1587600000, 23/04/2020, 00:00:00, 7136.81, 7775.0, 7031.14, 7488.83, 22759.36481812
1587686400, 24/04/2020, 00:00:00, 7491.5, 7612.24, 7390.0, 7514.64, 13764.56695369
1587772800, 25/04/2020, 00:00:00, 7514.99, 7720.0, 7437.94, 7547.61, 7443.79619621
1587859200, 26/04/2020, 00:00:00, 7547.61, 7715.0, 7490.0, 7706.4, 9292.64077746
1587945600, 27/04/2020, 00:00:00, 7706.4, 7810.99, 7635.69, 7789.77, 15455.7361195
1588032000, 28/04/2020, 00:00:00, 7789.77, 7794.74, 7672.0, 7755.01, 10984.76643504
1588118400, 29/04/2020, 00:00:00, 7757.18, 8988.0, 7720.0, 8793.75, 48689.75030108
1588204800, 30/04/2020, 00:00:00, 8794.99, 9478.66, 8407.0, 8624.28, 44843.9646793
1588291200, 01/05/2020, 00:00:00, 8624.68, 9075.98, 8622.72, 8829.42, 21660.21988892
1588377600, 02/05/2020, 00:00:00, 8829.42, 9025.0, 8762.01, 8985.58, 10539.26528999
1588464000, 03/05/2020, 00:00:00, 8984.69, 9203.52, 8731.01, 8909.95, 17147.65372312
1588550400, 04/05/2020, 00:00:00, 8907.85, 8970.0, 8533.98, 8883.53, 18380.62654424
1588636800, 05/05/2020, 00:00:00, 8887.81, 9126.27, 8769.69, 9028.79, 16392.29936609
1588723200, 06/05/2020, 00:00:00, 9028.78, 9418.0, 8922.13, 9155.79, 27650.87868274
1588809600, 07/05/2020, 00:00:00, 9155.79, 10079.0, 9028.89, 10004.77, 39447.57511824
1588896000, 08/05/2020, 00:00:00, 10000.37, 10049.0, 9730.0, 9810.0, 26363.71688893
1588982400, 09/05/2020, 00:00:00, 9810.01, 9920.73, 9521.0, 9537.21, 17931.1748552
1589068800, 10/05/2020, 00:00:00, 9537.21, 9559.98, 8106.7, 8729.86, 50909.84429757
1589155200, 11/05/2020, 00:00:00, 8729.86, 9182.66, 8185.0, 8572.4, 39999.37731433
1589241600, 12/05/2020, 00:00:00, 8572.4, 8982.9, 8534.85, 8821.42, 20219.23699186
1589328000, 13/05/2020, 00:00:00, 8821.41, 9420.18, 8803.97, 9321.26, 21357.63022841
1589414400, 14/05/2020, 00:00:00, 9320.85, 9943.93, 9257.15, 9795.34, 28752.36041568
1589500800, 15/05/2020, 00:00:00, 9795.34, 9849.0, 9120.0, 9312.1, 25180.97967322
1589587200, 16/05/2020, 00:00:00, 9312.1, 9594.99, 9215.01, 9383.16, 10782.32773503
1589673600, 17/05/2020, 00:00:00, 9380.01, 9896.0, 9325.81, 9676.63, 13540.66294076
1589760000, 18/05/2020, 00:00:00, 9677.45, 9957.25, 9436.97, 9728.52, 17710.29958398
1589846400, 19/05/2020, 00:00:00, 9728.52, 9898.0, 9463.22, 9783.76, 15229.62610784
1589932800, 20/05/2020, 00:00:00, 9783.57, 9836.99, 9294.54, 9509.41, 16895.54925055
1590019200, 21/05/2020, 00:00:00, 9509.4, 9568.0, 8800.0, 9061.96, 28081.22890941
1590105600, 22/05/2020, 00:00:00, 9059.32, 9267.34, 8923.5, 9168.84, 13731.91887098
1590192000, 23/05/2020, 00:00:00, 9168.84, 9313.83, 9090.11, 9181.76, 6878.84791748
1590278400, 24/05/2020, 00:00:00, 9181.09, 9306.23, 8680.7, 8715.73, 13004.34567862
1590364800, 25/05/2020, 00:00:00, 8715.69, 8977.0, 8632.93, 8899.31, 12328.24203695
1590451200, 26/05/2020, 00:00:00, 8900.0, 9016.99, 8694.23, 8844.42, 11507.43097855
1590537600, 27/05/2020, 00:00:00, 8844.41, 9230.0, 8811.46, 9208.53, 10936.67835282
1590624000, 28/05/2020, 00:00:00, 9208.53, 9625.0, 9112.0, 9580.19, 14511.07649252
1590710400, 29/05/2020, 00:00:00, 9580.01, 9609.02, 9330.01, 9423.84, 10415.42644355
1590796800, 30/05/2020, 00:00:00, 9423.85, 9764.0, 9326.43, 9700.33, 10509.69814742
1590883200, 31/05/2020, 00:00:00, 9700.32, 9705.6, 9369.58, 9446.57, 7944.71669301
1590969600, 01/06/2020, 00:00:00, 9445.83, 10428.0, 9417.42, 10208.96, 21676.60828748
1591056000, 02/06/2020, 00:00:00, 10208.96, 10237.6, 9270.0, 9522.46, 33220.58268645
1591142400, 03/06/2020, 00:00:00, 9521.53, 9695.0, 9385.22, 9668.07, 11446.72193696
1591228800, 04/06/2020, 00:00:00, 9668.06, 9888.0, 9450.0, 9788.03, 12441.27298837
1591315200, 05/06/2020, 00:00:00, 9791.96, 9855.0, 9585.44, 9613.21, 12495.89785858
1591401600, 06/06/2020, 00:00:00, 9613.42, 9735.13, 9526.03, 9671.7, 6501.31731671
1591488000, 07/06/2020, 00:00:00, 9670.28, 9822.0, 9370.0, 9750.12, 11628.94527829
1591574400, 08/06/2020, 00:00:00, 9750.12, 9815.0, 9632.79, 9781.51, 8533.83614916
1591660800, 09/06/2020, 00:00:00, 9781.51, 9886.0, 9567.33, 9779.41, 10329.87714811
1591747200, 10/06/2020, 00:00:00, 9779.7, 10018.67, 9690.0, 9894.04, 12965.42597405
1591833600, 11/06/2020, 00:00:00, 9894.35, 9973.25, 9050.0, 9268.16, 26779.8793933
1591920000, 12/06/2020, 00:00:00, 9268.16, 9552.87, 9227.0, 9464.17, 10992.51647836
1592006400, 13/06/2020, 00:00:00, 9464.71, 9494.45, 9346.0, 9475.0, 4581.79206303
1592092800, 14/06/2020, 00:00:00, 9475.0, 9481.0, 9240.0, 9325.0, 4829.79726322
1592179200, 15/06/2020, 00:00:00, 9328.63, 9499.0, 8895.01, 9432.53, 18589.28586581
1592265600, 16/06/2020, 00:00:00, 9432.57, 9592.04, 9381.0, 9526.25, 10345.29526997
1592352000, 17/06/2020, 00:00:00, 9526.25, 9558.48, 9227.03, 9457.51, 8937.92623229
1592438400, 18/06/2020, 00:00:00, 9457.51, 9482.66, 9267.18, 9376.14, 6300.5664912
1592524800, 19/06/2020, 00:00:00, 9376.14, 9430.0, 9229.0, 9301.91, 7871.9637482
1592611200, 20/06/2020, 00:00:00, 9300.42, 9391.71, 9161.0, 9355.74, 6900.60934146
1592697600, 21/06/2020, 00:00:00, 9355.74, 9419.35, 9273.0, 9286.14, 3088.66849893
1592784000, 22/06/2020, 00:00:00, 9286.14, 9792.0, 9267.58, 9690.74, 11775.73858785
1592870400, 23/06/2020, 00:00:00, 9690.67, 9724.53, 9572.22, 9623.56, 7946.97355694
1592956800, 24/06/2020, 00:00:00, 9623.56, 9663.38, 9195.0, 9285.91, 13410.75869027
1593043200, 25/06/2020, 00:00:00, 9285.94, 9335.0, 8979.07, 9243.51, 13529.05626726
1593129600, 26/06/2020, 00:00:00, 9242.98, 9291.73, 9027.62, 9155.42, 10702.37319002
1593216000, 27/06/2020, 00:00:00, 9155.42, 9188.14, 8815.01, 9002.46, 8507.26840968
1593302400, 28/06/2020, 00:00:00, 9002.38, 9189.0, 8931.77, 9113.24, 5537.7575057
1593388800, 29/06/2020, 00:00:00, 9113.23, 9236.75, 9014.0, 9184.45, 8658.42672493
1593475200, 30/06/2020, 00:00:00, 9188.79, 9201.0, 9059.6, 9136.2, 6820.86740899
1593561600, 01/07/2020, 00:00:00, 9135.91, 9297.2, 9088.0, 9239.97, 7550.15999655
1593648000, 02/07/2020, 00:00:00, 9239.41, 9265.0, 8938.0, 9091.53, 10774.18558946
1593734400, 03/07/2020, 00:00:00, 9091.98, 9126.12, 9036.74, 9063.87, 7738.46972112
1593820800, 04/07/2020, 00:00:00, 9059.73, 9195.84, 9039.84, 9138.51, 5300.78823324
1593907200, 05/07/2020, 00:00:00, 9138.51, 9145.0, 8905.84, 9074.39, 4601.32645918
1593993600, 06/07/2020, 00:00:00, 9074.37, 9375.9, 9061.59, 9343.31, 9959.28200198
1594080000, 07/07/2020, 00:00:00, 9343.31, 9379.34, 9201.57, 9253.94, 6326.83865418
1594166400, 08/07/2020, 00:00:00, 9253.94, 9475.0, 9232.2, 9435.28, 10135.31536748
1594252800, 09/07/2020, 00:00:00, 9435.28, 9446.62, 9154.79, 9236.95, 8450.14110132
1594339200, 10/07/2020, 00:00:00, 9236.95, 9322.23, 9118.0, 9291.05, 6892.47061091
1594425600, 11/07/2020, 00:00:00, 9291.04, 9303.04, 9182.35, 9235.0, 3369.21728725
1594512000, 12/07/2020, 00:00:00, 9235.0, 9347.53, 9159.33, 9303.37, 5419.21357745
1594598400, 13/07/2020, 00:00:00, 9303.38, 9339.61, 9193.52, 9236.92, 8698.43618823
1594684800, 14/07/2020, 00:00:00, 9236.91, 9280.0, 9100.0, 9256.94, 7497.56309216
1594771200, 15/07/2020, 00:00:00, 9256.94, 9273.98, 9154.01, 9190.16, 7196.32866271
1594857600, 16/07/2020, 00:00:00, 9190.8, 9216.02, 9005.0, 9130.11, 8765.69858912
1594944000, 17/07/2020, 00:00:00, 9130.93, 9182.99, 9054.99, 9154.29, 6423.74716202
1595030400, 18/07/2020, 00:00:00, 9154.29, 9210.0, 9122.65, 9175.85, 4121.62697417
1595116800, 19/07/2020, 00:00:00, 9175.83, 9245.03, 9105.37, 9212.87, 3520.07247613
1595203200, 20/07/2020, 00:00:00, 9214.01, 9223.51, 9131.0, 9161.05, 5815.33084221
1595289600, 21/07/2020, 00:00:00, 9161.05, 9438.0, 9157.04, 9394.14, 9603.9151125
1595376000, 22/07/2020, 00:00:00, 9394.14, 9567.77, 9277.0, 9536.18, 10362.35264843
1595462400, 23/07/2020, 00:00:00, 9536.2, 9686.0, 9450.04, 9613.24, 12992.9719195
1595548800, 24/07/2020, 00:00:00, 9613.24, 9645.55, 9475.7, 9551.21, 9798.89346586
1595635200, 25/07/2020, 00:00:00, 9551.21, 9747.76, 9536.64, 9711.33, 6973.11089437
1595721600, 26/07/2020, 00:00:00, 9711.79, 10150.0, 9661.35, 9941.0, 11615.0460936
1595808000, 27/07/2020, 00:00:00, 9941.0, 11420.0, 9935.0, 11048.91, 41850.57309953
1595894400, 28/07/2020, 00:00:00, 11048.05, 11259.0, 10575.0, 10934.23, 26011.37513947
1595980800, 29/07/2020, 00:00:00, 10934.22, 11350.0, 10843.47, 11110.12, 18556.27794282
1596067200, 30/07/2020, 00:00:00, 11108.16, 11188.65, 10811.0, 11115.95, 12408.70410754
1596153600, 31/07/2020, 00:00:00, 11115.99, 11460.0, 10975.0, 11351.62, 15747.02174952
1596240000, 01/08/2020, 00:00:00, 11351.61, 11888.0, 11237.82, 11810.07, 18293.12524307
1596326400, 02/08/2020, 00:00:00, 11810.07, 12134.29, 10546.15, 11068.54, 28118.42911355
1596412800, 03/08/2020, 00:00:00, 11067.46, 11486.6, 10911.74, 11233.13, 13783.34037417
1596499200, 04/08/2020, 00:00:00, 11233.16, 11417.11, 11006.16, 11197.04, 12074.47851394
1596585600, 05/08/2020, 00:00:00, 11197.05, 11798.87, 11073.7, 11756.75, 16637.78082145
1596672000, 06/08/2020, 00:00:00, 11756.75, 11916.68, 11580.19, 11773.89, 18053.08146864
1596758400, 07/08/2020, 00:00:00, 11773.89, 11920.0, 11350.0, 11606.52, 23761.51075422
1596844800, 08/08/2020, 00:00:00, 11606.52, 11818.18, 11529.45, 11774.98, 7315.88456116
1596931200, 09/08/2020, 00:00:00, 11773.24, 11810.24, 11532.04, 11688.48, 7595.96106535
1597017600, 10/08/2020, 00:00:00, 11688.25, 12086.22, 11470.01, 11899.73, 22152.58893673
1597104000, 11/08/2020, 00:00:00, 11899.87, 11943.0, 11120.0, 11388.53, 20706.60991744
1597190400, 12/08/2020, 00:00:00, 11388.88, 11625.0, 11148.54, 11566.45, 12809.98917913
1597276800, 13/08/2020, 00:00:00, 11566.44, 11802.09, 11274.14, 11795.95, 15369.40392513
1597363200, 14/08/2020, 00:00:00, 11795.95, 11865.97, 11651.24, 11779.0, 13797.82000137
1597449600, 15/08/2020, 00:00:00, 11777.5, 11989.98, 11688.0, 11859.24, 12567.03859346
1597536000, 16/08/2020, 00:00:00, 11860.02, 11940.0, 11686.53, 11918.84, 8911.25397878
1597622400, 17/08/2020, 00:00:00, 11918.84, 12486.61, 11775.0, 12304.26, 23814.66050181
1597708800, 18/08/2020, 00:00:00, 12303.98, 12400.0, 11825.0, 11950.0, 18628.91287504
1597795200, 19/08/2020, 00:00:00, 11954.22, 12024.83, 11569.0, 11758.87, 16646.31489492
1597881600, 20/08/2020, 00:00:00, 11758.87, 11892.16, 11671.48, 11864.26, 8801.17750309
1597968000, 21/08/2020, 00:00:00, 11864.26, 11884.99, 11480.0, 11529.22, 14865.37875873
1598054400, 22/08/2020, 00:00:00, 11529.99, 11693.16, 11370.0, 11672.93, 7946.02465327
1598140800, 23/08/2020, 00:00:00, 11672.92, 11715.0, 11525.62, 11650.01, 5516.17048181
1598227200, 24/08/2020, 00:00:00, 11650.01, 11823.62, 11592.91, 11753.85, 7253.01922609
1598313600, 25/08/2020, 00:00:00, 11753.26, 11769.76, 11102.73, 11324.92, 14348.63533296
1598400000, 26/08/2020, 00:00:00, 11324.92, 11539.99, 11254.89, 11463.27, 9124.5541845
1598486400, 27/08/2020, 00:00:00, 11463.27, 11597.92, 11125.0, 11330.06, 13517.39421459
1598572800, 28/08/2020, 00:00:00, 11330.56, 11550.51, 11282.09, 11535.0, 10373.89590327
1598659200, 29/08/2020, 00:00:00, 11535.0, 11580.0, 11422.21, 11474.31, 5417.54146196
1598745600, 30/08/2020, 00:00:00, 11474.3, 11720.0, 11463.87, 11716.01, 5594.22582376
1598832000, 31/08/2020, 00:00:00, 11716.0, 11784.66, 11576.0, 11655.0, 9123.59353747
1598918400, 01/09/2020, 00:00:00, 11655.0, 12086.0, 11525.09, 11924.22, 16057.64432384
1599004800, 02/09/2020, 00:00:00, 11924.22, 11950.0, 11160.0, 11395.48, 19721.44316904
1599091200, 03/09/2020, 00:00:00, 11395.49, 11474.99, 10005.0, 10172.52, 30364.24398441
1599177600, 04/09/2020, 00:00:00, 10172.13, 10638.34, 9895.22, 10500.05, 23366.46467779
1599264000, 05/09/2020, 00:00:00, 10500.05, 10564.8, 9813.0, 10168.36, 22450.75807716
1599350400, 06/09/2020, 00:00:00, 10169.58, 10358.88, 10000.0, 10257.86, 9516.19303239
1599436800, 07/09/2020, 00:00:00, 10258.67, 10410.9, 9880.0, 10375.0, 11996.92866276
1599523200, 08/09/2020, 00:00:00, 10375.0, 10440.91, 9819.83, 10125.69, 15768.31017626
1599609600, 09/09/2020, 00:00:00, 10126.41, 10349.99, 9983.34, 10224.56, 9645.50409232
1599696000, 10/09/2020, 00:00:00, 10224.56, 10489.0, 10216.41, 10343.23, 11237.01908035
1599782400, 11/09/2020, 00:00:00, 10344.24, 10411.44, 10200.0, 10394.41, 7200.29156246
1599868800, 12/09/2020, 00:00:00, 10394.41, 10483.23, 10276.19, 10446.52, 6495.30033616
1599955200, 13/09/2020, 00:00:00, 10446.52, 10582.36, 10211.0, 10336.76, 10442.19360563
1600041600, 14/09/2020, 00:00:00, 10336.76, 10760.62, 10253.0, 10679.95, 13532.95018331
1600128000, 15/09/2020, 00:00:00, 10678.41, 10950.0, 10613.18, 10783.75, 12634.3292873
1600214400, 16/09/2020, 00:00:00, 10783.36, 11099.95, 10662.02, 10959.61, 11003.70130082
1600300800, 17/09/2020, 00:00:00, 10957.06, 11044.0, 10735.55, 10943.61, 8885.4490645
1600387200, 18/09/2020, 00:00:00, 10943.99, 11039.88, 10813.0, 10937.52, 8660.059472
1600473600, 19/09/2020, 00:00:00, 10937.5, 11179.9, 10891.78, 11080.0, 5718.02211829
1600560000, 20/09/2020, 00:00:00, 11081.09, 11081.37, 10759.37, 10920.89, 6003.78509052
1600646400, 21/09/2020, 00:00:00, 10920.94, 10994.0, 10180.0, 10416.82, 15004.71121349
1600732800, 22/09/2020, 00:00:00, 10416.83, 10576.82, 10355.0, 10531.13, 7904.25642443
1600819200, 23/09/2020, 00:00:00, 10531.13, 10541.25, 10135.22, 10235.1, 8893.24233647
1600905600, 24/09/2020, 00:00:00, 10237.41, 10795.87, 10192.56, 10740.01, 9678.39349807
1600992000, 25/09/2020, 00:00:00, 10740.0, 10765.07, 10551.0, 10690.53, 9690.62760986
1601078400, 26/09/2020, 00:00:00, 10690.53, 10828.0, 10654.58, 10730.0, 3783.39739972
1601164800, 27/09/2020, 00:00:00, 10730.0, 10806.32, 10595.24, 10778.2, 3880.03686062
1601251200, 28/09/2020, 00:00:00, 10779.0, 10956.11, 10621.22, 10695.55, 8876.06156838
1601337600, 29/09/2020, 00:00:00, 10694.9, 10860.79, 10636.13, 10840.73, 8200.78265336
1601424000, 30/09/2020, 00:00:00, 10839.98, 10847.0, 10657.04, 10779.63, 6318.52943807
1601510400, 01/10/2020, 00:00:00, 10779.63, 10931.98, 10427.75, 10617.63, 12848.73637335
1601596800, 02/10/2020, 00:00:00, 10616.35, 10668.56, 10363.76, 10573.12, 10263.48290265
1601683200, 03/10/2020, 00:00:00, 10573.12, 10606.36, 10498.02, 10551.65, 3211.70459291
1601769600, 04/10/2020, 00:00:00, 10550.32, 10697.0, 10521.87, 10671.11, 3569.25620166
1601856000, 05/10/2020, 00:00:00, 10670.01, 10800.0, 10621.12, 10795.0, 6081.38701926
1601942400, 06/10/2020, 00:00:00, 10796.97, 10800.0, 10524.0, 10602.66, 7596.36372031
1602028800, 07/10/2020, 00:00:00, 10601.2, 10683.75, 10546.78, 10670.47, 6108.04255109
1602115200, 08/10/2020, 00:00:00, 10670.47, 10963.16, 10532.11, 10933.09, 11301.25106194
1602201600, 09/10/2020, 00:00:00, 10932.44, 11111.11, 10834.49, 11057.07, 10098.3991552
1602288000, 10/10/2020, 00:00:00, 11057.07, 11498.98, 11055.75, 11299.5, 9312.75916488
1602374400, 11/10/2020, 00:00:00, 11299.52, 11444.25, 11276.28, 11374.01, 5163.46475688
1602460800, 12/10/2020, 00:00:00, 11374.01, 11736.02, 11187.6, 11535.46, 11056.91558046
1602547200, 13/10/2020, 00:00:00, 11535.46, 11561.45, 11312.59, 11428.22, 8639.21277154
1602633600, 14/10/2020, 00:00:00, 11428.22, 11556.37, 11290.83, 11427.7, 7078.70152873
1602720000, 15/10/2020, 00:00:00, 11427.7, 11641.38, 11263.15, 11509.34, 8538.52039637
1602806400, 16/10/2020, 00:00:00, 11509.31, 11550.01, 11201.0, 11328.95, 9505.26615373
1602892800, 17/10/2020, 00:00:00, 11328.27, 11421.0, 11264.75, 11367.89, 3586.1455215
1602979200, 18/10/2020, 00:00:00, 11367.9, 11523.0, 11350.37, 11514.2, 4352.09499051
1603065600, 19/10/2020, 00:00:00, 11514.2, 11833.0, 11416.04, 11760.45, 10313.23447344
1603152000, 20/10/2020, 00:00:00, 11760.45, 12050.0, 11685.0, 11923.83, 13840.02481291
1603238400, 21/10/2020, 00:00:00, 11923.07, 13250.04, 11900.01, 12808.0, 32404.63293167
1603324800, 22/10/2020, 00:00:00, 12808.01, 13200.0, 12698.02, 12987.02, 20337.78966446
1603411200, 23/10/2020, 00:00:00, 12988.2, 13037.0, 12722.72, 12937.09, 10450.87207186
1603497600, 24/10/2020, 00:00:00, 12938.0, 13175.0, 12884.31, 13126.24, 7915.34663475
1603584000, 25/10/2020, 00:00:00, 13126.34, 13361.0, 12890.76, 13045.0, 9276.17719938
1603670400, 26/10/2020, 00:00:00, 13045.02, 13250.0, 12785.0, 13068.79, 12275.35826032
1603756800, 27/10/2020, 00:00:00, 13068.79, 13793.72, 13061.28, 13698.18, 17267.43967837
1603843200, 28/10/2020, 00:00:00, 13740.85, 13863.87, 12891.57, 13281.05, 21073.3766776
1603929600, 29/10/2020, 00:00:00, 13281.06, 13650.0, 12976.29, 13460.0, 15796.07667651
1604016000, 30/10/2020, 00:00:00, 13460.0, 13687.82, 13131.31, 13571.51, 15664.29047538
1604102400, 31/10/2020, 00:00:00, 13571.51, 14098.92, 13424.73, 13804.81, 12166.30429818
1604188800, 01/11/2020, 00:00:00, 13803.69, 13906.74, 13630.05, 13771.59, 6252.00619492
1604275200, 02/11/2020, 00:00:00, 13771.7, 13840.0, 13215.0, 13563.22, 12191.83070954
1604361600, 03/11/2020, 00:00:00, 13563.22, 14081.45, 13290.0, 14035.8, 13965.78812958
1604448000, 04/11/2020, 00:00:00, 14034.35, 14273.6, 13530.01, 14161.48, 16894.77786852
1604534400, 05/11/2020, 00:00:00, 14165.86, 15775.0, 14115.0, 15608.21, 31865.97472203
1604620800, 06/11/2020, 00:00:00, 15608.06, 15977.67, 15190.36, 15599.95, 25150.39252742
1604707200, 07/11/2020, 00:00:00, 15599.95, 15779.24, 14310.0, 14834.09, 23552.06912628
1604793600, 08/11/2020, 00:00:00, 14834.09, 15666.0, 14721.9, 15482.9, 11856.3281802
1604880000, 09/11/2020, 00:00:00, 15482.89, 15856.9, 14817.14, 15342.25, 21951.27612698
1604966400, 10/11/2020, 00:00:00, 15342.1, 15481.06, 15090.08, 15315.03, 13489.67510052
1605052800, 11/11/2020, 00:00:00, 15315.46, 16000.0, 15293.04, 15705.79, 15257.35722584
1605139200, 12/11/2020, 00:00:00, 15705.79, 16370.89, 15446.82, 16310.81, 22153.73849401
1605225600, 13/11/2020, 00:00:00, 16310.81, 16491.92, 15975.0, 16339.56, 14593.51518544
1605312000, 14/11/2020, 00:00:00, 16339.56, 16339.6, 15708.24, 16082.01, 9205.916488
1605398400, 15/11/2020, 00:00:00, 16082.01, 16175.6, 15796.09, 15966.89, 6250.07966791
1605484800, 16/11/2020, 00:00:00, 15970.0, 16892.0, 15879.0, 16726.64, 13948.30524238
1605571200, 17/11/2020, 00:00:00, 16726.49, 17880.0, 16575.42, 17679.36, 25230.22403641
1605657600, 18/11/2020, 00:00:00, 17679.86, 18488.0, 17205.02, 17782.91, 32425.98660226
1605744000, 19/11/2020, 00:00:00, 17790.18, 18193.29, 17356.0, 17821.58, 17141.49267548
1605830400, 20/11/2020, 00:00:00, 17821.92, 18830.3, 17764.76, 18675.25, 17901.931678
1605916800, 21/11/2020, 00:00:00, 18677.84, 18980.0, 18350.0, 18721.21, 13604.27139959
1606003200, 22/11/2020, 00:00:00, 18721.21, 18773.56, 17610.77, 18437.66, 15423.83816127
1606089600, 23/11/2020, 00:00:00, 18437.18, 18777.77, 18001.0, 18384.82, 17655.66362172
1606176000, 24/11/2020, 00:00:00, 18384.82, 19469.0, 18052.02, 19172.84, 26623.09452709
1606262400, 25/11/2020, 00:00:00, 19172.9, 19500.0, 18502.0, 18721.93, 20485.39373121
1606348800, 26/11/2020, 00:00:00, 18717.24, 18915.48, 16200.0, 17170.0, 48644.17078197
1606435200, 27/11/2020, 00:00:00, 17169.99, 17475.0, 16400.0, 17153.95, 23333.98429789
1606521600, 28/11/2020, 00:00:00, 17155.43, 17933.25, 16880.0, 17739.85, 13157.9519653
1606608000, 29/11/2020, 00:00:00, 17736.1, 18359.0, 17535.26, 18202.04, 8932.25029132
1606694400, 30/11/2020, 00:00:00, 18202.02, 19873.23, 18201.47, 19713.94, 27293.4791942
1606780800, 01/12/2020, 00:00:00, 19713.94, 19915.14, 18109.0, 18782.97, 30442.86543674
1606867200, 02/12/2020, 00:00:00, 18778.18, 19340.0, 18335.0, 19225.63, 16227.13637423
1606953600, 03/12/2020, 00:00:00, 19222.45, 19625.64, 18885.0, 19448.64, 14648.29683367
1607040000, 04/12/2020, 00:00:00, 19446.43, 19546.46, 18576.05, 18658.1, 16382.87739223
1607126400, 05/12/2020, 00:00:00, 18658.09, 19189.98, 18501.0, 19158.96, 7082.22230272
1607212800, 06/12/2020, 00:00:00, 19158.96, 19430.25, 18878.0, 19375.6, 6665.28189472
1607299200, 07/12/2020, 00:00:00, 19375.6, 19432.57, 18901.0, 19177.71, 8977.45166263
1607385600, 08/12/2020, 00:00:00, 19177.08, 19299.51, 18200.0, 18316.22, 15161.86263318
1607472000, 09/12/2020, 00:00:00, 18316.22, 18647.33, 17639.0, 18546.55, 20667.36635634
1607558400, 10/12/2020, 00:00:00, 18546.55, 18556.42, 17905.0, 18253.44, 14899.20296937
1607644800, 11/12/2020, 00:00:00, 18257.18, 18293.08, 17580.0, 18042.15, 16953.63356031
1607731200, 12/12/2020, 00:00:00, 18044.19, 18955.34, 18023.57, 18821.28, 8616.1725039
1607817600, 13/12/2020, 00:00:00, 18821.28, 19421.03, 18730.0, 19166.65, 10624.20069187
1607904000, 14/12/2020, 00:00:00, 19166.65, 19349.98, 18967.68, 19272.37, 9102.36972564
1607990400, 15/12/2020, 00:00:00, 19272.37, 19565.0, 19051.27, 19444.6, 15345.21212651
1608076800, 16/12/2020, 00:00:00, 19443.19, 21569.94, 19300.0, 21359.65, 33350.23500216
1608163200, 17/12/2020, 00:00:00, 21360.5, 23776.94, 21252.01, 22826.48, 53602.34952384
1608249600, 18/12/2020, 00:00:00, 22826.37, 23280.0, 22329.0, 23137.76, 24829.23581848
1608336000, 19/12/2020, 00:00:00, 23138.89, 24200.0, 22770.0, 23849.99, 20577.66441198
1608422400, 20/12/2020, 00:00:00, 23850.0, 24300.0, 23100.0, 23476.51, 14963.41787144
1608508800, 21/12/2020, 00:00:00, 23476.51, 24118.75, 21913.84, 22729.4, 25728.63855953
1608595200, 22/12/2020, 00:00:00, 22729.4, 23839.78, 22380.05, 23823.27, 18597.6512303
1608681600, 23/12/2020, 00:00:00, 23824.13, 24090.0, 22600.0, 23228.35, 23412.12172023
1608768000, 24/12/2020, 00:00:00, 23226.18, 23785.0, 22712.89, 23717.96, 16440.75295146
1608854400, 25/12/2020, 00:00:00, 23718.61, 24770.95, 23416.0, 24704.71, 15792.47583445
1608940800, 26/12/2020, 00:00:00, 24704.71, 26822.0, 24490.01, 26475.35, 24782.44015598
1609027200, 27/12/2020, 00:00:00, 26482.64, 28387.0, 25772.55, 26258.65, 33627.00745897
1609113600, 28/12/2020, 00:00:00, 26255.16, 27477.0, 26086.19, 27040.36, 21265.70934972
1609200000, 29/12/2020, 00:00:00, 27039.39, 27396.77, 25833.73, 27366.35, 20668.10433798
1609286400, 30/12/2020, 00:00:00, 27366.35, 29018.26, 27311.73, 28897.42, 28181.49681491
1609372800, 31/12/2020, 00:00:00, 28897.42, 29321.9, 28000.0, 28990.08, 28813.88691084
1609459200, 01/01/2021, 00:00:00, 28990.08, 29688.88, 28700.0, 29412.84, 22211.25251806
1609545600, 02/01/2021, 00:00:00, 29413.29, 33300.0, 29039.0, 32225.91, 46675.24652146
1609632000, 03/01/2021, 00:00:00, 32222.88, 34810.0, 32008.62, 33080.66, 36951.71650628
1609718400, 04/01/2021, 00:00:00, 33082.84, 33666.99, 27678.0, 32019.99, 46045.38968508
1609804800, 05/01/2021, 00:00:00, 32020.22, 34499.67, 29891.13, 34030.64, 42282.56920027
1609891200, 06/01/2021, 00:00:00, 34043.91, 37000.0, 33352.54, 36859.26, 45744.10320015
1609977600, 07/01/2021, 00:00:00, 36859.26, 40425.0, 36200.0, 39505.56, 50346.30569052
1610064000, 08/01/2021, 00:00:00, 39510.55, 41986.37, 36565.08, 40665.15, 48522.48490272
1610150400, 09/01/2021, 00:00:00, 40642.15, 41406.94, 38800.0, 40257.43, 27152.97102881
1610236800, 10/01/2021, 00:00:00, 40257.43, 41452.12, 34444.0, 38171.57, 43736.57031589
1610323200, 11/01/2021, 00:00:00, 38168.89, 38273.88, 30100.0, 35452.59, 102503.15672849
1610409600, 12/01/2021, 00:00:00, 35456.89, 36604.51, 32500.0, 34038.98, 48227.62752035
1610496000, 13/01/2021, 00:00:00, 34035.53, 37888.0, 32309.04, 37393.66, 39608.73718747
1610582400, 14/01/2021, 00:00:00, 37393.67, 40127.66, 36751.11, 39125.14, 31868.76049365
1610668800, 15/01/2021, 00:00:00, 39123.05, 39697.0, 34298.93, 36754.67, 36421.05918785
1610755200, 16/01/2021, 00:00:00, 36754.6, 37948.0, 35372.59, 36006.94, 20861.42545209
1610841600, 17/01/2021, 00:00:00, 36004.8, 36860.0, 33850.03, 35820.0, 19182.04934663
1610928000, 18/01/2021, 00:00:00, 35820.01, 37402.0, 34736.46, 36624.23, 16609.64108414
1611014400, 19/01/2021, 00:00:00, 36624.23, 37857.0, 35895.11, 35917.28, 18904.77910604
1611100800, 20/01/2021, 00:00:00, 35921.91, 36415.34, 33387.01, 35503.09, 25445.70800774
1611187200, 21/01/2021, 00:00:00, 35498.85, 35628.24, 30011.0, 30855.95, 50473.11375071
1611273600, 22/01/2021, 00:00:00, 30855.9, 33867.0, 28732.0, 32984.93, 48155.72161708
1611360000, 23/01/2021, 00:00:00, 32982.66, 33488.79, 31432.19, 32112.01, 16139.81478284
1611446400, 24/01/2021, 00:00:00, 32110.0, 33086.53, 30931.21, 32288.56, 13618.80097809
1611532800, 25/01/2021, 00:00:00, 32293.18, 34888.0, 31920.8, 32261.87, 23045.66293389
1611619200, 26/01/2021, 00:00:00, 32260.52, 32960.37, 30830.0, 32510.82, 23535.83891688
1611705600, 27/01/2021, 00:00:00, 32510.82, 32584.62, 29156.0, 30407.13, 46207.08537355
1611792000, 28/01/2021, 00:00:00, 30414.11, 34000.0, 29902.14, 33488.99, 36007.06269488
1611878400, 29/01/2021, 00:00:00, 33487.92, 38570.13, 31990.0, 34262.11, 72641.07974951
1611964800, 30/01/2021, 00:00:00, 34262.11, 34900.0, 32852.86, 34315.63, 21362.15173754
1612051200, 31/01/2021, 00:00:00, 34315.63, 34387.75, 32200.0, 33137.74, 16436.39757593
1612137600, 01/02/2021, 00:00:00, 33137.75, 34728.57, 32333.0, 33533.19, 21975.41378272
1612224000, 02/02/2021, 00:00:00, 33534.39, 36000.0, 33450.0, 35512.67, 19995.83908338
1612310400, 03/02/2021, 00:00:00, 35513.0, 37723.72, 35393.8, 37678.37, 23781.96945181
1612396800, 04/02/2021, 00:00:00, 37688.42, 38769.0, 36156.45, 36975.0, 31699.36292316
1612483200, 05/02/2021, 00:00:00, 36976.59, 38349.0, 36605.87, 38311.49, 17842.70173175
1612569600, 06/02/2021, 00:00:00, 38327.09, 41000.0, 38250.0, 39265.43, 27102.80602941
1612656000, 07/02/2021, 00:00:00, 39266.1, 39737.83, 37371.35, 38871.42, 20297.87256102
1612742400, 08/02/2021, 00:00:00, 38871.43, 46750.0, 38057.01, 46448.1, 47934.0103883
1612828800, 09/02/2021, 00:00:00, 46453.66, 48200.0, 45020.0, 46514.73, 36418.79365116
1612915200, 10/02/2021, 00:00:00, 46514.73, 47349.99, 43706.86, 44850.0, 25818.01157857
1613001600, 11/02/2021, 00:00:00, 44850.0, 48690.0, 44011.0, 47997.91, 26222.60477552
1613088000, 12/02/2021, 00:00:00, 47993.6, 48912.0, 46300.0, 47408.34, 23503.15583529
1613174400, 13/02/2021, 00:00:00, 47408.34, 48199.0, 46300.0, 47232.45, 12020.8773325
1613260800, 14/02/2021, 00:00:00, 47240.75, 49700.0, 47100.13, 48680.69, 15146.55244091
1613347200, 15/02/2021, 00:00:00, 48667.23, 49093.44, 45768.46, 47936.37, 19432.15278111
1613433600, 16/02/2021, 00:00:00, 47935.66, 50645.0, 47051.22, 49158.71, 23053.20561135
1613520000, 17/02/2021, 00:00:00, 49141.43, 52640.35, 48942.87, 52170.01, 25675.171441
1613606400, 18/02/2021, 00:00:00, 52170.01, 52549.99, 50875.0, 51601.73, 15689.40275173
1613692800, 19/02/2021, 00:00:00, 51596.0, 56370.05, 50725.0, 55983.56, 27961.48197104
1613779200, 20/02/2021, 00:00:00, 55983.57, 57563.57, 54000.1, 55923.52, 22137.82194494
1613865600, 21/02/2021, 00:00:00, 55921.44, 58367.0, 55531.23, 57489.16, 13530.43444443
1613952000, 22/02/2021, 00:00:00, 57489.16, 57577.69, 46616.0, 54142.13, 49449.16575779
1614038400, 23/02/2021, 00:00:00, 54125.67, 54206.22, 44888.08, 48899.99, 72300.585728
1614124800, 24/02/2021, 00:00:00, 48899.99, 51415.41, 47002.0, 49737.82, 30732.14949499
1614211200, 25/02/2021, 00:00:00, 49737.81, 52107.83, 46700.0, 47058.48, 28011.20414657
1614297600, 26/02/2021, 00:00:00, 47063.9, 48464.64, 44150.0, 46326.2, 36048.6181927
1614384000, 27/02/2021, 00:00:00, 46319.79, 48356.86, 45055.0, 46180.75, 16290.28071728
1614470400, 28/02/2021, 00:00:00, 46169.92, 46656.0, 43016.0, 45231.75, 22745.60600179
1614556800, 01/03/2021, 00:00:00, 45231.74, 49829.0, 45042.13, 49639.4, 25068.25043716
1614643200, 02/03/2021, 00:00:00, 49635.3, 50250.0, 47075.11, 48511.6, 17063.56302004
1614729600, 03/03/2021, 00:00:00, 48502.18, 52666.0, 48161.75, 50360.0, 21301.47723933
1614816000, 04/03/2021, 00:00:00, 50370.33, 51798.33, 47502.0, 48368.52, 23386.97957577
1614902400, 05/03/2021, 00:00:00, 48370.97, 49473.99, 46219.32, 48769.47, 25468.18029576
1614988800, 06/03/2021, 00:00:00, 48766.01, 49210.0, 47077.0, 48909.84, 11877.83755909
1615075200, 07/03/2021, 00:00:00, 48909.84, 51459.0, 48909.83, 50978.61, 13965.15473114
1615161600, 08/03/2021, 00:00:00, 50976.22, 52425.0, 49328.62, 52415.23, 18856.28684439
1615248000, 09/03/2021, 00:00:00, 52413.17, 54936.0, 51845.01, 54916.38, 21177.14953983
1615334400, 10/03/2021, 00:00:00, 54921.61, 57402.14, 53025.0, 55890.69, 28326.07770941
1615420800, 11/03/2021, 00:00:00, 55888.7, 58113.0, 54283.0, 57815.47, 24369.21216789
1615507200, 12/03/2021, 00:00:00, 57820.15, 58065.92, 55050.0, 57225.91, 21760.53824103
1615593600, 13/03/2021, 00:00:00, 57220.84, 61788.45, 56083.74, 61178.5, 22301.28588901
1615680000, 14/03/2021, 00:00:00, 61181.38, 61680.0, 58950.0, 58972.7, 13581.96759058
1615766400, 15/03/2021, 00:00:00, 58972.71, 60601.07, 54568.0, 55636.15, 31651.39184131
1615852800, 16/03/2021, 00:00:00, 55629.08, 56970.0, 53221.0, 56927.11, 24432.37878722
1615939200, 17/03/2021, 00:00:00, 56924.26, 58996.38, 54138.01, 58925.54, 22687.57433043
1616025600, 18/03/2021, 00:00:00, 58925.54, 60100.0, 56996.15, 57644.95, 21459.4962399
1616112000, 19/03/2021, 00:00:00, 57644.95, 59461.99, 56260.0, 58039.66, 16429.629743
1616198400, 20/03/2021, 00:00:00, 58026.91, 59928.0, 57827.97, 58116.7, 9725.28123717
1616284800, 21/03/2021, 00:00:00, 58126.34, 58651.22, 55543.89, 57363.32, 11841.63877891
1616371200, 22/03/2021, 00:00:00, 57377.29, 58421.68, 53739.5, 54110.07, 19512.15647151
1616457600, 23/03/2021, 00:00:00, 54111.49, 55858.0, 53000.0, 54345.54, 19221.75674
1616544000, 24/03/2021, 00:00:00, 54333.27, 57209.97, 51673.82, 52276.16, 23775.21362623
1616630400, 25/03/2021, 00:00:00, 52259.69, 53238.0, 50305.0, 51325.01, 29642.04415588
1616716800, 26/03/2021, 00:00:00, 51320.76, 55125.13, 51250.0, 55072.44, 17843.00738205
1616803200, 27/03/2021, 00:00:00, 55080.9, 56640.0, 53966.0, 55856.53, 11333.33349523
1616889600, 28/03/2021, 00:00:00, 55856.54, 56587.08, 54701.0, 55778.82, 9235.80302347
1616976000, 29/03/2021, 00:00:00, 55781.22, 58400.0, 54900.0, 57613.48, 17552.36885101
1617062400, 30/03/2021, 00:00:00, 57613.76, 59397.48, 57000.0, 58786.46, 15105.07669026
1617148800, 31/03/2021, 00:00:00, 58786.46, 59800.0, 56873.8, 58800.0, 17376.62672814
1617235200, 01/04/2021, 00:00:00, 58800.01, 59474.94, 57930.0, 58726.48, 11096.33004907
1617321600, 02/04/2021, 00:00:00, 58726.47, 60055.02, 58441.88, 58981.04, 10966.93017846
1617408000, 03/04/2021, 00:00:00, 58981.04, 59752.0, 56943.0, 57094.34, 8405.26400491
1617494400, 04/04/2021, 00:00:00, 57094.34, 58500.0, 56478.53, 58215.94, 6301.43187883
1617580800, 05/04/2021, 00:00:00, 58216.73, 59251.76, 56817.64, 59123.02, 9204.86323941
1617667200, 06/04/2021, 00:00:00, 59134.07, 59475.0, 57333.33, 58019.98, 10354.33014603
1617753600, 07/04/2021, 00:00:00, 58021.67, 58630.0, 55400.0, 55955.75, 17787.29445084
1617840000, 08/04/2021, 00:00:00, 55962.67, 58152.0, 55700.0, 58083.1, 8073.59731731
1617926400, 09/04/2021, 00:00:00, 58083.1, 58869.69, 57670.51, 58092.68, 8094.74629652
1618012800, 10/04/2021, 00:00:00, 58092.68, 61218.97, 57875.41, 59778.6, 12817.81106734
1618099200, 11/04/2021, 00:00:00, 59778.59, 60658.89, 59177.06, 59985.26, 7278.96516665
1618185600, 12/04/2021, 00:00:00, 59983.66, 61199.0, 59369.0, 59839.82, 11467.72752999
1618272000, 13/04/2021, 00:00:00, 59836.88, 63774.39, 59799.01, 63588.22, 17897.76603088
1618358400, 14/04/2021, 00:00:00, 63588.22, 64899.0, 61277.91, 62971.8, 22570.84113444
1618444800, 15/04/2021, 00:00:00, 62971.8, 63831.82, 62036.73, 63229.04, 11209.4505281
1618531200, 16/04/2021, 00:00:00, 63229.04, 63604.34, 60048.43, 61427.27, 19867.41322269
1618617600, 17/04/2021, 00:00:00, 61427.27, 62572.48, 59700.0, 60058.86, 10847.76785762
1618704000, 18/04/2021, 00:00:00, 60067.2, 60437.97, 51300.0, 56274.41, 36891.70959047
1618790400, 19/04/2021, 00:00:00, 56273.65, 57600.0, 54187.85, 55696.83, 16838.39171629
1618876800, 20/04/2021, 00:00:00, 55696.83, 57111.0, 53430.01, 56499.29, 18608.27983583
1618963200, 21/04/2021, 00:00:00, 56477.67, 56810.56, 53620.91, 53800.86, 15584.08398293
1619049600, 22/04/2021, 00:00:00, 53795.62, 55469.98, 50400.0, 51701.59, 30427.89153907
1619136000, 23/04/2021, 00:00:00, 51695.98, 52130.58, 47464.65, 51187.27, 38794.85818376
1619222400, 24/04/2021, 00:00:00, 51187.75, 51260.61, 48726.87, 50089.15, 11839.14355893
1619308800, 25/04/2021, 00:00:00, 50101.42, 50591.38, 47044.01, 49121.0, 14633.51206544
1619395200, 26/04/2021, 00:00:00, 49121.0, 54400.0, 48817.62, 54053.6, 18005.22399425
1619481600, 27/04/2021, 00:00:00, 54047.8, 55509.39, 53321.0, 55069.62, 13957.08649512
1619568000, 28/04/2021, 00:00:00, 55069.61, 56476.17, 53887.0, 54894.03, 16484.33677655
1619654400, 29/04/2021, 00:00:00, 54889.81, 55226.86, 52369.61, 53580.0, 14592.31688772
1619740800, 30/04/2021, 00:00:00, 53580.0, 58075.01, 53068.43, 57798.77, 16536.33288912
1619827200, 01/05/2021, 00:00:00, 57798.77, 58550.0, 57050.94, 57859.28, 10787.04933216
1619913600, 02/05/2021, 00:00:00, 57859.28, 57972.26, 56072.0, 56625.2, 7647.62578087
1620000000, 03/05/2021, 00:00:00, 56625.21, 58986.0, 56500.0, 57212.73, 15165.00648795
1620086400, 04/05/2021, 00:00:00, 57212.73, 57247.24, 53057.7, 53241.92, 23492.0586849
1620172800, 05/05/2021, 00:00:00, 53241.91, 57980.86, 52913.02, 57515.69, 22918.90458572
1620259200, 06/05/2021, 00:00:00, 57515.69, 58400.0, 55288.0, 56440.66, 18244.13605211
1620345600, 07/05/2021, 00:00:00, 56444.82, 58735.95, 55300.0, 57380.39, 18323.8958022
1620432000, 08/05/2021, 00:00:00, 57380.39, 59559.84, 56980.01, 58958.05, 15374.94442964
1620518400, 09/05/2021, 00:00:00, 58958.06, 59300.52, 56265.3, 58312.57, 17169.72318523
1620604800, 10/05/2021, 00:00:00, 58313.84, 59592.2, 53600.0, 55866.41, 24647.23540718
1620691200, 11/05/2021, 00:00:00, 55866.38, 56962.07, 54511.48, 56753.19, 15446.63591676
1620777600, 12/05/2021, 00:00:00, 56753.19, 58041.0, 48500.0, 49498.77, 29660.84273553
1620864000, 13/05/2021, 00:00:00, 49498.76, 52500.0, 46000.0, 49690.11, 42250.08740789
1620950400, 14/05/2021, 00:00:00, 49682.28, 51569.56, 48895.0, 49893.48, 21987.79362448
1621036800, 15/05/2021, 00:00:00, 49893.48, 50730.58, 46573.0, 46775.51, 21936.11454712
1621123200, 16/05/2021, 00:00:00, 46771.01, 49808.28, 43825.0, 46450.79, 30655.33064729
1621209600, 17/05/2021, 00:00:00, 46450.78, 46646.15, 42101.0, 43580.5, 43660.22208427
1621296000, 18/05/2021, 00:00:00, 43571.89, 45851.0, 42300.0, 42857.15, 28210.30024018
1621382400, 19/05/2021, 00:00:00, 42865.05, 43591.7, 30000.0, 36731.75, 109537.24233282
1621468800, 20/05/2021, 00:00:00, 36735.44, 42605.0, 35000.0, 40623.33, 51445.79735691
1621555200, 21/05/2021, 00:00:00, 40623.24, 42275.99, 33501.54, 37340.77, 55961.90006046
1621641600, 22/05/2021, 00:00:00, 37333.09, 38889.76, 35257.52, 37476.83, 29239.02738254
1621728000, 23/05/2021, 00:00:00, 37476.84, 38319.36, 31111.0, 34758.67, 53433.30296532
1621814400, 24/05/2021, 00:00:00, 34758.88, 39966.87, 34407.17, 38878.56, 44419.45827713
1621900800, 25/05/2021, 00:00:00, 38874.53, 39878.51, 36481.26, 38361.81, 26107.55687287
1621987200, 26/05/2021, 00:00:00, 38361.81, 40900.0, 37837.36, 39293.23, 25107.68631485
1622073600, 27/05/2021, 00:00:00, 39293.23, 40440.95, 37191.99, 38556.88, 19390.89447264
1622160000, 28/05/2021, 00:00:00, 38556.88, 38900.0, 34688.0, 35680.47, 36231.72333985
1622246400, 29/05/2021, 00:00:00, 35680.48, 37325.0, 33650.86, 34627.82, 27999.15073256
1622332800, 30/05/2021, 00:00:00, 34627.81, 36500.0, 33333.0, 35669.44, 16038.94658082
1622419200, 31/05/2021, 00:00:00, 35669.44, 37534.09, 34183.0, 37279.31, 19527.11600162
1622505600, 01/06/2021, 00:00:00, 37276.23, 37918.97, 35669.14, 36685.0, 15713.10281689
1622592000, 02/06/2021, 00:00:00, 36684.99, 38237.37, 35920.0, 37577.91, 13952.35891376
1622678400, 03/06/2021, 00:00:00, 37581.83, 39489.82, 37184.88, 39248.55, 14325.7560692
1622764800, 04/06/2021, 00:00:00, 39248.54, 39291.24, 35593.22, 36856.52, 17917.63251152
1622851200, 05/06/2021, 00:00:00, 36856.53, 37921.35, 34832.17, 35539.49, 13654.69033381
1622937600, 06/06/2021, 00:00:00, 35539.97, 36477.86, 35258.0, 35800.48, 8184.50324318
1623024000, 07/06/2021, 00:00:00, 35800.48, 36812.39, 33333.0, 33575.91, 18997.71626987
1623110400, 08/06/2021, 00:00:00, 33567.26, 34069.0, 31004.95, 33402.13, 34937.55754915
1623196800, 09/06/2021, 00:00:00, 33402.13, 37573.99, 32408.53, 37403.86, 26040.89793254
1623283200, 10/06/2021, 00:00:00, 37404.75, 38425.67, 35800.0, 36694.05, 19853.81418911
1623369600, 11/06/2021, 00:00:00, 36694.91, 37695.0, 35944.0, 37338.44, 14142.19349961
1623456000, 12/06/2021, 00:00:00, 37340.08, 37448.0, 34635.47, 35557.33, 14516.54556279
1623542400, 13/06/2021, 00:00:00, 35557.32, 39396.0, 34780.57, 39015.24, 15748.96203951
1623628800, 14/06/2021, 00:00:00, 39015.24, 41076.03, 38744.83, 40539.47, 21916.84415956
1623715200, 15/06/2021, 00:00:00, 40537.93, 41322.55, 39510.98, 40162.37, 17020.70299457
1623801600, 16/06/2021, 00:00:00, 40158.06, 40499.0, 38105.0, 38351.0, 17238.57541183
1623888000, 17/06/2021, 00:00:00, 38351.0, 39554.98, 37365.63, 38095.17, 15970.35031651
1623974400, 18/06/2021, 00:00:00, 38103.94, 38216.22, 35153.16, 35841.81, 23472.37724375
1624060800, 19/06/2021, 00:00:00, 35840.96, 36457.18, 34833.26, 35484.79, 16801.08670642
1624147200, 20/06/2021, 00:00:00, 35484.8, 36139.73, 33347.05, 35585.78, 19400.07454207
1624233600, 21/06/2021, 00:00:00, 35585.79, 35741.54, 31259.0, 31609.82, 41304.39903519
1624320000, 22/06/2021, 00:00:00, 31609.82, 33352.0, 28800.0, 32538.37, 48409.17333487
1624406400, 23/06/2021, 00:00:00, 32538.9, 34881.02, 31708.03, 33688.35, 23124.81248294
1624492800, 24/06/2021, 00:00:00, 33688.51, 35295.67, 32300.0, 34654.58, 16868.94084747
1624579200, 25/06/2021, 00:00:00, 34654.87, 35500.0, 31300.0, 31594.63, 26505.19266978
1624665600, 26/06/2021, 00:00:00, 31594.62, 32711.68, 30173.49, 32275.19, 18299.38702942
1624752000, 27/06/2021, 00:00:00, 32267.59, 34749.0, 32002.21, 34709.23, 14428.92978925
1624838400, 28/06/2021, 00:00:00, 34708.53, 35301.43, 33864.99, 34493.22, 14920.2647883
1624924800, 29/06/2021, 00:00:00, 34493.22, 36675.0, 34233.35, 35904.28, 17917.59826258
1625011200, 30/06/2021, 00:00:00, 35906.17, 36094.42, 34033.0, 35060.0, 16700.72309396
1625097600, 01/07/2021, 00:00:00, 35060.0, 35066.54, 32703.48, 33516.11, 13210.9509733
1625184000, 02/07/2021, 00:00:00, 33510.93, 33972.06, 32704.73, 33805.02, 11765.65389836
1625270400, 03/07/2021, 00:00:00, 33805.01, 34953.07, 33320.0, 34682.16, 6197.80112922
1625356800, 04/07/2021, 00:00:00, 34685.03, 35951.0, 34390.53, 35284.05, 6224.03057033
1625443200, 05/07/2021, 00:00:00, 35284.06, 35290.82, 33156.86, 33697.78, 9607.60619891
1625529600, 06/07/2021, 00:00:00, 33697.78, 35100.0, 33300.0, 34225.73, 10313.01368118
1625616000, 07/07/2021, 00:00:00, 34225.72, 35077.46, 33770.01, 33878.56, 9404.8979867
1625702400, 08/07/2021, 00:00:00, 33879.5, 33934.62, 32111.0, 32875.95, 14147.3525248
1625788800, 09/07/2021, 00:00:00, 32875.95, 34100.0, 32255.24, 33824.26, 8320.90649257
1625875200, 10/07/2021, 00:00:00, 33824.25, 34267.14, 33027.83, 33515.35, 4906.24582215
1625961600, 11/07/2021, 00:00:00, 33515.35, 34607.37, 33333.33, 34259.23, 7023.06500489
1626048000, 12/07/2021, 00:00:00, 34259.22, 34670.0, 32665.0, 33091.1, 10145.24046995
1626134400, 13/07/2021, 00:00:00, 33077.43, 33337.61, 32201.12, 32734.14, 9478.04218884
1626220800, 14/07/2021, 00:00:00, 32734.14, 33125.55, 31600.0, 32816.39, 10355.3186961
1626307200, 15/07/2021, 00:00:00, 32815.75, 33187.6, 31064.77, 31868.68, 11273.61174025
1626393600, 16/07/2021, 00:00:00, 31872.49, 32259.16, 31025.42, 31388.06, 10006.47793721
1626480000, 17/07/2021, 00:00:00, 31389.57, 31949.99, 31179.01, 31533.91, 5695.57411588
1626566400, 18/07/2021, 00:00:00, 31533.9, 32450.0, 31125.6, 31788.25, 5006.4831051
1626652800, 19/07/2021, 00:00:00, 31786.37, 31887.82, 30429.99, 30842.03, 11027.00528966
1626739200, 20/07/2021, 00:00:00, 30842.04, 31052.65, 29301.56, 29796.16, 18114.15286104
1626825600, 21/07/2021, 00:00:00, 29796.15, 32825.0, 29501.02, 32135.19, 15598.47830878
1626912000, 22/07/2021, 00:00:00, 32152.68, 32611.84, 31729.68, 32287.74, 7704.6404628
1626998400, 23/07/2021, 00:00:00, 32287.75, 33647.27, 32000.0, 33647.26, 9004.84262627
1627084800, 24/07/2021, 00:00:00, 33647.27, 34525.0, 33424.7, 34283.01, 9864.75243703
1627171200, 25/07/2021, 00:00:00, 34291.67, 35451.04, 33888.89, 35428.26, 9434.63002297
1627257600, 26/07/2021, 00:00:00, 35428.25, 40593.93, 35251.54, 37262.77, 40354.54555841
1627344000, 27/07/2021, 00:00:00, 37262.76, 39550.0, 36413.26, 39470.48, 24709.10440908
1627430400, 28/07/2021, 00:00:00, 39475.99, 40925.56, 38803.34, 40035.1, 27198.33358111
1627516800, 29/07/2021, 00:00:00, 40035.1, 40644.85, 39229.47, 40039.44, 11022.42512817
1627603200, 30/07/2021, 00:00:00, 40039.44, 42320.57, 38342.0, 42237.95, 15063.2344059
1627689600, 31/07/2021, 00:00:00, 42233.66, 42414.61, 41064.11, 41495.01, 9351.94288576
1627776000, 01/08/2021, 00:00:00, 41499.0, 42605.64, 39426.0, 39865.41, 10617.67293456
1627862400, 02/08/2021, 00:00:00, 39859.18, 40459.68, 38690.0, 39149.59, 12379.41216528
1627948800, 03/08/2021, 00:00:00, 39149.59, 39785.3, 37627.21, 38191.44, 15094.81739624
1628035200, 04/08/2021, 00:00:00, 38189.4, 39965.1, 37509.0, 39722.41, 15327.67624669
1628121600, 05/08/2021, 00:00:00, 39718.9, 41447.89, 37300.0, 40888.74, 28507.85532682
1628208000, 06/08/2021, 00:00:00, 40888.73, 43399.26, 39876.74, 42869.58, 20425.1145444
1628294400, 07/08/2021, 00:00:00, 42869.59, 44750.0, 42457.27, 44637.34, 19634.79475606
1628380800, 08/08/2021, 00:00:00, 44628.11, 45363.83, 43131.97, 43829.14, 18712.27158173
1628467200, 09/08/2021, 00:00:00, 43829.15, 46497.42, 42821.3, 46285.48, 19464.72493503
1628553600, 10/08/2021, 00:00:00, 46280.0, 46718.44, 44650.27, 45595.66, 13756.50066875
1628640000, 11/08/2021, 00:00:00, 45601.82, 46781.09, 45350.74, 45553.49, 11628.32043954
1628726400, 12/08/2021, 00:00:00, 45553.1, 46223.95, 43714.36, 44422.14, 13169.78176994
1628812800, 13/08/2021, 00:00:00, 44422.15, 47953.9, 44249.64, 47833.64, 11794.94196257
1628899200, 14/08/2021, 00:00:00, 47833.64, 48176.52, 46034.93, 47109.65, 8130.36769388
1628985600, 15/08/2021, 00:00:00, 47109.64, 47400.0, 45525.19, 47014.49, 7745.70200802
1629072000, 16/08/2021, 00:00:00, 47014.38, 48076.52, 45676.91, 45902.46, 10467.66031475
1629158400, 17/08/2021, 00:00:00, 45903.22, 47174.62, 44405.39, 44671.58, 12756.14777945
1629244800, 18/08/2021, 00:00:00, 44675.34, 46035.27, 44216.47, 44707.98, 10327.49887365
1629331200, 19/08/2021, 00:00:00, 44709.1, 47088.08, 43955.0, 46765.87, 11938.12185013
1629417600, 20/08/2021, 00:00:00, 46769.02, 49400.0, 46644.95, 49342.4, 13184.67048641
1629504000, 21/08/2021, 00:00:00, 49349.99, 49821.92, 48285.28, 48867.02, 9574.83615164
1629590400, 22/08/2021, 00:00:00, 48870.21, 49526.13, 48102.89, 49284.63, 6243.39643384
1629676800, 23/08/2021, 00:00:00, 49284.38, 50505.0, 49012.84, 49506.5, 10824.26838095
1629763200, 24/08/2021, 00:00:00, 49504.53, 49875.9, 47600.0, 47682.45, 12068.33823315
1629849600, 25/08/2021, 00:00:00, 47682.45, 49277.0, 47122.02, 48987.33, 9289.23177109
1629936000, 26/08/2021, 00:00:00, 48991.57, 49365.1, 46315.48, 46851.47, 11651.34373853
1630022400, 27/08/2021, 00:00:00, 46851.47, 49185.12, 46361.01, 49077.57, 8924.12247655
1630108800, 28/08/2021, 00:00:00, 49081.08, 49309.83, 48370.0, 48942.94, 4895.70191319
1630195200, 29/08/2021, 00:00:00, 48942.89, 49667.1, 47801.0, 48802.58, 6935.09511006
1630281600, 30/08/2021, 00:00:00, 48802.58, 48906.51, 46866.0, 46993.71, 12249.23741495
1630368000, 31/08/2021, 00:00:00, 46996.8, 48259.68, 46708.93, 47112.5, 12919.43970212
1630454400, 01/09/2021, 00:00:00, 47110.33, 49125.0, 46537.62, 48839.86, 13010.83839478
1630540800, 02/09/2021, 00:00:00, 48834.27, 50392.19, 48620.73, 49279.37, 14120.3826407
1630627200, 03/09/2021, 00:00:00, 49279.38, 51064.44, 48349.66, 50025.0, 14577.22621879
1630713600, 04/09/2021, 00:00:00, 50025.0, 50558.75, 49400.0, 49942.98, 7595.48816499
1630800000, 05/09/2021, 00:00:00, 49944.89, 51907.08, 49500.0, 51789.17, 7743.93472308
1630886400, 06/09/2021, 00:00:00, 51789.17, 52802.03, 51020.08, 52698.81, 9571.75471136
1630972800, 07/09/2021, 00:00:00, 52698.8, 52944.96, 42830.77, 46894.5, 29022.815351
1631059200, 08/09/2021, 00:00:00, 46894.49, 47381.47, 44423.49, 46060.36, 19624.55093117
1631145600, 09/09/2021, 00:00:00, 46059.94, 47400.0, 45511.82, 46400.0, 13594.64633403
1631232000, 10/09/2021, 00:00:00, 46396.26, 47040.76, 44140.48, 44851.45, 14905.54795341
1631318400, 11/09/2021, 00:00:00, 44850.37, 45989.94, 44730.29, 45171.83, 6207.38337004
1631404800, 12/09/2021, 00:00:00, 45173.66, 46462.98, 44754.31, 46024.23, 6499.85821749
1631491200, 13/09/2021, 00:00:00, 46027.8, 46900.0, 43465.0, 44947.72, 15015.30289712
1631577600, 14/09/2021, 00:00:00, 44953.23, 47274.92, 44679.92, 47127.22, 12644.16435358
1631664000, 15/09/2021, 00:00:00, 47127.81, 48475.0, 46705.0, 48148.12, 12139.84206628
1631750400, 16/09/2021, 00:00:00, 48144.03, 48499.99, 47020.82, 47753.16, 11739.27966629
1631836800, 17/09/2021, 00:00:00, 47753.15, 48176.64, 46752.67, 47303.5, 9088.56956453
1631923200, 18/09/2021, 00:00:00, 47306.87, 48825.62, 47050.0, 48314.56, 7491.03449237
1632009600, 19/09/2021, 00:00:00, 48309.86, 48379.19, 46850.87, 47255.92, 7086.34626236
1632096000, 20/09/2021, 00:00:00, 47253.71, 47358.92, 42500.0, 43012.97, 27706.67636162
1632182400, 21/09/2021, 00:00:00, 43007.69, 43639.88, 39600.0, 40719.6, 27275.33818249
1632268800, 22/09/2021, 00:00:00, 40736.81, 44035.44, 40570.42, 43575.1, 19462.53865157
1632355200, 23/09/2021, 00:00:00, 43575.19, 45000.0, 43096.73, 44897.59, 13446.87468684
1632441600, 24/09/2021, 00:00:00, 44896.55, 45200.0, 40683.29, 42848.92, 22451.57711462
1632528000, 25/09/2021, 00:00:00, 42848.44, 42998.76, 41675.0, 42705.51, 7383.32390261
1632614400, 26/09/2021, 00:00:00, 42705.51, 43937.0, 40803.0, 43178.02, 9971.64545213
1632700800, 27/09/2021, 00:00:00, 43172.17, 44366.96, 42111.0, 42171.76, 10094.77099806
1632787200, 28/09/2021, 00:00:00, 42166.31, 42780.0, 40897.7, 41026.07, 10491.81363045
1632873600, 29/09/2021, 00:00:00, 41030.19, 42638.99, 40750.12, 41522.16, 10303.30152312
1632960000, 30/09/2021, 00:00:00, 41519.11, 44110.17, 41409.67, 43824.43, 12835.9838101
1633046400, 01/10/2021, 00:00:00, 43828.89, 48500.0, 43287.44, 48165.76, 20095.33155568
1633132800, 02/10/2021, 00:00:00, 48165.76, 48359.33, 47451.0, 47657.69, 7262.63442143
1633219200, 03/10/2021, 00:00:00, 47663.74, 49300.0, 47120.11, 48233.99, 7989.25925892
1633305600, 04/10/2021, 00:00:00, 48233.99, 49505.0, 46916.7, 49245.54, 13938.64182971
1633392000, 05/10/2021, 00:00:00, 49244.13, 51906.23, 49057.18, 51493.99, 17828.59726658
1633478400, 06/10/2021, 00:00:00, 51499.77, 55757.11, 50416.01, 55339.48, 25869.64925998
1633564800, 07/10/2021, 00:00:00, 55346.95, 55356.85, 53379.0, 53797.82, 15820.83417633
1633651200, 08/10/2021, 00:00:00, 53805.46, 56113.0, 53634.41, 53963.82, 12416.9019906
1633737600, 09/10/2021, 00:00:00, 53965.18, 55500.0, 53675.0, 54962.29, 7123.05512404
1633824000, 10/10/2021, 00:00:00, 54963.29, 56545.24, 54112.95, 54690.53, 9370.1912382
1633910400, 11/10/2021, 00:00:00, 54683.09, 57833.23, 54411.54, 57487.44, 13422.42081815
1633996800, 12/10/2021, 00:00:00, 57485.97, 57674.55, 53873.78, 56005.1, 15457.00896085
1634083200, 13/10/2021, 00:00:00, 56005.1, 57771.33, 54236.09, 57367.32, 14691.01338574
1634169600, 14/10/2021, 00:00:00, 57367.32, 58520.71, 56832.32, 57359.51, 12198.02457938
1634256000, 15/10/2021, 00:00:00, 57359.51, 62910.0, 56867.11, 61695.39, 27105.19764492
1634342400, 16/10/2021, 00:00:00, 61690.32, 62350.0, 60139.01, 60877.42, 10161.25819825
1634428800, 17/10/2021, 00:00:00, 60867.05, 61744.17, 58943.83, 61527.11, 9153.32273471
1634515200, 18/10/2021, 00:00:00, 61530.07, 62675.19, 59887.74, 62042.41, 19798.1489024
1634601600, 19/10/2021, 00:00:00, 62042.4, 64500.0, 61333.0, 64303.14, 17380.30486176
1634688000, 20/10/2021, 00:00:00, 64303.14, 66999.0, 63525.0, 66026.54, 19194.45410878
1634774400, 21/10/2021, 00:00:00, 66021.26, 66650.85, 62050.0, 62204.02, 23474.39133313
1634860800, 22/10/2021, 00:00:00, 62204.01, 63750.0, 60000.0, 60687.64, 17217.70765017
1634947200, 23/10/2021, 00:00:00, 60682.88, 61750.0, 59650.0, 61300.01, 6708.15013802
1635033600, 24/10/2021, 00:00:00, 61300.02, 61491.96, 59522.89, 60854.48, 8573.72719199
1635120000, 25/10/2021, 00:00:00, 60847.91, 63726.58, 60653.5, 63083.54, 10496.58058683
1635206400, 26/10/2021, 00:00:00, 63081.96, 63290.49, 59837.07, 60337.62, 12181.48144997
1635292800, 27/10/2021, 00:00:00, 60333.19, 61488.0, 58100.0, 58455.47, 18856.68565412
1635379200, 28/10/2021, 00:00:00, 58462.73, 62477.47, 57653.88, 60591.65, 19354.49897509
1635465600, 29/10/2021, 00:00:00, 60591.63, 62974.0, 60188.73, 62276.72, 15497.01101939
1635552000, 30/10/2021, 00:00:00, 62287.95, 62379.2, 60725.01, 61892.41, 6793.59698552
1635638400, 31/10/2021, 00:00:00, 61896.38, 62427.02, 60001.0, 61343.68, 8371.1698899
1635724800, 01/11/2021, 00:00:00, 61346.17, 62500.0, 59500.0, 60949.54, 11724.34161877
1635811200, 02/11/2021, 00:00:00, 60956.4, 64300.0, 60672.16, 63266.51, 13694.11539462
1635897600, 03/11/2021, 00:00:00, 63266.5, 63568.36, 60070.0, 62935.41, 12951.87181247
1635984000, 04/11/2021, 00:00:00, 62935.4, 63114.14, 60728.77, 61444.5, 11051.75853921
1636070400, 05/11/2021, 00:00:00, 61444.49, 62638.59, 60777.0, 61006.15, 10598.79620286
1636156800, 06/11/2021, 00:00:00, 61006.14, 61599.25, 60125.0, 61539.31, 6366.43859189
1636243200, 07/11/2021, 00:00:00, 61539.3, 63327.96, 61397.86, 63309.13, 5596.02460734
1636329600, 08/11/2021, 00:00:00, 63309.12, 67792.77, 63309.12, 67554.84, 17661.87297159
1636416000, 09/11/2021, 00:00:00, 67554.13, 68568.85, 66261.79, 66944.66, 14996.62508818
1636502400, 10/11/2021, 00:00:00, 66938.76, 69000.0, 62800.0, 64912.2, 19030.24517744
1636588800, 11/11/2021, 00:00:00, 64912.2, 65600.0, 64133.78, 64807.59, 10259.51472415
1636675200, 12/11/2021, 00:00:00, 64807.73, 65477.06, 62300.0, 64147.9, 13658.626579
1636761600, 13/11/2021, 00:00:00, 64144.42, 64990.0, 63394.17, 64400.01, 5968.10354833
1636848000, 14/11/2021, 00:00:00, 64400.01, 65525.0, 63596.9, 65505.02, 6081.57225975
1636934400, 15/11/2021, 00:00:00, 65505.03, 66339.9, 63371.0, 63624.59, 10426.55522646
1637020800, 16/11/2021, 00:00:00, 63621.05, 63624.6, 58638.0, 60107.98, 24910.15267457
1637107200, 17/11/2021, 00:00:00, 60101.56, 60824.38, 58380.0, 60351.51, 20907.21545076
1637193600, 18/11/2021, 00:00:00, 60351.51, 60977.21, 56514.13, 56898.0, 26749.21203012
1637280000, 19/11/2021, 00:00:00, 56898.46, 58412.12, 55625.0, 58122.16, 18554.56064192
1637366400, 20/11/2021, 00:00:00, 58122.15, 59900.0, 57423.35, 59760.76, 7584.65241653
1637452800, 21/11/2021, 00:00:00, 59760.76, 60070.0, 58509.69, 58671.21, 6661.36635434
1637539200, 22/11/2021, 00:00:00, 58671.22, 59526.51, 55641.03, 56280.81, 15889.22078935
1637625600, 23/11/2021, 00:00:00, 56280.81, 57886.03, 55377.0, 57566.85, 14019.78167156
1637712000, 24/11/2021, 00:00:00, 57562.65, 57607.97, 55875.01, 57162.66, 12509.25971944
1637798400, 25/11/2021, 00:00:00, 57158.58, 59445.99, 57037.04, 58987.27, 10668.67680723
1637884800, 26/11/2021, 00:00:00, 58994.72, 59194.0, 53533.0, 53757.67, 25946.30174683
1637971200, 27/11/2021, 00:00:00, 53757.67, 55316.67, 53642.58, 54759.05, 7899.30349126
1638057600, 28/11/2021, 00:00:00, 54759.04, 57490.0, 53327.0, 57317.17, 8222.42493442
1638144000, 29/11/2021, 00:00:00, 57318.51, 58908.27, 56730.0, 57838.06, 13454.23335496
1638230400, 30/11/2021, 00:00:00, 57838.06, 59249.77, 55910.33, 56987.97, 18038.78770838
1638316800, 01/12/2021, 00:00:00, 56998.35, 59118.84, 56465.75, 57226.5, 16607.30872879
1638403200, 02/12/2021, 00:00:00, 57226.51, 57423.69, 55845.0, 56521.46, 12969.21952648
1638489600, 03/12/2021, 00:00:00, 56521.45, 57670.68, 51640.0, 53638.04, 19567.63113833
1638576000, 04/12/2021, 00:00:00, 53633.02, 53876.09, 42333.0, 49241.12, 39023.32978526
1638662400, 05/12/2021, 00:00:00, 49235.26, 49783.0, 47827.0, 49484.22, 21727.13821193
1638748800, 06/12/2021, 00:00:00, 49484.21, 51105.0, 47200.0, 50529.56, 23082.30465624
1638835200, 07/12/2021, 00:00:00, 50529.56, 51995.0, 50067.1, 50625.48, 14107.33216632
1638921600, 08/12/2021, 00:00:00, 50625.24, 51250.0, 48650.02, 50519.68, 13138.99183299
1639008000, 09/12/2021, 00:00:00, 50520.94, 50844.86, 47323.23, 47568.43, 15749.4243393
1639094400, 10/12/2021, 00:00:00, 47568.43, 50148.49, 46900.0, 47170.94, 15689.5742182
1639180800, 11/12/2021, 00:00:00, 47170.94, 49517.18, 46786.78, 49407.75, 11045.22374119
1639267200, 12/12/2021, 00:00:00, 49424.47, 50828.13, 48665.43, 50089.64, 10411.08180306
1639353600, 13/12/2021, 00:00:00, 50089.64, 50218.42, 45727.92, 46727.89, 20797.28834629
1639440000, 14/12/2021, 00:00:00, 46727.89, 48686.91, 46300.0, 48367.43, 17107.0342879
1639526400, 15/12/2021, 00:00:00, 48359.23, 49500.0, 46530.0, 48884.78, 21621.70983741
1639612800, 16/12/2021, 00:00:00, 48878.83, 49459.39, 47524.66, 47634.22, 12731.23681745
1639699200, 17/12/2021, 00:00:00, 47634.2, 48000.0, 45469.32, 46166.5, 18556.07900007
1639785600, 18/12/2021, 00:00:00, 46159.87, 47368.73, 45515.72, 46859.46, 8170.85303229
1639872000, 19/12/2021, 00:00:00, 46857.49, 48351.92, 46440.11, 46687.19, 9518.7071282
1639958400, 20/12/2021, 00:00:00, 46687.2, 47548.93, 45568.0, 46926.07, 16039.38510407
1640044800, 21/12/2021, 00:00:00, 46926.07, 49339.31, 46645.05, 48914.7, 15461.4105731
1640131200, 22/12/2021, 00:00:00, 48914.7, 49595.0, 48450.0, 48608.62, 10753.4990677
1640217600, 23/12/2021, 00:00:00, 48608.61, 51397.82, 48032.16, 50842.2, 16627.04627954
1640304000, 24/12/2021, 00:00:00, 50842.06, 51878.6, 50445.55, 50851.38, 11690.45418179
1640390400, 25/12/2021, 00:00:00, 50852.31, 51171.68, 50191.84, 50428.31, 5550.57153185
1640476800, 26/12/2021, 00:00:00, 50428.31, 51295.33, 49460.0, 50801.79, 6863.39473781
1640563200, 27/12/2021, 00:00:00, 50804.33, 52100.0, 50480.0, 50717.77, 11596.91468191
1640649600, 28/12/2021, 00:00:00, 50720.35, 50720.35, 47300.23, 47543.09, 23116.75583707
1640736000, 29/12/2021, 00:00:00, 47542.2, 48149.58, 46094.02, 46471.24, 20326.32142372
1640822400, 30/12/2021, 00:00:00, 46471.24, 47926.15, 45938.44, 47122.08, 27413.65364976
1640908800, 31/12/2021, 00:00:00, 47122.09, 48574.7, 45650.0, 46211.24, 19010.24134509
1640995200, 01/01/2022, 00:00:00, 46211.24, 47967.12, 46205.0, 47733.43, 9463.6617111
1641081600, 02/01/2022, 00:00:00, 47733.43, 47990.0, 46633.36, 47299.07, 6833.49845548
1641168000, 03/01/2022, 00:00:00, 47299.06, 47583.33, 45700.0, 46459.56, 10841.81020453
1641254400, 04/01/2022, 00:00:00, 46459.57, 47532.89, 45515.0, 45814.61, 16320.32712866
1641340800, 05/01/2022, 00:00:00, 45817.13, 47076.55, 42500.0, 43436.04, 25067.67476765
1641427200, 06/01/2022, 00:00:00, 43446.34, 43794.5, 42432.99, 43083.76, 20780.04784989
1641513600, 07/01/2022, 00:00:00, 43081.79, 43144.72, 40571.53, 41565.18, 26122.19990673
1641600000, 08/01/2022, 00:00:00, 41564.57, 42318.97, 40505.3, 41684.84, 15454.11315131
1641686400, 09/01/2022, 00:00:00, 41684.84, 42831.12, 41209.53, 41876.52, 11074.22498167
1641772800, 10/01/2022, 00:00:00, 41876.52, 42250.0, 39650.0, 41824.07, 25232.35739583
1641859200, 11/01/2022, 00:00:00, 41824.06, 43130.0, 41274.8, 42753.44, 19697.46613255
1641945600, 12/01/2022, 00:00:00, 42749.84, 44342.83, 42459.21, 43920.37, 16250.21469714
1642032000, 13/01/2022, 00:00:00, 43921.21, 44453.22, 42325.0, 42581.65, 14772.09478571
1642118400, 14/01/2022, 00:00:00, 42576.27, 43473.98, 41752.0, 43090.72, 13545.75086459
1642204800, 15/01/2022, 00:00:00, 43090.72, 43819.39, 42577.35, 43098.2, 6318.38550193
1642291200, 16/01/2022, 00:00:00, 43098.2, 43497.24, 42600.0, 43104.34, 6481.6580227
1642377600, 17/01/2022, 00:00:00, 43104.34, 43200.0, 41567.64, 42218.01, 10963.85191034
1642464000, 18/01/2022, 00:00:00, 42214.66, 42692.71, 41287.79, 42369.74, 13658.50365699
1642550400, 19/01/2022, 00:00:00, 42372.15, 42586.03, 41126.0, 41674.27, 15642.41727542
1642636800, 20/01/2022, 00:00:00, 41672.14, 43511.99, 40555.0, 40670.97, 17860.82318928
1642723200, 21/01/2022, 00:00:00, 40671.77, 41127.79, 35422.0, 36456.94, 50742.89616126
1642809600, 22/01/2022, 00:00:00, 36456.67, 36835.93, 34017.56, 35066.43, 30044.12486365
1642896000, 23/01/2022, 00:00:00, 35075.7, 36555.55, 34625.0, 36282.47, 17440.22740453
1642982400, 24/01/2022, 00:00:00, 36275.28, 37574.63, 32933.33, 36693.32, 38776.29020908
1643068800, 25/01/2022, 00:00:00, 36687.58, 37579.81, 35716.15, 36980.0, 21597.52201359
1643155200, 26/01/2022, 00:00:00, 36980.0, 38960.0, 36254.97, 36840.63, 27403.99125336
1643241600, 27/01/2022, 00:00:00, 36846.22, 37249.0, 35526.36, 37188.37, 23601.4620954
1643328000, 28/01/2022, 00:00:00, 37188.37, 38023.74, 36162.48, 37741.9, 22716.16494796
1643414400, 29/01/2022, 00:00:00, 37741.9, 38748.43, 37300.0, 38191.1, 13103.19076443
1643500800, 30/01/2022, 00:00:00, 38189.82, 38384.07, 37365.31, 37901.35, 10632.53591257
1643587200, 31/01/2022, 00:00:00, 37904.99, 38785.04, 36640.94, 38491.93, 19654.98487168
1643673600, 01/02/2022, 00:00:00, 38492.53, 39300.0, 38021.53, 38716.88, 16379.93141492
1643760000, 02/02/2022, 00:00:00, 38714.27, 38888.88, 36584.29, 36923.39, 13787.58718711
1643846400, 03/02/2022, 00:00:00, 36923.39, 37450.75, 36259.01, 37329.91, 13283.28624677
1643932800, 04/02/2022, 00:00:00, 37324.61, 41788.81, 37051.36, 41614.64, 22537.5582634
1644019200, 05/02/2022, 00:00:00, 41613.75, 41970.0, 40955.4, 41404.85, 11187.20118795
1644105600, 06/02/2022, 00:00:00, 41411.59, 42719.93, 41135.39, 42415.16, 6447.88488893
1644192000, 07/02/2022, 00:00:00, 42416.06, 44533.0, 41678.79, 43868.07, 20040.49860442
1644278400, 08/02/2022, 00:00:00, 43868.08, 45519.24, 42688.0, 44085.59, 20387.64565183
1644364800, 09/02/2022, 00:00:00, 44087.58, 44865.46, 43155.5, 44416.35, 12785.8117079
1644451200, 10/02/2022, 00:00:00, 44416.39, 45855.0, 43210.0, 43527.71, 20024.52326862
1644537600, 11/02/2022, 00:00:00, 43521.88, 43962.13, 42000.0, 42386.47, 19367.4151999
1644624000, 12/02/2022, 00:00:00, 42386.47, 43050.0, 41750.0, 42244.97, 8664.419567
1644710400, 13/02/2022, 00:00:00, 42244.91, 42781.96, 41885.61, 42074.99, 6208.94093653
1644796800, 14/02/2022, 00:00:00, 42073.37, 42876.15, 41570.0, 42548.71, 14805.98338836
1644883200, 15/02/2022, 00:00:00, 42548.71, 44775.96, 42433.28, 44583.52, 14154.73452625
1644969600, 16/02/2022, 00:00:00, 44580.73, 44585.69, 43330.59, 43895.56, 9663.44040395
1645056000, 17/02/2022, 00:00:00, 43895.55, 44195.62, 40099.99, 40536.73, 18630.10842181
1645142400, 18/02/2022, 00:00:00, 40537.94, 40990.9, 39425.07, 39983.56, 16491.0130588
1645228800, 19/02/2022, 00:00:00, 39993.64, 40469.82, 39655.0, 40101.94, 6277.30201343
1645315200, 20/02/2022, 00:00:00, 40101.93, 40146.07, 38000.0, 38389.03, 10972.32175685
1645401600, 21/02/2022, 00:00:00, 38395.99, 39506.91, 36811.0, 37023.0, 20970.76378699
1645488000, 22/02/2022, 00:00:00, 37022.11, 38469.06, 36350.0, 38251.48, 22767.08772002
1645574400, 23/02/2022, 00:00:00, 38251.67, 39276.85, 37055.0, 37268.19, 15510.11329997
1645660800, 24/02/2022, 00:00:00, 37268.18, 39720.0, 34322.0, 38347.3, 42124.51876077
1645747200, 25/02/2022, 00:00:00, 38347.3, 39716.0, 38016.44, 39238.48, 20761.66924479
1645833600, 26/02/2022, 00:00:00, 39242.71, 40300.5, 38592.04, 39137.8, 8601.67109728
1645920000, 27/02/2022, 00:00:00, 39146.97, 39875.71, 37020.0, 37717.08, 14440.23638182
1646006400, 28/02/2022, 00:00:00, 37716.57, 44240.77, 37455.71, 43192.66, 25699.68423401
1646092800, 01/03/2022, 00:00:00, 43189.61, 44993.12, 42850.0, 44439.95, 22596.96095342
1646179200, 02/03/2022, 00:00:00, 44440.0, 45426.45, 43342.16, 43912.34, 17466.98591437
1646265600, 03/03/2022, 00:00:00, 43916.47, 44096.45, 41811.0, 42464.41, 19278.28224695
1646352000, 04/03/2022, 00:00:00, 42464.41, 42524.87, 38577.01, 39166.51, 24080.60599433
1646438400, 05/03/2022, 00:00:00, 39166.5, 39600.0, 38587.27, 39402.43, 8440.51638896
1646524800, 06/03/2022, 00:00:00, 39407.87, 39730.5, 38091.02, 38408.38, 10099.98545246
1646611200, 07/03/2022, 00:00:00, 38406.82, 39556.58, 37161.88, 37994.0, 19544.28414901
1646697600, 08/03/2022, 00:00:00, 37991.05, 39376.65, 37851.54, 38749.38, 19132.76914326
1646784000, 09/03/2022, 00:00:00, 38749.16, 42597.84, 38655.98, 41953.97, 24651.67344036
1646870400, 10/03/2022, 00:00:00, 41949.28, 42053.84, 38560.85, 39433.71, 20814.01456026
1646956800, 11/03/2022, 00:00:00, 39431.4, 40251.51, 38234.08, 38732.04, 15908.57521389
1647043200, 12/03/2022, 00:00:00, 38732.33, 39472.17, 38654.02, 38813.02, 5644.14686801
1647129600, 13/03/2022, 00:00:00, 38815.56, 39318.19, 37580.86, 37793.01, 8046.37612453
1647216000, 14/03/2022, 00:00:00, 37793.4, 39906.39, 37560.4, 39674.17, 13566.81093809
1647302400, 15/03/2022, 00:00:00, 39678.51, 39900.0, 38135.0, 39298.1, 14924.67641882
1647388800, 16/03/2022, 00:00:00, 39298.11, 41717.67, 38850.0, 41127.97, 22805.48259593
1647475200, 17/03/2022, 00:00:00, 41127.96, 41486.0, 40521.0, 40950.33, 15717.77421989
1647561600, 18/03/2022, 00:00:00, 40950.23, 42396.04, 40130.0, 41774.98, 17181.15226772
1647648000, 19/03/2022, 00:00:00, 41781.37, 42429.0, 41534.89, 42232.26, 8630.97283924
1647734400, 20/03/2022, 00:00:00, 42232.05, 42330.1, 40918.72, 41287.24, 7621.03036678
1647820800, 21/03/2022, 00:00:00, 41287.24, 41578.33, 40509.0, 41017.71, 10996.47661055
1647907200, 22/03/2022, 00:00:00, 41017.7, 43389.79, 40885.19, 42378.26, 19913.28660924
1647993600, 23/03/2022, 00:00:00, 42376.03, 43036.95, 41766.79, 42899.71, 13745.27563632
1648080000, 24/03/2022, 00:00:00, 42899.71, 44241.0, 42627.48, 44012.29, 21827.93263859
1648166400, 25/03/2022, 00:00:00, 44012.36, 45130.91, 43605.8, 44331.85, 19128.13735444
1648252800, 26/03/2022, 00:00:00, 44336.19, 44820.58, 44091.09, 44539.42, 7305.17827992
1648339200, 27/03/2022, 00:00:00, 44538.21, 46950.0, 44437.22, 46850.01, 10356.10317002
1648425600, 28/03/2022, 00:00:00, 46850.01, 48240.0, 46662.28, 47144.92, 18787.66318707
1648512000, 29/03/2022, 00:00:00, 47146.92, 48124.94, 46589.0, 47454.19, 15776.65108647
1648598400, 30/03/2022, 00:00:00, 47448.41, 47717.01, 46544.89, 47078.03, 12672.44584707
1648684800, 31/03/2022, 00:00:00, 47078.02, 47624.09, 45211.0, 45528.45, 17454.79144251
1648771200, 01/04/2022, 00:00:00, 45525.25, 46739.24, 44232.86, 46296.34, 18111.13598043
1648857600, 02/04/2022, 00:00:00, 46296.36, 47219.46, 45642.89, 45826.27, 8380.14274375
1648944000, 03/04/2022, 00:00:00, 45826.24, 47469.4, 45552.07, 46422.16, 8773.77185888
1649030400, 04/04/2022, 00:00:00, 46420.08, 46900.0, 45129.93, 46596.83, 13802.44111729
1649116800, 05/04/2022, 00:00:00, 46594.39, 47200.0, 45371.16, 45506.5, 14390.57308541
1649203200, 06/04/2022, 00:00:00, 45509.92, 45523.25, 43115.26, 43166.7, 24250.37283725
1649289600, 07/04/2022, 00:00:00, 43166.71, 43908.58, 42734.69, 43452.18, 13245.36612438
1649376000, 08/04/2022, 00:00:00, 43444.71, 44000.0, 42112.0, 42262.02, 11929.52123708
1649462400, 09/04/2022, 00:00:00, 42261.9, 42816.38, 42118.96, 42766.93, 4805.71689778
1649548800, 10/04/2022, 00:00:00, 42766.46, 43443.32, 41885.86, 42165.96, 5770.49368126
1649635200, 11/04/2022, 00:00:00, 42165.96, 42424.14, 39204.59, 39535.87, 17229.3729009
1649721600, 12/04/2022, 00:00:00, 39535.88, 40705.68, 39250.0, 40086.23, 13866.41847396
1649808000, 13/04/2022, 00:00:00, 40086.7, 41570.88, 39550.0, 41146.68, 11457.63380548
1649894400, 14/04/2022, 00:00:00, 41147.15, 41512.43, 39573.8, 39954.08, 11020.37202049
1649980800, 15/04/2022, 00:00:00, 39953.62, 40850.0, 39770.22, 40554.58, 6448.01134712
1650067200, 16/04/2022, 00:00:00, 40554.6, 40699.99, 40005.0, 40387.6, 4084.16565112
1650153600, 17/04/2022, 00:00:00, 40387.6, 40605.46, 39553.07, 39683.54, 4833.31493601
1650240000, 18/04/2022, 00:00:00, 39681.11, 41100.0, 38550.0, 40803.58, 13090.79423386
1650326400, 19/04/2022, 00:00:00, 40810.87, 41772.94, 40571.99, 41503.85, 10218.113707
1650412800, 20/04/2022, 00:00:00, 41501.56, 42209.58, 40900.0, 41377.61, 14609.28392672
1650499200, 21/04/2022, 00:00:00, 41371.88, 43109.47, 39744.75, 40480.81, 17204.35326683
1650585600, 22/04/2022, 00:00:00, 40483.38, 40802.65, 39174.8, 39712.25, 16871.32104798
1650672000, 23/04/2022, 00:00:00, 39712.2, 39993.82, 39296.19, 39465.87, 6957.16710365
1650758400, 24/04/2022, 00:00:00, 39459.63, 39945.74, 39000.0, 39464.56, 6436.45656858
1650844800, 25/04/2022, 00:00:00, 39463.75, 40605.3, 38210.24, 40439.22, 20515.87532995
1650931200, 26/04/2022, 00:00:00, 40440.9, 40817.16, 37700.0, 38113.82, 21648.1142493
1651017600, 27/04/2022, 00:00:00, 38118.43, 39470.0, 37882.83, 39251.11, 20832.19649199
1651104000, 28/04/2022, 00:00:00, 39251.02, 40400.0, 38883.83, 39743.22, 16718.83057299
1651190400, 29/04/2022, 00:00:00, 39741.21, 39926.8, 38161.85, 38593.1, 14282.25993546
1651276800, 30/04/2022, 00:00:00, 38592.27, 38795.0, 37590.0, 37644.1, 6931.07200088
1651363200, 01/05/2022, 00:00:00, 37640.35, 38675.37, 37401.0, 38473.05, 7980.89975954
1651449600, 02/05/2022, 00:00:00, 38469.49, 39181.27, 38041.0, 38510.89, 17946.98346298
1651536000, 03/05/2022, 00:00:00, 38510.88, 38643.48, 37505.01, 37719.59, 17946.99450089
1651622400, 04/05/2022, 00:00:00, 37719.58, 40038.27, 37651.38, 39669.56, 21513.95419034
1651708800, 05/05/2022, 00:00:00, 39669.56, 39864.55, 35568.0, 36537.22, 28832.99792317
1651795200, 06/05/2022, 00:00:00, 36537.22, 36664.4, 35255.4, 35999.1, 28626.6487821
1651881600, 07/05/2022, 00:00:00, 35999.1, 36125.0, 34785.0, 35458.0, 11372.45319184
1651968000, 08/05/2022, 00:00:00, 35458.0, 35499.93, 33701.0, 34027.91, 22357.51152059
1652054400, 09/05/2022, 00:00:00, 34033.49, 34231.54, 30010.0, 30078.27, 55136.45332765
1652140800, 10/05/2022, 00:00:00, 30078.27, 32645.49, 29735.05, 31002.39, 55818.01900282
1652227200, 11/05/2022, 00:00:00, 31002.39, 32185.9, 27682.38, 28972.34, 61128.25296303
1652313600, 12/05/2022, 00:00:00, 28977.75, 30091.2, 25338.53, 28941.95, 70702.60931849
1652400000, 13/05/2022, 00:00:00, 28941.95, 30990.0, 28662.7, 29232.18, 34643.05118869
1652486400, 14/05/2022, 00:00:00, 29234.73, 30287.58, 28564.38, 30041.88, 15245.46818403
1652572800, 15/05/2022, 00:00:00, 30041.9, 31418.35, 29436.06, 31290.05, 16440.89298551
1652659200, 16/05/2022, 00:00:00, 31290.02, 31293.31, 29055.0, 29839.89, 22646.18507353
1652745600, 17/05/2022, 00:00:00, 29839.89, 30750.0, 29415.01, 30412.12, 19833.30676705
1652832000, 18/05/2022, 00:00:00, 30412.1, 30675.92, 28605.0, 28672.94, 28348.42643576
1652918400, 19/05/2022, 00:00:00, 28671.5, 30500.0, 28645.2, 30274.59, 29009.9710577
1653004800, 20/05/2022, 00:00:00, 30274.59, 30729.83, 28690.92, 29155.75, 34328.18791921
1653091200, 21/05/2022, 00:00:00, 29155.74, 29613.34, 28913.26, 29408.26, 9998.48360206
1653177600, 22/05/2022, 00:00:00, 29407.4, 30457.9, 29211.0, 30260.87, 11774.13662231
1653264000, 23/05/2022, 00:00:00, 30258.04, 30635.39, 28847.72, 29082.52, 25413.0825529
1653350400, 24/05/2022, 00:00:00, 29079.31, 29802.0, 28611.0, 29626.44, 17077.03870179
1653436800, 25/05/2022, 00:00:00, 29627.61, 30192.08, 29296.12, 29503.49, 17180.56600794
1653523200, 26/05/2022, 00:00:00, 29503.48, 29850.0, 28000.0, 29166.06, 26598.58606063
1653609600, 27/05/2022, 00:00:00, 29166.06, 29355.4, 28220.0, 28598.31, 21035.53736928
1653696000, 28/05/2022, 00:00:00, 28598.31, 29239.52, 28500.0, 29008.99, 7717.34367577
1653782400, 29/05/2022, 00:00:00, 29008.99, 29550.0, 28809.84, 29447.07, 6727.92770357
1653868800, 30/05/2022, 00:00:00, 29447.08, 32232.16, 29273.65, 31711.42, 24915.37275974
1653955200, 31/05/2022, 00:00:00, 31716.67, 32383.96, 31195.9, 31784.05, 21187.77667355
1654041600, 01/06/2022, 00:00:00, 31784.18, 31964.56, 29308.01, 29788.79, 26857.46263482
1654128000, 02/06/2022, 00:00:00, 29789.19, 30655.0, 29558.61, 30433.75, 18519.12608247
1654214400, 03/06/2022, 00:00:00, 30429.12, 30674.95, 29213.47, 29670.85, 15016.78184772
1654300800, 04/06/2022, 00:00:00, 29672.77, 29952.0, 29454.14, 29843.18, 6390.75942952
1654387200, 05/06/2022, 00:00:00, 29837.56, 30158.44, 29505.65, 29901.54, 5482.4963235
1654473600, 06/06/2022, 00:00:00, 29899.62, 31745.0, 29866.44, 31343.61, 20384.91220986
1654560000, 07/06/2022, 00:00:00, 31349.59, 31549.21, 29200.0, 31106.9, 23234.0811685
1654646400, 08/06/2022, 00:00:00, 31111.0, 31306.32, 29829.98, 30177.0, 16775.53319148
1654732800, 09/06/2022, 00:00:00, 30182.92, 30679.72, 29904.0, 30079.62, 13334.23491125
1654819200, 10/06/2022, 00:00:00, 30079.59, 30337.83, 28821.15, 29063.11, 23208.77056569
1654905600, 11/06/2022, 00:00:00, 29058.79, 29411.11, 28080.01, 28388.63, 13276.76193059
1654992000, 12/06/2022, 00:00:00, 28395.03, 28516.33, 26532.95, 26555.2, 18661.94193886
1655078400, 13/06/2022, 00:00:00, 26555.17, 26869.35, 21920.0, 22460.97, 81724.84469418
1655164800, 14/06/2022, 00:00:00, 22460.97, 23299.22, 20816.4, 22120.25, 47382.80135514
1655251200, 15/06/2022, 00:00:00, 22120.23, 22769.12, 20071.0, 22562.33, 62040.45345538
1655337600, 16/06/2022, 00:00:00, 22562.33, 22974.1, 20200.0, 20372.0, 37587.2170128
1655424000, 17/06/2022, 00:00:00, 20371.96, 21338.7, 20209.73, 20447.86, 25560.04919013
1655510400, 18/06/2022, 00:00:00, 20447.86, 20750.0, 17567.45, 18948.89, 52894.97568032
1655596800, 19/06/2022, 00:00:00, 18944.66, 20795.11, 17934.26, 20552.44, 29383.34368967
1655683200, 20/06/2022, 00:00:00, 20552.39, 21041.62, 19603.8, 20549.75, 24904.11647858
1655769600, 21/06/2022, 00:00:00, 20547.68, 21711.0, 20328.03, 20696.96, 23770.75139634
1655856000, 22/06/2022, 00:00:00, 20699.63, 20873.52, 19751.51, 19968.46, 26569.63207564
1655942400, 23/06/2022, 00:00:00, 19970.07, 21211.97, 19869.41, 21104.45, 21460.76883515
1656028800, 24/06/2022, 00:00:00, 21104.45, 21537.46, 20712.54, 21223.72, 21361.7652594
1656115200, 25/06/2022, 00:00:00, 21221.13, 21594.5, 20900.0, 21478.04, 12877.9734191
1656201600, 26/06/2022, 00:00:00, 21474.14, 21866.0, 20944.68, 21027.92, 11145.88852674
1656288000, 27/06/2022, 00:00:00, 21024.85, 21520.0, 20500.0, 20725.17, 17440.94268269
1656374400, 28/06/2022, 00:00:00, 20722.95, 21189.99, 20164.7, 20252.89, 17658.6604167
1656460800, 29/06/2022, 00:00:00, 20253.5, 20410.91, 19823.43, 20094.79, 18278.45185883
1656547200, 30/06/2022, 00:00:00, 20098.0, 20143.53, 18603.0, 19985.62, 28361.45876221
1656633600, 01/07/2022, 00:00:00, 19985.62, 20879.99, 18938.33, 19252.76, 32977.00052272
1656720000, 02/07/2022, 00:00:00, 19252.76, 19422.02, 18955.02, 19224.03, 10707.74160684
1656806400, 03/07/2022, 00:00:00, 19225.54, 19622.33, 18755.75, 19291.33, 11826.36538269
1656892800, 04/07/2022, 00:00:00, 19291.35, 20331.76, 19029.33, 20211.35, 14462.57230204
1656979200, 05/07/2022, 00:00:00, 20212.42, 20734.89, 19274.95, 20153.51, 21938.40185419
1657065600, 06/07/2022, 00:00:00, 20153.74, 20650.0, 19743.0, 20542.67, 18489.12900774
1657152000, 07/07/2022, 00:00:00, 20542.66, 21855.72, 20224.8, 21614.6, 25211.332802
1657238400, 08/07/2022, 00:00:00, 21618.04, 22490.54, 21172.0, 21582.2, 25311.00378887
1657324800, 09/07/2022, 00:00:00, 21582.28, 21959.3, 21311.04, 21583.99, 9424.31410235
1657411200, 10/07/2022, 00:00:00, 21582.23, 21595.75, 20636.53, 20850.65, 9610.90399408
1657497600, 11/07/2022, 00:00:00, 20850.65, 20854.32, 19860.12, 19942.43, 16061.45339697
1657584000, 12/07/2022, 00:00:00, 19942.44, 20037.46, 19226.47, 19303.65, 21631.52226271
1657670400, 13/07/2022, 00:00:00, 19304.71, 20330.71, 18892.0, 20220.23, 28211.91563971
1657756800, 14/07/2022, 00:00:00, 20219.69, 20893.73, 19607.14, 20577.02, 24371.50910244
1657843200, 15/07/2022, 00:00:00, 20574.96, 21196.37, 20368.67, 20827.55, 17731.34162095
1657929600, 16/07/2022, 00:00:00, 20823.06, 21582.71, 20475.94, 21189.68, 12479.60342503
1658016000, 17/07/2022, 00:00:00, 21189.23, 21667.1, 20750.1, 20791.74, 11450.67396279
1658102400, 18/07/2022, 00:00:00, 20791.74, 22777.0, 20755.95, 22427.56, 31445.5132866
1658188800, 19/07/2022, 00:00:00, 22434.97, 23800.0, 21578.57, 23395.06, 34808.90125305
1658275200, 20/07/2022, 00:00:00, 23398.46, 24287.13, 22899.0, 23226.99, 34094.81155381
1658361600, 21/07/2022, 00:00:00, 23225.24, 23434.65, 22340.07, 23153.96, 24113.43095206
1658448000, 22/07/2022, 00:00:00, 23152.76, 23763.55, 22505.56, 22687.68, 20884.25890814
1658534400, 23/07/2022, 00:00:00, 22688.85, 23006.16, 21941.01, 22450.69, 12592.30066753
1658620800, 24/07/2022, 00:00:00, 22451.36, 23036.46, 22263.85, 22583.43, 9132.96152481
1658707200, 25/07/2022, 00:00:00, 22583.37, 22665.74, 21254.97, 21313.41, 22277.31378773
1658793600, 26/07/2022, 00:00:00, 21312.06, 21344.43, 20715.0, 21261.57, 19333.35688939
1658880000, 27/07/2022, 00:00:00, 21260.22, 23110.73, 21045.73, 22962.59, 24206.7301153
1658966400, 28/07/2022, 00:00:00, 22960.74, 24206.11, 22580.86, 23851.7, 25681.25351287
1659052800, 29/07/2022, 00:00:00, 23851.66, 24450.0, 23429.71, 23784.5, 18431.00204878
1659139200, 30/07/2022, 00:00:00, 23787.84, 24666.0, 23516.11, 23650.13, 13265.47821461
1659225600, 31/07/2022, 00:00:00, 23648.15, 24192.18, 23240.01, 23307.44, 7969.64723008
1659312000, 01/08/2022, 00:00:00, 23307.44, 23518.89, 22850.0, 23273.86, 12543.48560075
1659398400, 02/08/2022, 00:00:00, 23273.85, 23464.97, 22659.06, 22989.4, 15013.77828925
1659484800, 03/08/2022, 00:00:00, 22994.78, 23650.96, 22694.56, 22825.0, 23966.78092491
1659571200, 04/08/2022, 00:00:00, 22824.88, 23234.29, 22392.88, 22623.94, 21755.96366822
1659657600, 05/08/2022, 00:00:00, 22624.44, 23478.58, 22589.83, 23320.81, 26745.91293062
1659744000, 06/08/2022, 00:00:00, 23320.71, 23357.19, 22917.49, 22960.93, 9285.19244923
1659830400, 07/08/2022, 00:00:00, 22960.86, 23405.02, 22852.13, 23177.39, 8297.19227173
1659916800, 08/08/2022, 00:00:00, 23180.26, 24251.08, 23158.32, 23815.65, 24093.33217697
1660003200, 09/08/2022, 00:00:00, 23815.68, 23929.35, 22871.66, 23158.27, 22349.07822206
1660089600, 10/08/2022, 00:00:00, 23158.32, 24224.67, 22666.23, 23962.18, 25974.49772434
1660176000, 11/08/2022, 00:00:00, 23959.3, 24929.99, 23862.66, 23944.86, 29681.35922757
1660262400, 12/08/2022, 00:00:00, 23944.85, 24463.01, 23600.01, 24415.18, 17244.15100332
1660348800, 13/08/2022, 00:00:00, 24415.08, 24898.91, 24302.36, 24456.49, 13678.30446343
1660435200, 14/08/2022, 00:00:00, 24456.17, 25054.1, 24151.63, 24316.71, 23306.17100393
1660521600, 15/08/2022, 00:00:00, 24316.58, 25214.57, 23777.0, 24097.82, 27821.25610894
1660608000, 16/08/2022, 00:00:00, 24099.7, 24253.98, 23668.0, 23857.93, 19601.90580439
1660694400, 17/08/2022, 00:00:00, 23857.89, 24448.49, 23180.14, 23341.17, 22747.43895287
1660780800, 18/08/2022, 00:00:00, 23344.42, 23600.0, 23107.27, 23189.46, 13825.6308966
1660867200, 19/08/2022, 00:00:00, 23188.94, 23206.76, 20782.39, 20834.94, 45962.7257428
1660953600, 20/08/2022, 00:00:00, 20834.94, 21372.93, 20760.93, 21139.23, 21809.4048831
1661040000, 21/08/2022, 00:00:00, 21139.22, 21795.08, 21067.33, 21518.62, 16024.82128336
1661126400, 22/08/2022, 00:00:00, 21514.45, 21540.0, 20889.69, 21398.25, 26215.93682469
1661212800, 23/08/2022, 00:00:00, 21396.37, 21679.52, 20889.69, 21528.34, 22744.05096265
1661299200, 24/08/2022, 00:00:00, 21526.74, 21925.0, 21147.41, 21367.12, 22538.91385671
1661385600, 25/08/2022, 00:00:00, 21367.12, 21818.32, 21307.32, 21561.86, 17065.2835044
1661472000, 26/08/2022, 00:00:00, 21561.49, 21878.05, 20112.78, 20240.72, 37169.02639568
1661558400, 27/08/2022, 00:00:00, 20240.63, 20389.14, 19800.0, 20036.69, 22160.97938125
1661644800, 28/08/2022, 00:00:00, 20035.3, 20164.26, 19513.74, 19554.03, 17117.31912737
1661731200, 29/08/2022, 00:00:00, 19552.31, 20427.19, 19545.57, 20286.97, 33436.35652183
1661817600, 30/08/2022, 00:00:00, 20286.95, 20582.64, 19540.14, 19813.17, 46462.27938622
1661904000, 31/08/2022, 00:00:00, 19813.97, 20489.0, 19799.97, 20048.26, 36587.60323535
1661990400, 01/09/2022, 00:00:00, 20048.27, 20205.53, 19561.01, 20133.65, 23858.64862602
1662076800, 02/09/2022, 00:00:00, 20132.67, 20444.0, 19755.0, 19953.74, 19929.54590305
1662163200, 03/09/2022, 00:00:00, 19953.4, 20053.9, 19655.0, 19835.47, 9538.49811675
1662249600, 04/09/2022, 00:00:00, 19833.59, 20026.2, 19588.27, 20004.73, 10670.60766559
1662336000, 05/09/2022, 00:00:00, 20003.85, 20060.0, 19633.11, 19794.58, 13935.11385555
1662422400, 06/09/2022, 00:00:00, 19794.59, 20179.86, 18663.25, 18790.91, 34029.11126955
1662508800, 07/09/2022, 00:00:00, 18790.77, 19466.09, 18527.0, 19293.52, 25583.39915964
1662595200, 08/09/2022, 00:00:00, 19293.03, 19460.7, 19014.43, 19321.87, 20327.61614165
1662681600, 09/09/2022, 00:00:00, 19322.56, 21616.21, 19294.49, 21364.5, 39579.81208118
1662768000, 10/09/2022, 00:00:00, 21366.61, 21815.15, 21127.1, 21651.52, 17750.76003376
1662854400, 11/09/2022, 00:00:00, 21656.03, 21865.66, 21356.37, 21831.72, 14386.63340528
1662940800, 12/09/2022, 00:00:00, 21830.16, 22490.05, 21555.0, 22402.71, 28404.49469955
1663027200, 13/09/2022, 00:00:00, 22402.58, 22800.0, 19855.0, 20174.78, 37351.56014939
1663113600, 14/09/2022, 00:00:00, 20174.78, 20545.0, 19625.0, 20227.77, 25139.52734416
1663200000, 15/09/2022, 00:00:00, 20227.7, 20336.42, 19500.0, 19703.67, 21124.30384367
1663286400, 16/09/2022, 00:00:00, 19703.65, 19890.95, 19305.0, 19801.04, 24863.81492556
1663372800, 17/09/2022, 00:00:00, 19800.26, 20183.14, 19748.89, 20113.37, 11557.14724341
1663459200, 18/09/2022, 00:00:00, 20113.37, 20119.08, 19335.57, 19417.64, 16437.90668757
1663545600, 19/09/2022, 00:00:00, 19417.56, 19689.62, 18255.0, 19540.38, 30961.4463315
1663632000, 20/09/2022, 00:00:00, 19538.31, 19638.46, 18722.0, 18876.91, 27437.23361358
1663718400, 21/09/2022, 00:00:00, 18876.14, 19949.97, 18153.13, 18462.64, 44344.46282424
1663804800, 22/09/2022, 00:00:00, 18462.66, 19521.8, 18358.63, 19401.25, 41006.95212665
1663891200, 23/09/2022, 00:00:00, 19399.93, 19500.0, 18529.0, 19286.01, 30781.38249694
1663977600, 24/09/2022, 00:00:00, 19286.03, 19311.4, 18808.13, 18923.2, 17644.76169841
1664064000, 25/09/2022, 00:00:00, 18920.93, 19184.3, 18619.88, 18808.61, 14499.16320537
1664150400, 26/09/2022, 00:00:00, 18806.3, 19320.86, 18681.02, 19228.0, 33108.05445715
1664236800, 27/09/2022, 00:00:00, 19226.94, 20383.15, 18821.55, 19077.57, 51860.03004114
1664323200, 28/09/2022, 00:00:00, 19077.56, 19773.67, 18487.0, 19412.07, 43710.30467197
1664409600, 29/09/2022, 00:00:00, 19412.37, 19646.66, 18845.3, 19595.57, 34783.53737085
1664496000, 30/09/2022, 00:00:00, 19595.59, 20182.72, 19154.38, 19426.11, 34243.66392923
1664582400, 01/10/2022, 00:00:00, 19423.57, 19486.43, 19160.0, 19315.27, 7337.45595566
1664668800, 02/10/2022, 00:00:00, 19315.26, 19398.94, 18923.81, 19059.17, 12951.42404465
1664755200, 03/10/2022, 00:00:00, 19059.1, 19717.67, 18958.29, 19633.46, 28571.64018677
1664841600, 04/10/2022, 00:00:00, 19632.43, 20479.43, 19495.32, 20345.19, 32685.41637125
1664928000, 05/10/2022, 00:00:00, 20345.27, 20371.15, 19750.0, 20161.62, 33542.20736149
1665014400, 06/10/2022, 00:00:00, 20162.15, 20455.79, 19855.19, 19965.64, 44044.43606305
1665100800, 07/10/2022, 00:00:00, 19963.75, 20065.26, 19325.0, 19533.05, 34938.97272677
1665187200, 08/10/2022, 00:00:00, 19531.68, 19628.78, 19250.0, 19419.39, 9745.2545363
1665273600, 09/10/2022, 00:00:00, 19421.49, 19563.28, 19321.0, 19443.47, 12537.63788265
1665360000, 10/10/2022, 00:00:00, 19442.7, 19528.04, 19028.08, 19132.83, 26596.56843638
1665446400, 11/10/2022, 00:00:00, 19130.8, 19265.69, 18855.19, 19058.11, 36248.01909763
1665532800, 12/10/2022, 00:00:00, 19058.42, 19235.26, 18971.51, 19155.92, 24862.65344825
1665619200, 13/10/2022, 00:00:00, 19153.97, 19509.23, 18131.0, 19378.65, 49160.49651762
1665705600, 14/10/2022, 00:00:00, 19375.55, 19954.14, 19076.83, 19178.0, 46208.33260444
1665792000, 15/10/2022, 00:00:00, 19179.15, 19229.12, 18983.0, 19070.24, 9062.82835275
1665878400, 16/10/2022, 00:00:00, 19070.62, 19425.49, 19065.23, 19264.44, 8310.92834083
1665964800, 17/10/2022, 00:00:00, 19261.62, 19679.46, 19154.72, 19550.4, 24137.12482696
1666051200, 18/10/2022, 00:00:00, 19550.39, 19702.73, 19091.77, 19328.76, 27645.59742478
1666137600, 19/10/2022, 00:00:00, 19328.75, 19361.0, 19062.1, 19124.18, 22284.13292808
1666224000, 20/10/2022, 00:00:00, 19123.77, 19349.04, 18905.0, 19042.48, 28405.7559743
1666310400, 21/10/2022, 00:00:00, 19043.66, 19254.52, 18659.0, 19166.45, 24206.36088454
1666396800, 22/10/2022, 00:00:00, 19164.92, 19257.66, 19110.46, 19209.1, 7044.99034028
1666483200, 23/10/2022, 00:00:00, 19209.09, 19698.1, 19070.92, 19572.44, 12086.31175412
1666569600, 24/10/2022, 00:00:00, 19572.2, 19603.57, 19159.35, 19330.41, 29432.58356293
1666656000, 25/10/2022, 00:00:00, 19332.11, 20420.88, 19240.76, 20086.28, 42452.33701168
1666742400, 26/10/2022, 00:00:00, 20086.27, 21022.81, 20055.85, 20775.4, 43618.9919315
1666828800, 27/10/2022, 00:00:00, 20773.59, 20878.17, 20196.01, 20296.97, 34123.58255469
1666915200, 28/10/2022, 00:00:00, 20295.77, 20755.09, 20000.0, 20597.91, 29581.75150226
1667001600, 29/10/2022, 00:00:00, 20597.34, 21080.0, 20561.2, 20823.53, 19822.75126022
1667088000, 30/10/2022, 00:00:00, 20822.38, 20939.35, 20523.92, 20630.68, 13737.38848362
1667174400, 31/10/2022, 00:00:00, 20629.21, 20837.68, 20237.0, 20489.94, 22222.73611567
1667260800, 01/11/2022, 00:00:00, 20489.55, 20691.0, 20326.55, 20479.63, 21147.00854592
1667347200, 02/11/2022, 00:00:00, 20480.34, 20805.0, 20059.53, 20151.4, 43913.21904186
1667433600, 03/11/2022, 00:00:00, 20151.29, 20390.82, 20032.02, 20206.88, 26837.37211156
1667520000, 04/11/2022, 00:00:00, 20208.02, 21298.76, 20181.61, 21144.2, 42027.16281295
1667606400, 05/11/2022, 00:00:00, 21149.03, 21478.8, 21082.54, 21300.45, 14076.70487828
1667692800, 06/11/2022, 00:00:00, 21300.45, 21365.89, 20886.26, 20909.17, 10958.4932636
1667779200, 07/11/2022, 00:00:00, 20908.15, 21069.46, 20394.34, 20593.49, 25279.82916936
1667865600, 08/11/2022, 00:00:00, 20593.34, 20675.0, 17500.0, 18550.25, 84056.63082724
1667952000, 09/11/2022, 00:00:00, 18546.07, 18590.34, 15512.0, 15891.96, 119633.96194081
1668038400, 10/11/2022, 00:00:00, 15894.77, 18140.62, 15720.0, 17553.89, 91496.98548059
1668124800, 11/11/2022, 00:00:00, 17555.44, 17641.32, 16336.05, 17013.62, 64776.6547934
1668211200, 12/11/2022, 00:00:00, 17014.78, 17067.7, 16595.25, 16783.33, 23830.0578576
1668297600, 13/11/2022, 00:00:00, 16783.32, 16926.57, 16214.95, 16301.39, 23266.69734743
1668384000, 14/11/2022, 00:00:00, 16298.75, 17169.68, 15790.25, 16590.73, 55601.93469977
1668470400, 15/11/2022, 00:00:00, 16588.41, 17107.88, 16502.85, 16877.93, 48155.32053543
1668556800, 16/11/2022, 00:00:00, 16879.37, 16994.31, 16358.66, 16645.24, 37249.70414522
1668643200, 17/11/2022, 00:00:00, 16646.58, 16736.7, 16396.0, 16680.47, 22484.77507436
1668729600, 18/11/2022, 00:00:00, 16680.47, 16984.08, 16526.28, 16680.59, 26970.34405749
1668816000, 19/11/2022, 00:00:00, 16678.85, 16802.0, 16534.83, 16683.02, 9396.04770097
1668902400, 20/11/2022, 00:00:00, 16680.7, 16733.19, 16154.65, 16252.53, 16685.1909604
1668988800, 21/11/2022, 00:00:00, 16252.43, 16279.99, 15460.0, 15760.14, 43799.91803333
1669075200, 22/11/2022, 00:00:00, 15758.96, 16294.5, 15596.22, 16199.71, 44555.90690195
1669161600, 23/11/2022, 00:00:00, 16201.15, 16700.0, 16142.99, 16587.0, 37143.06609396
1669248000, 24/11/2022, 00:00:00, 16585.83, 16797.28, 16450.62, 16587.61, 21819.50497344
1669334400, 25/11/2022, 00:00:00, 16587.6, 16610.08, 16333.0, 16510.9, 20800.91157317
1669420800, 26/11/2022, 00:00:00, 16510.9, 16693.18, 16376.1, 16450.93, 12308.57070713
1669507200, 27/11/2022, 00:00:00, 16450.32, 16589.43, 16395.0, 16419.88, 10825.69525321
1669593600, 28/11/2022, 00:00:00, 16421.63, 16478.32, 15992.64, 16206.3, 30336.24756667
1669680000, 29/11/2022, 00:00:00, 16206.23, 16541.72, 16092.53, 16438.0, 21901.9847881
1669766400, 30/11/2022, 00:00:00, 16437.94, 17259.37, 16423.37, 17167.33, 42517.61172285
1669852800, 01/12/2022, 00:00:00, 17165.44, 17317.8, 16855.0, 16980.08, 31798.99151828
1669939200, 02/12/2022, 00:00:00, 16980.07, 17108.25, 16791.02, 17094.71, 23096.43686725
1670025600, 03/12/2022, 00:00:00, 17094.25, 17158.42, 16863.58, 16888.53, 14081.4506716
1670112000, 04/12/2022, 00:00:00, 16889.17, 17199.99, 16882.86, 17108.9, 16961.10828839
1670198400, 05/12/2022, 00:00:00, 17108.9, 17424.59, 16865.22, 16966.05, 33618.45109026
1670284800, 06/12/2022, 00:00:00, 16966.05, 17111.35, 16904.04, 17089.05, 26693.6101171
1670371200, 07/12/2022, 00:00:00, 17089.18, 17140.22, 16679.52, 16840.0, 22635.46848793
1670457600, 08/12/2022, 00:00:00, 16839.76, 17300.59, 16738.0, 17226.01, 23533.23453743
1670544000, 09/12/2022, 00:00:00, 17226.03, 17352.62, 17060.69, 17130.59, 20976.63699864
1670630400, 10/12/2022, 00:00:00, 17130.49, 17227.64, 17093.42, 17128.1, 7860.58687575
1670716800, 11/12/2022, 00:00:00, 17128.1, 17271.92, 17073.19, 17085.21, 9948.85267032
1670803200, 12/12/2022, 00:00:00, 17085.62, 17244.63, 16875.83, 17211.66, 20659.65709227
1670889600, 13/12/2022, 00:00:00, 17212.9, 17999.99, 17089.17, 17773.18, 38316.03172467
1670976000, 14/12/2022, 00:00:00, 17772.98, 18385.36, 17660.93, 17804.97, 49295.42072146
1671062400, 15/12/2022, 00:00:00, 17805.36, 17856.26, 17275.02, 17357.96, 37834.73808374
1671148800, 16/12/2022, 00:00:00, 17359.1, 17525.0, 16529.53, 16632.64, 47159.86300655
1671235200, 17/12/2022, 00:00:00, 16634.29, 16799.99, 16585.64, 16782.25, 18446.6836015
1671321600, 18/12/2022, 00:00:00, 16782.23, 16875.0, 16663.76, 16741.16, 11073.43886205
1671408000, 19/12/2022, 00:00:00, 16742.33, 16822.84, 16273.4, 16439.74, 26856.08598724
1671494400, 20/12/2022, 00:00:00, 16439.98, 17060.86, 16398.22, 16897.65, 34330.28235168
1671580800, 21/12/2022, 00:00:00, 16896.17, 16926.05, 16725.78, 16826.56, 16743.62189364
1671667200, 22/12/2022, 00:00:00, 16825.18, 16868.82, 16560.84, 16815.51, 21269.7673979
1671753600, 23/12/2022, 00:00:00, 16815.28, 16943.29, 16719.57, 16777.21, 21958.88697726
1671840000, 24/12/2022, 00:00:00, 16777.88, 16863.62, 16775.88, 16837.12, 9502.80320659
1671926400, 25/12/2022, 00:00:00, 16837.24, 16853.88, 16720.89, 16829.02, 7065.21656572
1672012800, 26/12/2022, 00:00:00, 16829.19, 16939.81, 16787.97, 16917.96, 8493.27661167
1672099200, 27/12/2022, 00:00:00, 16916.66, 16967.0, 16585.97, 16698.73, 17482.09318834
1672185600, 28/12/2022, 00:00:00, 16698.31, 16777.35, 16460.0, 16539.66, 23345.55126307
1672272000, 29/12/2022, 00:00:00, 16539.66, 16654.81, 16479.5, 16627.54, 20088.46487471
1672358400, 30/12/2022, 00:00:00, 16627.36, 16649.99, 16326.16, 16600.1, 26532.28003447
1672444800, 31/12/2022, 00:00:00, 16599.98, 16634.42, 16462.49, 16530.35, 15414.5294044
1672531200, 01/01/2023, 00:00:00, 16531.83, 16621.0, 16490.0, 16611.58, 10668.73697739
1672617600, 02/01/2023, 00:00:00, 16611.9, 16789.99, 16542.52, 16666.95, 13560.46017964
1672704000, 03/01/2023, 00:00:00, 16666.86, 16772.3, 16600.0, 16669.47, 17612.35527749
1672790400, 04/01/2023, 00:00:00, 16668.95, 16988.0, 16645.87, 16844.42, 25922.70680625
1672876800, 05/01/2023, 00:00:00, 16844.4, 16872.13, 16750.07, 16825.69, 14918.22913349
1672963200, 06/01/2023, 00:00:00, 16825.53, 17027.11, 16670.82, 16948.06, 24235.38704157
1673049600, 07/01/2023, 00:00:00, 16948.0, 16977.76, 16903.58, 16942.37, 5680.11799379
1673136000, 08/01/2023, 00:00:00, 16942.37, 17167.52, 16910.41, 17125.18, 9195.45985397
1673222400, 09/01/2023, 00:00:00, 17125.17, 17396.25, 17102.97, 17177.98, 33252.15435855
1673308800, 10/01/2023, 00:00:00, 17177.94, 17494.37, 17145.1, 17443.5, 24901.57485784
1673395200, 11/01/2023, 00:00:00, 17443.5, 17998.0, 17315.08, 17944.27, 27251.01602186
1673481600, 12/01/2023, 00:00:00, 17944.15, 19115.85, 17904.83, 18847.75, 61938.44269045
1673568000, 13/01/2023, 00:00:00, 18847.77, 20000.0, 18714.8, 19934.88, 55049.6223488
1673654400, 14/01/2023, 00:00:00, 19934.07, 21321.98, 19893.25, 20957.02, 58239.87328811
1673740800, 15/01/2023, 00:00:00, 20956.2, 21057.3, 20560.16, 20879.7, 25709.30241812
1673827200, 16/01/2023, 00:00:00, 20879.67, 21465.62, 20611.45, 21187.5, 41151.35428763
1673913600, 17/01/2023, 00:00:00, 21191.46, 21595.0, 20844.73, 21136.33, 32656.47978348
1674000000, 18/01/2023, 00:00:00, 21135.01, 21650.21, 20370.01, 20674.29, 34600.25647175
1674086400, 19/01/2023, 00:00:00, 20674.03, 21197.0, 20656.52, 21084.22, 23436.75404601
1674172800, 20/01/2023, 00:00:00, 21084.05, 22754.73, 20865.64, 22669.81, 32810.59587882
1674259200, 21/01/2023, 00:00:00, 22671.09, 23375.6, 22432.45, 22789.37, 32657.60500465
1674345600, 22/01/2023, 00:00:00, 22789.34, 23082.82, 22298.15, 22714.87, 25548.28914044
1674432000, 23/01/2023, 00:00:00, 22714.81, 23180.55, 22500.01, 22920.29, 32380.77464386
1674518400, 24/01/2023, 00:00:00, 22920.67, 23165.56, 22460.17, 22636.17, 39180.10567306
1674604800, 25/01/2023, 00:00:00, 22636.19, 23824.66, 22326.24, 23062.36, 38496.91631901
1674691200, 26/01/2023, 00:00:00, 23062.36, 23287.38, 22853.61, 23010.47, 30187.01702655
1674777600, 27/01/2023, 00:00:00, 23011.37, 23511.9, 22540.76, 23084.4, 27185.13487749
1674864000, 28/01/2023, 00:00:00, 23084.38, 23196.99, 22884.0, 23028.95, 7466.33930339
1674950400, 29/01/2023, 00:00:00, 23029.56, 23966.0, 22974.75, 23745.8, 20952.76361397
1675036800, 30/01/2023, 00:00:00, 23744.34, 23802.99, 22500.0, 22836.03, 34312.28644397
1675123200, 31/01/2023, 00:00:00, 22836.03, 23313.23, 22719.68, 23128.86, 22721.77475761
1675209600, 01/02/2023, 00:00:00, 23127.15, 23813.57, 22760.0, 23735.97, 20292.22416962
1675296000, 02/02/2023, 00:00:00, 23735.97, 24262.18, 23367.87, 23493.84, 16368.92138269
1675382400, 03/02/2023, 00:00:00, 23497.29, 23720.0, 23208.01, 23433.54, 14215.66842983
1675468800, 04/02/2023, 00:00:00, 23433.47, 23589.67, 23257.71, 23328.87, 3567.13007478
1675555200, 05/02/2023, 00:00:00, 23329.47, 23433.2, 22758.01, 22936.34, 6574.34533251
1675641600, 06/02/2023, 00:00:00, 22936.34, 23163.05, 22637.51, 22764.07, 12149.94486314
1675728000, 07/02/2023, 00:00:00, 22763.42, 23348.73, 22748.11, 23244.67, 9803.34759825
1675814400, 08/02/2023, 00:00:00, 23244.64, 23451.01, 22669.09, 22964.38, 7693.59195866
1675900800, 09/02/2023, 00:00:00, 22963.91, 23011.18, 21700.0, 21800.63, 19277.239648
1675987200, 10/02/2023, 00:00:00, 21800.62, 21942.41, 21467.43, 21628.97, 12641.59512641
1676073600, 11/02/2023, 00:00:00, 21628.97, 21904.0, 21605.35, 21863.73, 4695.91143894
1676160000, 12/02/2023, 00:00:00, 21863.73, 22091.88, 21631.0, 21789.8, 5990.68642903
1676246400, 13/02/2023, 00:00:00, 21789.79, 21903.03, 21366.45, 21789.14, 13246.3049252
1676332800, 14/02/2023, 00:00:00, 21789.0, 22331.76, 21545.67, 22206.27, 14879.72784164
1676419200, 15/02/2023, 00:00:00, 22206.26, 24386.5, 22054.17, 24329.04, 23427.35072192
1676505600, 16/02/2023, 00:00:00, 24326.95, 25256.83, 23510.73, 23516.15, 30034.93494269
1676592000, 17/02/2023, 00:00:00, 23516.95, 25025.0, 23344.12, 24577.6, 22795.35234631
1676678400, 18/02/2023, 00:00:00, 24577.6, 24879.33, 24407.67, 24636.23, 6191.17379627
1676764800, 19/02/2023, 00:00:00, 24635.85, 25200.0, 24192.7, 24281.31, 9733.21021005
1676851200, 20/02/2023, 00:00:00, 24278.81, 25128.11, 23841.08, 24844.97, 13977.17943437
1676937600, 21/02/2023, 00:00:00, 24844.21, 25288.88, 24153.96, 24454.43, 16495.25564236
1677024000, 22/02/2023, 00:00:00, 24454.08, 24480.0, 23581.64, 24184.44, 17390.31077874
1677110400, 23/02/2023, 00:00:00, 24184.9, 24600.95, 23612.59, 23943.32, 16847.70433307
1677196800, 24/02/2023, 00:00:00, 23943.32, 24132.67, 22520.0, 23186.88, 20933.97488913
1677283200, 25/02/2023, 00:00:00, 23186.88, 23220.56, 22716.47, 23159.71, 5937.43847794
1677369600, 26/02/2023, 00:00:00, 23159.71, 23689.77, 23052.78, 23556.83, 6063.45918348
1677456000, 27/02/2023, 00:00:00, 23556.83, 23895.51, 23109.06, 23489.52, 12098.67253518
1677542400, 28/02/2023, 00:00:00, 23490.01, 23597.98, 23027.24, 23145.32, 9516.02766667
1677628800, 01/03/2023, 00:00:00, 23144.37, 23999.99, 23025.17, 23631.52, 12151.84539817
1677715200, 02/03/2023, 00:00:00, 23632.12, 23798.62, 23196.09, 23468.24, 9239.93644458
1677801600, 03/03/2023, 00:00:00, 23468.79, 23477.28, 21988.02, 22358.18, 21715.09355721
1677888000, 04/03/2023, 00:00:00, 22358.18, 22409.82, 22150.71, 22350.95, 2266.21497947
1677974400, 05/03/2023, 00:00:00, 22349.74, 22654.64, 22195.13, 22432.69, 5291.96467583
1678060800, 06/03/2023, 00:00:00, 22431.99, 22599.99, 22264.73, 22410.31, 10660.04864303
1678147200, 07/03/2023, 00:00:00, 22410.13, 22557.03, 21932.74, 22198.48, 10381.24422759
1678233600, 08/03/2023, 00:00:00, 22198.09, 22281.55, 21580.84, 21698.37, 13343.72575834
1678320000, 09/03/2023, 00:00:00, 21699.41, 21825.53, 20050.0, 20367.01, 21326.08097071
1678406400, 10/03/2023, 00:00:00, 20366.97, 20369.78, 19568.52, 20230.08, 32126.59207482
1678492800, 11/03/2023, 00:00:00, 20230.07, 20964.5, 19900.5, 20620.54, 18920.85100043
1678579200, 12/03/2023, 00:00:00, 20619.34, 22276.69, 20446.24, 22219.08, 19165.53317335
1678665600, 13/03/2023, 00:00:00, 22216.02, 24710.0, 21882.63, 24220.0, 38654.82408388
1678752000, 14/03/2023, 00:00:00, 24220.0, 26553.9, 24052.0, 24762.65, 44100.36444555
1678838400, 15/03/2023, 00:00:00, 24761.61, 25300.0, 23931.01, 24377.16, 30128.4276161
1678924800, 16/03/2023, 00:00:00, 24377.16, 25235.28, 24207.54, 25051.85, 20754.42573365
1679011200, 17/03/2023, 00:00:00, 25052.11, 27834.54, 24946.86, 27453.62, 40752.19373629
1679097600, 18/03/2023, 00:00:00, 27453.75, 27780.0, 26652.45, 26980.35, 18096.24372219
1679184000, 19/03/2023, 00:00:00, 26980.35, 28478.0, 26904.0, 28054.46, 16897.41761964
1679270400, 20/03/2023, 00:00:00, 28058.15, 28578.63, 27218.36, 27823.32, 23782.6567676
1679356800, 21/03/2023, 00:00:00, 27822.85, 28605.32, 27414.77, 28207.33, 16193.18924882
1679443200, 22/03/2023, 00:00:00, 28201.22, 28937.73, 26678.16, 27325.15, 33974.43697526
1679529600, 23/03/2023, 00:00:00, 27324.05, 28839.68, 27189.19, 28352.94, 26698.29660165
1679616000, 24/03/2023, 00:00:00, 28352.95, 28433.34, 27027.88, 27489.24, 22190.91292623
1679702400, 25/03/2023, 00:00:00, 27489.24, 27818.67, 27184.78, 27488.18, 9655.9494554
1679788800, 26/03/2023, 00:00:00, 27489.56, 28230.32, 27445.04, 27992.9, 9800.64299441
1679875200, 27/03/2023, 00:00:00, 27995.27, 28053.26, 26525.0, 27142.87, 17268.16335715
1679961600, 28/03/2023, 00:00:00, 27142.85, 27519.99, 26640.0, 27274.15, 14103.92919115
1680048000, 29/03/2023, 00:00:00, 27274.18, 28654.06, 27255.42, 28359.54, 17710.8595857
1680134400, 30/03/2023, 00:00:00, 28359.54, 29190.04, 27693.7, 28035.48, 20972.43924037
1680220800, 31/03/2023, 00:00:00, 28034.88, 28650.2, 27512.97, 28474.4, 18917.3621471
1680307200, 01/04/2023, 00:00:00, 28475.41, 28826.45, 28223.76, 28471.46, 6988.04239657
1680393600, 02/04/2023, 00:00:00, 28471.03, 28544.21, 27862.69, 28188.34, 6707.97702984
1680480000, 03/04/2023, 00:00:00, 28188.34, 28525.0, 27227.61, 27811.77, 16192.03702141
1680566400, 04/04/2023, 00:00:00, 27809.55, 28450.0, 27670.24, 28179.64, 13261.95025317
1680652800, 05/04/2023, 00:00:00, 28178.66, 28799.99, 27817.32, 28175.37, 15066.72449529
1680739200, 06/04/2023, 00:00:00, 28175.27, 28199.11, 27716.77, 28053.46, 10291.80646097
1680825600, 07/04/2023, 00:00:00, 28052.74, 28120.71, 27790.21, 27931.94, 5847.77200458
1680912000, 08/04/2023, 00:00:00, 27930.12, 28175.89, 27881.01, 27958.81, 3854.33490363
1680998400, 09/04/2023, 00:00:00, 27958.19, 28547.67, 27814.0, 28340.99, 6136.4286229
1681084800, 10/04/2023, 00:00:00, 28342.28, 29794.47, 28162.49, 29660.41, 15752.30418782
1681171200, 11/04/2023, 00:00:00, 29657.7, 30584.58, 29612.3, 30227.19, 18637.22157812
1681257600, 12/04/2023, 00:00:00, 30227.18, 30517.0, 29675.0, 29912.2, 14961.08403219
1681344000, 13/04/2023, 00:00:00, 29912.2, 30627.05, 29878.08, 30406.78, 12505.27274115
1681430400, 14/04/2023, 00:00:00, 30410.03, 31050.0, 30000.0, 30492.92, 19793.55777592
1681516800, 15/04/2023, 00:00:00, 30492.91, 30622.38, 30231.76, 30324.11, 5486.7222394
1681603200, 16/04/2023, 00:00:00, 30325.07, 30572.1, 30148.28, 30326.09, 6230.24911461
1681689600, 17/04/2023, 00:00:00, 30321.41, 30340.21, 29251.71, 29449.91, 13418.0380446
1681776000, 18/04/2023, 00:00:00, 29449.91, 30500.0, 29103.89, 30393.4, 12649.52217446
1681862400, 19/04/2023, 00:00:00, 30394.5, 30430.72, 28595.28, 28809.72, 20951.87851572
1681948800, 20/04/2023, 00:00:00, 28809.71, 29102.69, 27991.32, 28248.18, 17007.31210311
1682035200, 21/04/2023, 00:00:00, 28248.18, 28371.88, 27133.0, 27253.85, 19665.99126045
1682121600, 22/04/2023, 00:00:00, 27252.96, 27887.78, 27133.0, 27821.41, 7556.85769964
1682208000, 23/04/2023, 00:00:00, 27820.99, 27820.99, 27333.2, 27592.98, 6255.76778325
1682294400, 24/04/2023, 00:00:00, 27592.7, 28000.0, 26965.14, 27515.05, 12258.59093046
1682380800, 25/04/2023, 00:00:00, 27513.85, 28400.0, 27194.51, 28304.42, 12013.57991051
1682467200, 26/04/2023, 00:00:00, 28304.42, 30050.66, 27230.77, 28426.08, 31636.39150463
1682553600, 27/04/2023, 00:00:00, 28428.86, 29900.0, 28387.07, 29483.72, 24310.36359778
1682640000, 28/04/2023, 00:00:00, 29486.97, 29606.45, 28900.0, 29338.63, 14184.03938836
1682726400, 29/04/2023, 00:00:00, 29339.47, 29470.0, 29057.3, 29249.35, 4909.72717806
1682812800, 30/04/2023, 00:00:00, 29249.24, 29969.99, 29095.92, 29247.14, 6837.06831371
1682899200, 01/05/2023, 00:00:00, 29240.49, 29348.6, 27664.31, 28077.27, 17953.11670042
1682985600, 02/05/2023, 00:00:00, 28077.44, 28899.99, 27871.44, 28684.4, 13258.60505694
1683072000, 03/05/2023, 00:00:00, 28683.41, 29276.12, 28122.0, 29038.75, 15605.28754268
1683158400, 04/05/2023, 00:00:00, 29039.36, 29383.5, 28674.58, 28857.23, 10407.16067489
1683244800, 05/05/2023, 00:00:00, 28857.88, 29706.57, 28810.0, 29536.76, 14691.1261171
1683331200, 06/05/2023, 00:00:00, 29538.87, 29850.0, 28394.0, 28902.66, 8546.79874854
1683417600, 07/05/2023, 00:00:00, 28901.3, 29189.71, 28429.12, 28474.53, 5884.67007423
1683504000, 08/05/2023, 00:00:00, 28472.68, 28676.38, 27279.66, 27695.06, 15859.41839592
1683590400, 09/05/2023, 00:00:00, 27693.24, 27833.64, 27367.01, 27647.29, 8888.42683618
1683676800, 10/05/2023, 00:00:00, 27647.29, 28334.75, 26800.0, 27624.01, 18590.96989908
1683763200, 11/05/2023, 00:00:00, 27621.5, 27649.85, 26702.0, 26986.56, 13438.74631738
1683849600, 12/05/2023, 00:00:00, 26986.79, 27099.21, 25810.0, 26808.84, 18458.49543497
1683936000, 13/05/2023, 00:00:00, 26808.8, 27060.24, 26700.0, 26789.48, 4782.64422745
1684022400, 14/05/2023, 00:00:00, 26786.99, 27221.51, 26581.52, 26929.98, 4393.20531359
1684108800, 15/05/2023, 00:00:00, 26929.98, 27678.73, 26740.95, 27171.13, 11889.94842508
1684195200, 16/05/2023, 00:00:00, 27165.26, 27302.99, 26860.12, 27037.68, 11209.90767959
1684281600, 17/05/2023, 00:00:00, 27037.72, 27516.58, 26543.87, 27407.77, 13308.63176925
1684368000, 18/05/2023, 00:00:00, 27407.76, 27487.71, 26361.52, 26820.49, 12604.94858584
1684454400, 19/05/2023, 00:00:00, 26819.64, 27190.35, 26632.73, 26890.27, 7587.52629065
1684540800, 20/05/2023, 00:00:00, 26890.27, 27178.99, 26836.21, 27113.61, 3127.42757901
1684627200, 21/05/2023, 00:00:00, 27113.97, 27288.02, 26667.63, 26752.65, 5534.52475759
1684713600, 22/05/2023, 00:00:00, 26751.0, 27105.63, 26536.99, 26854.73, 8554.42214009
1684800000, 23/05/2023, 00:00:00, 26854.09, 27500.0, 26803.46, 27223.22, 11594.53703302
1684886400, 24/05/2023, 00:00:00, 27222.86, 27225.0, 26070.04, 26321.4, 17340.61730838
1684972800, 25/05/2023, 00:00:00, 26321.42, 26625.93, 25864.35, 26479.06, 12094.45706071
1685059200, 26/05/2023, 00:00:00, 26479.15, 26950.0, 26334.33, 26714.86, 9858.60032184
1685145600, 27/05/2023, 00:00:00, 26711.56, 26943.6, 26559.96, 26867.99, 3348.37908169
1685232000, 28/05/2023, 00:00:00, 26870.13, 28277.56, 26780.11, 28070.04, 9725.64198967
1685318400, 29/05/2023, 00:00:00, 28070.04, 28473.93, 27534.81, 27744.82, 11355.24110493
1685404800, 30/05/2023, 00:00:00, 27744.81, 28057.23, 27555.0, 27700.15, 12024.45830459
1685491200, 31/05/2023, 00:00:00, 27700.68, 27844.89, 26842.94, 27223.08, 15163.06255735
1685577600, 01/06/2023, 00:00:00, 27221.54, 27360.31, 26615.0, 26828.42, 11927.59445097
1685664000, 02/06/2023, 00:00:00, 26827.73, 27307.44, 26508.0, 27250.69, 12206.16873203
1685750400, 03/06/2023, 00:00:00, 27252.67, 27341.13, 26923.35, 27077.6, 3589.32341986
1685836800, 04/06/2023, 00:00:00, 27078.27, 27466.83, 26958.98, 27122.04, 4115.09881956
1685923200, 05/06/2023, 00:00:00, 27122.03, 27137.75, 25391.43, 25741.5, 16641.46931851
1686009600, 06/06/2023, 00:00:00, 25741.5, 27368.67, 25351.92, 27243.63, 18531.05925936
1686096000, 07/06/2023, 00:00:00, 27243.45, 27402.79, 26121.06, 26346.41, 16094.37567105
1686182400, 08/06/2023, 00:00:00, 26347.09, 26820.3, 26212.63, 26508.32, 8160.84833962
1686268800, 09/06/2023, 00:00:00, 26505.71, 26780.4, 26283.5, 26482.81, 10536.83247431
1686355200, 10/06/2023, 00:00:00, 26482.8, 26534.95, 25385.52, 25856.1, 16967.73205546
1686441600, 11/06/2023, 00:00:00, 25856.1, 26219.1, 25648.0, 25937.02, 8653.83803604
1686528000, 12/06/2023, 00:00:00, 25936.98, 26108.64, 25616.98, 25905.82, 10491.06768405
1686614400, 13/06/2023, 00:00:00, 25905.99, 26435.81, 25710.78, 25930.23, 14396.74678337
1686700800, 14/06/2023, 00:00:00, 25929.35, 26090.0, 24821.0, 25123.34, 14480.51749351
1686787200, 15/06/2023, 00:00:00, 25123.41, 25749.99, 24750.0, 25569.99, 18601.18891862
1686873600, 16/06/2023, 00:00:00, 25569.99, 26486.56, 25143.24, 26329.6, 16632.7425402
1686960000, 17/06/2023, 00:00:00, 26329.6, 26783.2, 26165.98, 26506.56, 7209.4251028
1687046400, 18/06/2023, 00:00:00, 26507.97, 26693.11, 26245.27, 26336.46, 5233.68378154
1687132800, 19/06/2023, 00:00:00, 26336.46, 27040.64, 26250.0, 26837.78, 9643.06748389
1687219200, 20/06/2023, 00:00:00, 26839.04, 28417.11, 26637.41, 28320.43, 28704.55295587
1687305600, 21/06/2023, 00:00:00, 28320.41, 30800.0, 28271.67, 29995.08, 31445.78143275
1687392000, 22/06/2023, 00:00:00, 29999.85, 30513.25, 29539.57, 29886.31, 18457.66785815
1687478400, 23/06/2023, 00:00:00, 29886.25, 31443.67, 29802.65, 30707.61, 22659.54058513
1687564800, 24/06/2023, 00:00:00, 30709.59, 30815.92, 30265.88, 30547.18, 6883.28318615
1687651200, 25/06/2023, 00:00:00, 30547.3, 31057.86, 30288.33, 30480.24, 6265.47434464
1687737600, 26/06/2023, 00:00:00, 30480.24, 30662.66, 29900.0, 30272.18, 12491.83081677
1687824000, 27/06/2023, 00:00:00, 30272.24, 31020.54, 30228.44, 30697.38, 11995.526853
1687910400, 28/06/2023, 00:00:00, 30696.06, 30716.93, 29840.0, 30074.94, 9391.66542094
1687996800, 29/06/2023, 00:00:00, 30074.93, 30838.0, 30036.18, 30446.47, 12261.34048625
1688083200, 30/06/2023, 00:00:00, 30445.67, 31277.0, 29417.14, 30466.72, 26013.22734909
1688169600, 01/07/2023, 00:00:00, 30466.73, 30659.33, 30312.8, 30587.21, 4012.76538882
1688256000, 02/07/2023, 00:00:00, 30587.22, 30791.75, 30165.39, 30613.51, 4829.83871313
1688342400, 03/07/2023, 00:00:00, 30613.57, 31399.08, 30569.0, 31161.8, 11391.98257522
1688428800, 04/07/2023, 00:00:00, 31162.71, 31333.0, 30628.3, 30771.25, 7233.95188576
1688515200, 05/07/2023, 00:00:00, 30772.93, 30882.95, 30189.56, 30499.27, 8782.6192239
1688601600, 06/07/2023, 00:00:00, 30499.27, 31525.1, 29850.0, 29899.38, 17229.92231032
1688688000, 07/07/2023, 00:00:00, 29895.6, 30456.0, 29715.87, 30352.08, 11137.14221055
1688774400, 08/07/2023, 00:00:00, 30350.35, 30388.91, 30047.78, 30291.69, 3856.11078847
1688860800, 09/07/2023, 00:00:00, 30291.69, 30451.78, 30066.95, 30168.38, 3884.04687903
1688947200, 10/07/2023, 00:00:00, 30168.26, 31055.75, 29955.0, 30419.89, 12703.78162563
1689033600, 11/07/2023, 00:00:00, 30419.89, 30811.65, 30304.45, 30626.55, 10653.5761104
1689120000, 12/07/2023, 00:00:00, 30624.65, 31000.0, 30200.0, 30381.81, 14881.70511963
1689206400, 13/07/2023, 00:00:00, 30383.26, 31862.21, 30250.73, 31471.83, 26135.6192364
1689292800, 14/07/2023, 00:00:00, 31471.83, 31645.66, 29920.31, 30330.52, 19272.20339271
1689379200, 15/07/2023, 00:00:00, 30330.93, 30406.27, 30254.67, 30301.65, 2559.07232743
1689465600, 16/07/2023, 00:00:00, 30302.01, 30457.03, 30075.93, 30247.64, 4021.41012275
1689552000, 17/07/2023, 00:00:00, 30247.56, 30345.45, 29668.58, 30143.08, 10632.8066781
1689638400, 18/07/2023, 00:00:00, 30143.08, 30249.3, 29525.0, 29861.93, 11124.83936583
1689724800, 19/07/2023, 00:00:00, 29861.92, 30196.24, 29757.44, 29916.72, 8804.54675154
1689811200, 20/07/2023, 00:00:00, 29916.69, 30421.29, 29564.19, 29809.13, 11494.95348803
1689897600, 21/07/2023, 00:00:00, 29809.13, 30060.28, 29729.48, 29907.98, 7598.61053359
1689984000, 22/07/2023, 00:00:00, 29907.15, 30002.38, 29626.86, 29795.03, 3629.48251055
1690070400, 23/07/2023, 00:00:00, 29793.62, 30350.7, 29733.55, 30081.61, 4513.83214295
1690156800, 24/07/2023, 00:00:00, 30081.61, 30099.99, 28850.0, 29176.98, 14484.27557634
1690243200, 25/07/2023, 00:00:00, 29176.98, 29376.51, 29046.0, 29225.14, 7140.85368901
1690329600, 26/07/2023, 00:00:00, 29225.11, 29686.41, 29089.54, 29353.23, 9635.09206614
1690416000, 27/07/2023, 00:00:00, 29350.88, 29571.42, 29075.0, 29214.92, 7327.4507106
1690502400, 28/07/2023, 00:00:00, 29214.93, 29532.45, 29115.32, 29316.15, 7105.49434797
1690588800, 29/07/2023, 00:00:00, 29316.05, 29411.09, 29253.44, 29355.71, 2893.05298823
1690675200, 30/07/2023, 00:00:00, 29356.65, 29450.0, 29033.0, 29281.39, 4387.57256615
1690761600, 31/07/2023, 00:00:00, 29280.41, 29526.99, 29102.65, 29230.67, 8793.83887155
1690848000, 01/08/2023, 00:00:00, 29230.61, 29726.73, 28477.0, 29697.27, 17751.31113096
1690934400, 02/08/2023, 00:00:00, 29699.25, 30033.0, 28903.79, 29164.22, 17967.34799565
1691020800, 03/08/2023, 00:00:00, 29163.87, 29399.97, 28938.93, 29174.18, 8920.01477716
1691107200, 04/08/2023, 00:00:00, 29174.84, 29312.28, 28747.1, 29076.48, 7291.14687702
1691193600, 05/08/2023, 00:00:00, 29077.04, 29111.87, 28946.17, 29047.12, 2490.84710469
1691280000, 06/08/2023, 00:00:00, 29047.33, 29163.24, 28955.0, 29040.01, 2461.64012073
1691366400, 07/08/2023, 00:00:00, 29040.01, 29246.0, 28660.53, 29179.21, 9200.08523317
1691452800, 08/08/2023, 00:00:00, 29179.28, 30222.0, 29104.65, 29770.01, 15610.25491294
1691539200, 09/08/2023, 00:00:00, 29770.01, 30128.88, 29344.16, 29562.76, 10451.45167511
1691625600, 10/08/2023, 00:00:00, 29562.76, 29709.38, 29306.0, 29424.03, 7104.55622213
1691712000, 11/08/2023, 00:00:00, 29424.04, 29534.14, 29213.59, 29400.45, 5961.21744691
1691798400, 12/08/2023, 00:00:00, 29400.45, 29477.31, 29349.98, 29416.96, 1906.1707986
1691884800, 13/08/2023, 00:00:00, 29417.19, 29447.6, 29247.15, 29275.94, 2128.37437697
1691971200, 14/08/2023, 00:00:00, 29275.78, 29665.27, 29072.96, 29405.49, 7063.46806345
1692057600, 15/08/2023, 00:00:00, 29405.49, 29464.62, 29046.58, 29170.14, 5815.32226178
1692144000, 16/08/2023, 00:00:00, 29170.13, 29231.92, 28690.37, 28700.51, 9669.42535941
1692230400, 17/08/2023, 00:00:00, 28700.51, 28751.84, 25234.76, 26627.57, 27723.2108711
1692316800, 18/08/2023, 00:00:00, 26627.21, 26834.37, 25610.0, 26048.89, 21190.13041519
1692403200, 19/08/2023, 00:00:00, 26048.9, 26269.11, 25793.11, 26096.42, 6554.05344759
1692489600, 20/08/2023, 00:00:00, 26096.4, 26296.78, 25975.01, 26189.14, 4345.07228674
1692576000, 21/08/2023, 00:00:00, 26189.36, 26260.25, 25814.0, 26125.18, 9936.98111023
1692662400, 22/08/2023, 00:00:00, 26125.16, 26137.99, 25350.0, 26042.11, 12418.87289323
1692748800, 23/08/2023, 00:00:00, 26041.94, 26818.28, 25796.47, 26427.54, 15743.86437208
1692835200, 24/08/2023, 00:00:00, 26427.73, 26567.38, 25850.0, 26163.49, 10002.33992977
1692921600, 25/08/2023, 00:00:00, 26163.49, 26294.53, 25750.0, 26049.39, 10926.33773703
1693008000, 26/08/2023, 00:00:00, 26049.4, 26115.44, 25971.44, 26009.61, 1862.15021008
1693094400, 27/08/2023, 00:00:00, 26009.62, 26171.87, 25961.81, 26091.16, 2069.84831133
1693180800, 28/08/2023, 00:00:00, 26091.16, 26232.88, 25850.0, 26101.04, 5460.42038393
1693267200, 29/08/2023, 00:00:00, 26101.03, 28184.89, 25903.18, 27717.98, 21402.10102797
1693353600, 30/08/2023, 00:00:00, 27717.15, 27775.0, 27015.75, 27306.06, 9793.95679478
1693440000, 31/08/2023, 00:00:00, 27306.06, 27576.99, 25660.61, 25932.45, 14462.02738125
1693526400, 01/09/2023, 00:00:00, 25931.51, 26142.28, 25307.37, 25794.88, 14995.72610123
1693612800, 02/09/2023, 00:00:00, 25795.61, 25982.48, 25707.3, 25867.83, 3810.77429103
1693699200, 03/09/2023, 00:00:00, 25867.82, 26123.0, 25792.29, 25969.83, 3434.5195669
1693785600, 04/09/2023, 00:00:00, 25969.83, 26093.07, 25627.0, 25816.13, 4635.8154655
1693872000, 05/09/2023, 00:00:00, 25816.14, 25884.04, 25551.36, 25783.91, 6051.14811848
1693958400, 06/09/2023, 00:00:00, 25782.49, 26025.78, 25358.0, 25747.63, 9374.33792185
1694044800, 07/09/2023, 00:00:00, 25747.63, 26440.55, 25595.8, 26276.3, 10885.13902329
1694131200, 08/09/2023, 00:00:00, 26276.38, 26460.41, 25640.1, 25906.34, 11149.95850667
1694217600, 09/09/2023, 00:00:00, 25906.33, 25942.69, 25791.45, 25897.82, 2225.82211069
1694304000, 10/09/2023, 00:00:00, 25897.82, 26023.89, 25578.01, 25831.76, 4361.60285333
1694390400, 11/09/2023, 00:00:00, 25831.77, 25891.6, 24900.0, 25152.14, 13404.11510617
1694476800, 12/09/2023, 00:00:00, 25152.13, 26556.91, 25120.76, 25840.61, 19789.48058328
1694563200, 13/09/2023, 00:00:00, 25839.95, 26413.59, 25763.43, 26226.65, 10099.7383701
1694649600, 14/09/2023, 00:00:00, 26227.16, 26869.06, 26128.25, 26532.76, 12929.08237721
1694736000, 15/09/2023, 00:00:00, 26532.5, 26892.65, 26213.96, 26602.42, 9345.93913701
1694822400, 16/09/2023, 00:00:00, 26601.71, 26777.0, 26453.32, 26569.69, 4132.04817572
1694908800, 17/09/2023, 00:00:00, 26569.69, 26626.49, 26405.04, 26530.95, 3252.26976131
1694995200, 18/09/2023, 00:00:00, 26530.96, 27427.34, 26382.13, 26764.49, 17493.70820354
1695081600, 19/09/2023, 00:00:00, 26764.03, 27500.0, 26666.93, 27216.13, 14386.07884728
1695168000, 20/09/2023, 00:00:00, 27216.52, 27393.78, 26798.98, 27123.94, 11590.24027633
1695254400, 21/09/2023, 00:00:00, 27122.65, 27163.48, 26359.7, 26564.54, 11801.98943642
1695340800, 22/09/2023, 00:00:00, 26564.54, 26742.86, 26467.94, 26578.4, 8563.0523313
1695427200, 23/09/2023, 00:00:00, 26578.4, 26638.58, 26513.0, 26579.6, 2597.25705711
1695513600, 24/09/2023, 00:00:00, 26579.59, 26731.1, 26118.86, 26250.24, 4587.80529114
1695600000, 25/09/2023, 00:00:00, 26248.17, 26444.95, 25983.78, 26296.08, 10762.98401397
1695686400, 26/09/2023, 00:00:00, 26296.07, 26397.59, 26080.0, 26208.44, 7016.42122845
1695772800, 27/09/2023, 00:00:00, 26208.43, 26830.0, 26088.37, 26357.62, 14123.89690964
1695859200, 28/09/2023, 00:00:00, 26357.56, 27313.86, 26321.37, 27027.14, 18975.87763693
1695945600, 29/09/2023, 00:00:00, 27027.44, 27238.9, 26661.71, 26907.0, 12712.27177691
1696032000, 30/09/2023, 00:00:00, 26905.57, 27097.25, 26884.86, 26961.0, 4413.30948101
1696118400, 01/10/2023, 00:00:00, 26961.0, 28062.62, 26955.25, 27995.46, 8747.06888783
1696204800, 02/10/2023, 00:00:00, 27995.46, 28613.37, 27302.3, 27504.04, 25148.25341854
1696291200, 03/10/2023, 00:00:00, 27504.03, 27672.12, 27160.47, 27428.96, 14334.10857629
1696377600, 04/10/2023, 00:00:00, 27428.96, 27842.38, 27208.65, 27786.75, 10238.17053376
1696464000, 05/10/2023, 00:00:00, 27786.12, 28140.0, 27358.05, 27412.96, 14136.04783544
1696550400, 06/10/2023, 00:00:00, 27413.15, 28288.88, 27173.41, 27945.17, 12908.75146274
1696636800, 07/10/2023, 00:00:00, 27945.17, 28040.84, 27861.2, 27976.43, 3489.91595717
1696723200, 08/10/2023, 00:00:00, 27976.44, 28109.94, 27708.6, 27933.55, 4118.56381073
1696809600, 09/10/2023, 00:00:00, 27933.54, 28003.7, 27268.63, 27596.67, 10218.62556021
1696896000, 10/10/2023, 00:00:00, 27596.67, 27739.94, 27291.81, 27393.29, 10265.79357936
1696982400, 11/10/2023, 00:00:00, 27393.28, 27478.61, 26521.32, 26869.19, 16466.26612207
1697068800, 12/10/2023, 00:00:00, 26867.97, 26939.55, 26537.72, 26750.51, 7881.21504857
1697155200, 13/10/2023, 00:00:00, 26752.06, 27122.24, 26662.62, 26863.53, 8694.60097059
1697241600, 14/10/2023, 00:00:00, 26863.54, 26988.12, 26797.0, 26851.71, 2786.76009652
1697328000, 15/10/2023, 00:00:00, 26851.71, 27301.37, 26806.06, 27186.13, 6215.85130529
1697414400, 16/10/2023, 00:00:00, 27186.13, 30000.0, 27135.92, 28520.24, 36471.7502374
1697500800, 17/10/2023, 00:00:00, 28520.24, 28637.21, 28083.19, 28408.83, 14171.43180714
1697587200, 18/10/2023, 00:00:00, 28408.51, 28999.98, 28151.6, 28326.51, 11820.68114047
1697673600, 19/10/2023, 00:00:00, 28326.24, 28938.96, 28122.57, 28735.34, 12662.68000489
1697760000, 20/10/2023, 00:00:00, 28734.51, 30248.0, 28591.85, 29684.73, 20095.91529217
1697846400, 21/10/2023, 00:00:00, 29684.73, 30369.0, 29475.06, 29924.84, 6369.9347533
1697932800, 22/10/2023, 00:00:00, 29925.91, 30275.0, 29670.0, 30004.15, 5720.28965895
1698019200, 23/10/2023, 00:00:00, 30004.14, 35000.0, 29890.89, 33087.58, 33228.46734771
1698105600, 24/10/2023, 00:00:00, 33079.72, 35157.23, 32851.45, 33922.52, 38506.35962554
1698192000, 25/10/2023, 00:00:00, 33921.66, 35144.0, 33690.91, 34506.35, 18668.45817435
1698278400, 26/10/2023, 00:00:00, 34504.33, 34843.04, 33735.86, 34154.71, 15867.44697165
1698364800, 27/10/2023, 00:00:00, 34153.35, 34249.99, 33400.0, 33906.09, 13879.04330119
1698451200, 28/10/2023, 00:00:00, 33905.96, 34500.0, 33867.38, 34085.42, 4372.52724873
1698537600, 29/10/2023, 00:00:00, 34085.42, 34763.0, 33937.31, 34534.48, 5547.09585659
1698624000, 30/10/2023, 00:00:00, 34534.48, 34871.0, 34077.9, 34493.79, 10183.77616922
1698710400, 31/10/2023, 00:00:00, 34493.51, 34732.18, 34038.79, 34656.4, 9282.02866788
1698796800, 01/11/2023, 00:00:00, 34656.38, 35647.19, 34079.46, 35440.1, 16197.45981756
1698883200, 02/11/2023, 00:00:00, 35440.1, 35997.8, 34311.73, 34950.0, 13455.65527035
1698969600, 03/11/2023, 00:00:00, 34947.92, 34954.6, 34100.0, 34731.27, 13961.70014519
1699056000, 04/11/2023, 00:00:00, 34730.32, 35278.4, 34599.85, 35087.01, 4696.70148339
1699142400, 05/11/2023, 00:00:00, 35087.43, 35410.0, 34500.0, 35035.42, 5892.67329337
1699228800, 06/11/2023, 00:00:00, 35035.79, 35294.12, 34753.66, 35059.46, 7088.27153194
1699315200, 07/11/2023, 00:00:00, 35059.46, 35963.0, 34530.67, 35416.28, 13841.59195597
1699401600, 08/11/2023, 00:00:00, 35416.63, 36113.59, 35103.14, 35639.13, 12253.15808483
1699488000, 09/11/2023, 00:00:00, 35639.13, 37999.0, 35555.16, 36706.59, 29045.85195583
1699574400, 10/11/2023, 00:00:00, 36704.01, 37548.8, 36334.46, 37324.83, 15183.168535
1699660800, 11/11/2023, 00:00:00, 37324.84, 37424.03, 36701.5, 37139.12, 5344.45382766
1699747200, 12/11/2023, 00:00:00, 37139.94, 37247.0, 36740.9, 37086.03, 3317.50278576
1699833600, 13/11/2023, 00:00:00, 37086.5, 37442.48, 36351.0, 36475.67, 10543.29564712
1699920000, 14/11/2023, 00:00:00, 36475.68, 36756.16, 34758.64, 35554.09, 16008.49077729
1700006400, 15/11/2023, 00:00:00, 35554.1, 37987.0, 35358.45, 37885.35, 19941.6757032
1700092800, 16/11/2023, 00:00:00, 37885.35, 37958.75, 35511.11, 36161.15, 18455.96829165
1700179200, 17/11/2023, 00:00:00, 36161.15, 36831.99, 35869.0, 36630.38, 12218.85138403
1700265600, 18/11/2023, 00:00:00, 36631.56, 36857.15, 36205.89, 36594.89, 3468.39821362
1700352000, 19/11/2023, 00:00:00, 36596.14, 37546.62, 36404.52, 37391.19, 4366.44892344
1700438400, 20/11/2023, 00:00:00, 37389.06, 37784.07, 36720.0, 37475.64, 14114.01039926
1700524800, 21/11/2023, 00:00:00, 37472.76, 37675.77, 35744.9, 35751.89, 20837.73934338
1700611200, 22/11/2023, 00:00:00, 35755.33, 37875.0, 35633.0, 37424.31, 17606.97239528
1700697600, 23/11/2023, 00:00:00, 37424.31, 37653.67, 36888.0, 37304.05, 7211.31754936
1700784000, 24/11/2023, 00:00:00, 37304.04, 38454.0, 37257.56, 37745.84, 17507.8900414
1700870400, 25/11/2023, 00:00:00, 37746.29, 37920.27, 37615.91, 37805.99, 3567.42244915
1700956800, 26/11/2023, 00:00:00, 37806.84, 37842.17, 37156.72, 37462.79, 6113.0562518
1701043200, 27/11/2023, 00:00:00, 37462.01, 37578.42, 36715.1, 37241.63, 13510.45476059
1701129600, 28/11/2023, 00:00:00, 37241.64, 38425.96, 36873.55, 37838.26, 18156.47258233
1701216000, 29/11/2023, 00:00:00, 37838.26, 38480.0, 37581.93, 37863.84, 15162.68883049
1701302400, 30/11/2023, 00:00:00, 37864.79, 38152.18, 37500.0, 37732.27, 8081.19248391
1701388800, 01/12/2023, 00:00:00, 37732.27, 39000.0, 37618.25, 38703.54, 16395.90197806
1701475200, 02/12/2023, 00:00:00, 38706.55, 39740.0, 38660.03, 39478.95, 7540.7688183
1701561600, 03/12/2023, 00:00:00, 39467.42, 40221.22, 39293.02, 39984.81, 7153.15663784
1701648000, 04/12/2023, 00:00:00, 39984.81, 42410.46, 39983.6, 41987.24, 21993.05995554
1701734400, 05/12/2023, 00:00:00, 41985.53, 45000.0, 41384.03, 44084.39, 24018.76035474
1701820800, 06/12/2023, 00:00:00, 44086.33, 44290.37, 43369.0, 43764.05, 15977.55938336
1701907200, 07/12/2023, 00:00:00, 43766.41, 44057.23, 42846.53, 43280.95, 13055.36691088
1701993600, 08/12/2023, 00:00:00, 43281.11, 44754.99, 43087.17, 44192.87, 13579.40860176
1702080000, 09/12/2023, 00:00:00, 44192.86, 44384.68, 43586.14, 43723.25, 5469.40708431
1702166400, 10/12/2023, 00:00:00, 43722.84, 44049.51, 43562.06, 43793.68, 3919.09423649
1702252800, 11/12/2023, 00:00:00, 43793.67, 43811.81, 40150.0, 41229.61, 25524.67094691
1702339200, 12/12/2023, 00:00:00, 41229.61, 42088.56, 40636.51, 41477.39, 13414.86773655
1702425600, 13/12/2023, 00:00:00, 41477.6, 43475.0, 40553.15, 42885.54, 15798.66423037
1702512000, 14/12/2023, 00:00:00, 42887.39, 43442.15, 41426.76, 43027.77, 15434.25971384
1702598400, 15/12/2023, 00:00:00, 43027.77, 43095.71, 41640.51, 41933.89, 10861.72864667
1702684800, 16/12/2023, 00:00:00, 41934.84, 42680.2, 41626.66, 42237.29, 5315.65582307
1702771200, 17/12/2023, 00:00:00, 42235.23, 42367.82, 41222.0, 41349.59, 6649.06495765
1702857600, 18/12/2023, 00:00:00, 41349.59, 42754.79, 40508.01, 42650.01, 13394.33474824
1702944000, 19/12/2023, 00:00:00, 42650.01, 43461.86, 41780.0, 42266.22, 13403.93447528
1703030400, 20/12/2023, 00:00:00, 42266.25, 44324.86, 42184.48, 43674.77, 19307.1089644
1703116800, 21/12/2023, 00:00:00, 43673.11, 44250.0, 43295.78, 43875.32, 13170.9728222
1703203200, 22/12/2023, 00:00:00, 43875.56, 44424.36, 43412.82, 44013.73, 10733.55348079
1703289600, 23/12/2023, 00:00:00, 44013.65, 44033.84, 43333.35, 43726.35, 4075.08953972
1703376000, 24/12/2023, 00:00:00, 43728.36, 43985.67, 42614.17, 43025.03, 4947.00165569
1703462400, 25/12/2023, 00:00:00, 43025.02, 43818.29, 42755.35, 43589.67, 4799.73104807
1703548800, 26/12/2023, 00:00:00, 43589.67, 43605.0, 41600.67, 42515.53, 13035.02745535
1703635200, 27/12/2023, 00:00:00, 42521.21, 43709.98, 42111.47, 43474.4, 12917.48404475
1703721600, 28/12/2023, 00:00:00, 43469.06, 43830.34, 42265.08, 42581.23, 13583.91599843
1703808000, 29/12/2023, 00:00:00, 42581.23, 43137.1, 41300.0, 42063.45, 16756.43323881
1703894400, 30/12/2023, 00:00:00, 42064.22, 42593.73, 41518.19, 42141.03, 11609.82377015
1703980800, 31/12/2023, 00:00:00, 42139.32, 42850.0, 41964.68, 42288.06, 11397.57303743
1704067200, 01/01/2024, 00:00:00, 42288.58, 44240.8, 42175.65, 44220.78, 7977.72851143
1704153600, 02/01/2024, 00:00:00, 44220.78, 45925.82, 44195.13, 44972.8, 29583.38407747
1704240000, 03/01/2024, 00:00:00, 44972.81, 45519.32, 40625.68, 42862.44, 32281.85234351
1704326400, 04/01/2024, 00:00:00, 42860.58, 44800.0, 42650.0, 44193.29, 18193.81684353
1704412800, 05/01/2024, 00:00:00, 44198.35, 44443.37, 42450.0, 44186.59, 18073.09561495
1704499200, 06/01/2024, 00:00:00, 44187.76, 44260.95, 43436.5, 43992.44, 5691.43460343
1704585600, 07/01/2024, 00:00:00, 43992.79, 44510.01, 43629.7, 43950.28, 5931.34650683
1704672000, 08/01/2024, 00:00:00, 43954.52, 47330.0, 43200.44, 46995.1, 26447.17326625
1704758400, 09/01/2024, 00:00:00, 46995.09, 47901.0, 44701.54, 46124.08, 26305.56366042
1704844800, 10/01/2024, 00:00:00, 46120.79, 47732.5, 44320.01, 46666.11, 36534.39765866
1704931200, 11/01/2024, 00:00:00, 46678.54, 49102.29, 45555.55, 46342.66, 38150.89478822
1705017600, 12/01/2024, 00:00:00, 46344.96, 46522.2, 41444.97, 42773.03, 46862.43347199
1705104000, 13/01/2024, 00:00:00, 42775.1, 43250.0, 42427.0, 42839.33, 10998.76404264
1705190400, 14/01/2024, 00:00:00, 42839.32, 43064.13, 41680.73, 41697.33, 7834.26155365
1705276800, 15/01/2024, 00:00:00, 41698.13, 43331.91, 41680.0, 42490.16, 10869.45830576
1705363200, 16/01/2024, 00:00:00, 42481.69, 43569.23, 42028.02, 43130.45, 18180.4405406
1705449600, 17/01/2024, 00:00:00, 43130.35, 43185.47, 42160.0, 42739.49, 16381.8407159
1705536000, 18/01/2024, 00:00:00, 42737.68, 42877.22, 40600.05, 41293.5, 25097.42399202
1705622400, 19/01/2024, 00:00:00, 41290.57, 42159.52, 40236.49, 41624.07, 22745.55271173
1705708800, 20/01/2024, 00:00:00, 41623.94, 41846.15, 41418.55, 41666.67, 4836.63124969
1705795200, 21/01/2024, 00:00:00, 41666.67, 41858.59, 41472.49, 41554.05, 3138.26294449
1705881600, 22/01/2024, 00:00:00, 41553.92, 41658.0, 39372.44, 39524.27, 26539.34338688
1705968000, 23/01/2024, 00:00:00, 39524.27, 40144.49, 38501.0, 39878.3, 21966.56334645
1706054400, 24/01/2024, 00:00:00, 39878.28, 40527.26, 39382.15, 40077.78, 17438.97734668
1706140800, 25/01/2024, 00:00:00, 40079.87, 40282.87, 39503.0, 39941.66, 12978.7331205
1706227200, 26/01/2024, 00:00:00, 39941.66, 42243.14, 39805.95, 41814.8, 19359.37921096
1706313600, 27/01/2024, 00:00:00, 41814.96, 42199.99, 41383.94, 42126.55, 3774.45056434
1706400000, 28/01/2024, 00:00:00, 42126.55, 42839.07, 41617.53, 42034.59, 4298.44263812
1706486400, 29/01/2024, 00:00:00, 42034.57, 43326.77, 41787.35, 43306.18, 12529.09255982
1706572800, 30/01/2024, 00:00:00, 43303.3, 43872.99, 42680.2, 42942.78, 16384.61219735
1706659200, 31/01/2024, 00:00:00, 42937.72, 43741.94, 42265.77, 42548.08, 15320.62044085
1706745600, 01/02/2024, 00:00:00, 42545.47, 43276.19, 41846.04, 43078.81, 11526.63383073
1706832000, 02/02/2024, 00:00:00, 43080.38, 43700.0, 42527.58, 43181.66, 12202.24125895
1706918400, 03/02/2024, 00:00:00, 43183.62, 43358.13, 42863.58, 43010.67, 2254.45335539
1707004800, 04/02/2024, 00:00:00, 43007.82, 43100.0, 42228.01, 42568.55, 2643.251649
1707091200, 05/02/2024, 00:00:00, 42571.91, 43520.0, 42235.0, 42657.67, 8756.87806894
1707177600, 06/02/2024, 00:00:00, 42658.3, 43372.79, 42516.07, 43095.79, 7940.36830921
1707264000, 07/02/2024, 00:00:00, 43097.16, 44430.0, 42760.44, 44343.61, 12440.36853251
1707350400, 08/02/2024, 00:00:00, 44345.94, 45637.38, 44335.0, 45305.2, 19283.80580787
1707436800, 09/02/2024, 00:00:00, 45304.83, 48230.02, 45252.93, 47160.41, 22108.85067543
1707523200, 10/02/2024, 00:00:00, 47157.01, 48179.43, 46889.53, 47767.06, 5663.309891
1707609600, 11/02/2024, 00:00:00, 47767.06, 48614.0, 47590.3, 48316.3, 5243.1260706
1707696000, 12/02/2024, 00:00:00, 48321.14, 50363.42, 47715.67, 49941.81, 18545.08725852
1707782400, 13/02/2024, 00:00:00, 49941.95, 50423.42, 48327.81, 49725.36, 20471.56790372
1707868800, 14/02/2024, 00:00:00, 49724.55, 52111.0, 49253.92, 51858.59, 20249.94369733
1707955200, 15/02/2024, 00:00:00, 51858.51, 52890.0, 51353.49, 51934.29, 18465.04404385
1708041600, 16/02/2024, 00:00:00, 51935.23, 52608.2, 51597.87, 52162.64, 13816.27351282
1708128000, 17/02/2024, 00:00:00, 52162.65, 52214.05, 50642.36, 51666.22, 5387.3486576
1708214400, 18/02/2024, 00:00:00, 51666.23, 52400.0, 51174.38, 52153.63, 3997.17143898
1708300800, 19/02/2024, 00:00:00, 52153.63, 52501.01, 51687.98, 51787.05, 6009.01451962
1708387200, 20/02/2024, 00:00:00, 51787.05, 53000.0, 50764.01, 52277.52, 15888.87599974
1708473600, 21/02/2024, 00:00:00, 52277.53, 52394.91, 50628.6, 51851.67, 13735.03407249
1708560000, 22/02/2024, 00:00:00, 51851.46, 52076.0, 50905.65, 51258.7, 13104.51408087
1708646400, 23/02/2024, 00:00:00, 51260.29, 51512.68, 50513.01, 50747.05, 11679.16625824
1708732800, 24/02/2024, 00:00:00, 50746.98, 51696.19, 50576.55, 51570.65, 3448.96576791
1708819200, 25/02/2024, 00:00:00, 51568.63, 51967.82, 51275.01, 51731.0, 3617.40106809
1708905600, 26/02/2024, 00:00:00, 51730.96, 54980.0, 50901.23, 54533.48, 22422.38763854
1708992000, 27/02/2024, 00:00:00, 54530.32, 57646.81, 54490.8, 57077.07, 28791.48651731
1709078400, 28/02/2024, 00:00:00, 57077.08, 64100.0, 56723.48, 62518.9, 48265.6721171
1709164800, 29/02/2024, 00:00:00, 62520.06, 63675.48, 60355.61, 61179.03, 36825.89535085
1709251200, 01/03/2024, 00:00:00, 61179.03, 63267.18, 60788.33, 62436.72, 24696.65692545
1709337600, 02/03/2024, 00:00:00, 62439.74, 62500.0, 61623.39, 62045.78, 6882.38410251
1709424000, 03/03/2024, 00:00:00, 62045.78, 63260.0, 61388.0, 63154.49, 7314.17629968
1709510400, 04/03/2024, 00:00:00, 63155.74, 68602.98, 62300.0, 68360.14, 40600.36656889
1709596800, 05/03/2024, 00:00:00, 68356.7, 69324.58, 59224.68, 63800.78, 65575.09537327
1709683200, 06/03/2024, 00:00:00, 63802.15, 67654.06, 62832.39, 66122.28, 34655.98799427
1709769600, 07/03/2024, 00:00:00, 66115.48, 68098.09, 65599.63, 66938.21, 22228.36739914
1709856000, 08/03/2024, 00:00:00, 66938.21, 70199.0, 66157.09, 68289.16, 33749.52797544
1709942400, 09/03/2024, 00:00:00, 68289.16, 68700.41, 68047.62, 68480.0, 9005.50992187
1710028800, 10/03/2024, 00:00:00, 68480.01, 70000.0, 68221.13, 69032.12, 12163.05713369
1710115200, 11/03/2024, 00:00:00, 69032.8, 72943.98, 67112.21, 72110.98, 32332.72583229
1710201600, 12/03/2024, 00:00:00, 72110.98, 73027.63, 68603.0, 71475.93, 29420.19277654
1710288000, 13/03/2024, 00:00:00, 71473.43, 73709.99, 71337.3, 73135.04, 21455.92195688
1710374400, 14/03/2024, 00:00:00, 73135.04, 73835.57, 68454.47, 71364.58, 34226.602618
1710460800, 15/03/2024, 00:00:00, 71364.58, 72414.96, 65565.7, 69506.88, 40195.84231178
1710547200, 16/03/2024, 00:00:00, 69514.87, 70050.0, 64774.05, 65254.22, 16532.825303
1710633600, 17/03/2024, 00:00:00, 65254.22, 68877.82, 64505.0, 68343.64, 12631.85084112
1710720000, 18/03/2024, 00:00:00, 68354.29, 68933.71, 66562.65, 67613.04, 20057.37580028
1710806400, 19/03/2024, 00:00:00, 67609.39, 68136.39, 61506.0, 61906.27, 40111.97553957
1710892800, 20/03/2024, 00:00:00, 61902.57, 68150.0, 60771.14, 67858.8, 38590.78345488
1710979200, 21/03/2024, 00:00:00, 67855.88, 68234.56, 64525.0, 65484.7, 18523.96247162
1711065600, 22/03/2024, 00:00:00, 65478.98, 66651.1, 62258.36, 63814.56, 17807.65930238
1711152000, 23/03/2024, 00:00:00, 63814.56, 66029.09, 63013.19, 63998.86, 7395.08270425
1711238400, 24/03/2024, 00:00:00, 63998.87, 67637.6, 63785.57, 67204.93, 6535.8276512
1711324800, 25/03/2024, 00:00:00, 67212.69, 71269.92, 66381.84, 69890.28, 22228.13803338
1711411200, 26/03/2024, 00:00:00, 69895.6, 71582.96, 69269.69, 69992.4, 15697.73440865
1711497600, 27/03/2024, 00:00:00, 69994.9, 71789.85, 68369.62, 69435.96, 18703.73738295
1711584000, 28/03/2024, 00:00:00, 69437.16, 71635.99, 68841.01, 70801.18, 15224.17928189
1711670400, 29/03/2024, 00:00:00, 70804.06, 70941.7, 69036.95, 69903.75, 7365.03204354
1711756800, 30/03/2024, 00:00:00, 69903.74, 70363.25, 69569.03, 69626.87, 3262.62331859
1711843200, 31/03/2024, 00:00:00, 69623.86, 71399.91, 69587.86, 71288.9, 4424.66955382
1711929600, 01/04/2024, 00:00:00, 71291.5, 71313.8, 68055.15, 69681.82, 13916.60016523
1712016000, 02/04/2024, 00:00:00, 69681.85, 69711.0, 64521.61, 65464.14, 23496.58634089
1712102400, 03/04/2024, 00:00:00, 65472.0, 66944.06, 64500.0, 65987.92, 14506.55934744
1712188800, 04/04/2024, 00:00:00, 65984.18, 69367.19, 65073.95, 68525.23, 18624.08140025
1712275200, 05/04/2024, 00:00:00, 68528.69, 68783.99, 66000.0, 67856.51, 15515.82134206
1712361600, 06/04/2024, 00:00:00, 67856.51, 69685.0, 67469.19, 68919.89, 3985.44167764
1712448000, 07/04/2024, 00:00:00, 68919.57, 70312.0, 68846.23, 69350.34, 5766.41938443
1712534400, 08/04/2024, 00:00:00, 69350.36, 72777.0, 69037.33, 71622.53, 16648.69284289
1712620800, 09/04/2024, 00:00:00, 71616.31, 71761.37, 68200.0, 69117.01, 15143.52341376
1712707200, 10/04/2024, 00:00:00, 69115.79, 71159.6, 67463.07, 70634.04, 16655.987797
1712793600, 11/04/2024, 00:00:00, 70638.4, 71305.86, 69530.0, 70020.73, 11001.16448135
1712880000, 12/04/2024, 00:00:00, 70020.71, 71265.74, 65110.31, 67148.61, 23509.75554216
1712966400, 13/04/2024, 00:00:00, 67148.62, 69100.0, 60822.01, 64024.77, 27548.47240557
1713052800, 14/04/2024, 00:00:00, 64021.36, 65890.91, 62150.0, 65777.05, 21604.05147827
1713139200, 15/04/2024, 00:00:00, 65764.56, 66928.82, 62315.08, 63452.18, 21672.73701332
1713225600, 16/04/2024, 00:00:00, 63452.18, 64400.0, 61645.09, 63814.94, 17710.28213211
1713312000, 17/04/2024, 00:00:00, 63814.94, 64524.14, 59648.33, 61279.36, 21812.15297865
1713398400, 18/04/2024, 00:00:00, 61275.73, 64210.0, 60816.07, 63513.85, 15249.84211445
1713484800, 19/04/2024, 00:00:00, 63514.84, 65498.99, 59573.32, 63848.37, 22838.07934159
1713571200, 20/04/2024, 00:00:00, 63841.96, 65463.08, 63121.15, 64968.87, 5157.40726514
1713657600, 21/04/2024, 00:00:00, 64960.82, 65725.81, 64250.0, 64952.92, 4487.48723219
1713744000, 22/04/2024, 00:00:00, 64952.92, 67272.73, 64520.0, 66859.17, 10977.05178637
1713830400, 23/04/2024, 00:00:00, 66856.07, 67225.66, 65823.66, 66414.16, 8840.16749844
1713916800, 24/04/2024, 00:00:00, 66418.0, 67077.97, 63542.56, 64255.78, 15083.5524347
1714003200, 25/04/2024, 00:00:00, 64255.77, 65287.69, 62747.18, 64484.44, 13256.29877715
1714089600, 26/04/2024, 00:00:00, 64484.44, 64810.0, 63287.76, 63742.39, 10151.96247701
1714176000, 27/04/2024, 00:00:00, 63742.39, 63900.0, 62389.0, 63422.0, 5312.16741262
1714262400, 28/04/2024, 00:00:00, 63422.34, 64333.33, 62743.81, 63108.94, 4415.96831554
1714348800, 29/04/2024, 00:00:00, 63109.76, 64200.0, 61741.01, 63844.85, 10712.13554316
1714435200, 30/04/2024, 00:00:00, 63845.01, 64727.81, 59040.3, 60622.1, 21106.65540758
1714521600, 01/05/2024, 00:00:00, 60621.2, 60785.49, 56500.0, 58265.59, 26611.9312734
1714608000, 02/05/2024, 00:00:00, 58267.81, 59641.03, 56903.79, 59071.89, 13593.00905888
1714694400, 03/05/2024, 00:00:00, 59070.3, 63365.72, 58821.05, 62913.03, 15954.29032707
1714780800, 04/05/2024, 00:00:00, 62913.03, 64546.0, 62565.82, 63902.88, 6414.57464352
1714867200, 05/05/2024, 00:00:00, 63902.88, 64636.75, 62908.34, 64023.45, 4474.5195919
1714953600, 06/05/2024, 00:00:00, 64023.45, 65523.44, 62704.48, 63162.24, 11241.77217344
1715040000, 07/05/2024, 00:00:00, 63161.35, 64415.06, 62252.64, 62315.76, 8994.93773002
1715126400, 08/05/2024, 00:00:00, 62315.75, 63013.05, 60851.04, 61169.53, 7486.42596849
1715212800, 09/05/2024, 00:00:00, 61169.53, 63424.14, 60601.6, 63073.57, 8360.0553824
1715299200, 10/05/2024, 00:00:00, 63073.55, 63470.0, 60150.0, 60787.47, 11511.12990976
1715385600, 11/05/2024, 00:00:00, 60787.99, 61482.0, 60450.13, 60814.63, 2338.06810837
1715472000, 12/05/2024, 00:00:00, 60814.64, 61843.45, 60576.05, 61453.02, 2694.97577935
1715558400, 13/05/2024, 00:00:00, 61453.01, 63456.18, 60738.51, 62932.37, 9170.80865115
1715644800, 14/05/2024, 00:00:00, 62927.44, 63103.02, 61024.51, 61539.84, 13456.61307634
1715731200, 15/05/2024, 00:00:00, 61539.7, 66480.0, 61299.57, 66244.69, 21821.38858725
1715817600, 16/05/2024, 00:00:00, 66244.68, 66772.83, 64588.5, 65252.18, 12012.70197182
1715904000, 17/05/2024, 00:00:00, 65252.17, 67500.0, 65113.46, 67046.33, 11710.00723895
1715990400, 18/05/2024, 00:00:00, 67046.34, 67407.79, 66624.06, 66923.87, 3880.58113972
1716076800, 19/05/2024, 00:00:00, 66923.87, 67701.91, 65852.02, 66261.62, 3565.11346165
1716163200, 20/05/2024, 00:00:00, 66260.04, 71560.9, 66057.03, 71432.17, 20415.88691709
1716249600, 21/05/2024, 00:00:00, 71432.16, 71980.0, 69146.01, 70142.84, 16102.06132545
1716336000, 22/05/2024, 00:00:00, 70142.88, 70659.99, 68887.52, 69109.93, 10889.10300904
1716422400, 23/05/2024, 00:00:00, 69109.93, 70066.95, 66259.0, 67940.45, 14340.27843589
1716508800, 24/05/2024, 00:00:00, 67932.79, 69278.75, 66587.91, 68547.8, 10374.95988085
1716595200, 25/05/2024, 00:00:00, 68545.52, 69605.03, 68487.44, 69289.67, 2501.11901959
1716681600, 26/05/2024, 00:00:00, 69289.69, 69522.0, 68097.38, 68473.72, 2037.67329089
1716768000, 27/05/2024, 00:00:00, 68470.8, 70613.39, 68210.12, 69368.72, 5384.62278063
1716854400, 28/05/2024, 00:00:00, 69366.31, 69533.96, 67194.59, 68321.98, 11975.93086328
1716940800, 29/05/2024, 00:00:00, 68321.99, 68864.11, 67081.66, 67569.45, 8970.02059069
1717027200, 30/05/2024, 00:00:00, 67569.44, 69536.89, 67092.91, 68338.58, 11841.26381893
1717113600, 31/05/2024, 00:00:00, 68338.58, 69024.71, 66584.47, 67472.41, 10690.85876224
1717200000, 01/06/2024, 00:00:00, 67473.07, 67837.33, 67371.28, 67719.29, 1949.57008052
1717286400, 02/06/2024, 00:00:00, 67719.29, 68411.0, 67260.0, 67735.52, 2997.15241527
1717372800, 03/06/2024, 00:00:00, 67731.14, 70295.78, 67568.0, 68791.0, 11884.90882705
1717459200, 04/06/2024, 00:00:00, 68791.04, 71108.9, 68542.37, 70542.32, 18042.19396496
1717545600, 05/06/2024, 00:00:00, 70541.68, 71804.13, 70356.49, 71121.11, 10123.1802918
1717632000, 06/06/2024, 00:00:00, 71120.65, 71650.56, 70093.98, 70773.64, 7716.5079994
1717718400, 07/06/2024, 00:00:00, 70773.63, 71974.04, 68298.55, 69324.53, 13768.98185265
1717804800, 08/06/2024, 00:00:00, 69326.71, 69546.58, 69126.22, 69304.05, 2631.94610412
1717891200, 09/06/2024, 00:00:00, 69303.8, 69848.94, 69123.99, 69637.87, 1826.03995531
1717977600, 10/06/2024, 00:00:00, 69641.08, 70187.53, 69141.51, 69497.73, 6088.40363232
1718064000, 11/06/2024, 00:00:00, 69495.97, 69547.82, 66018.69, 67316.53, 17354.68915468
1718150400, 12/06/2024, 00:00:00, 67316.52, 70032.0, 66883.32, 68248.6, 17140.01139413
1718236800, 13/06/2024, 00:00:00, 68248.59, 68474.49, 66200.0, 66738.85, 11916.13211129
1718323200, 14/06/2024, 00:00:00, 66746.46, 67322.72, 65005.0, 66004.39, 11520.15791899
1718409600, 15/06/2024, 00:00:00, 66004.36, 66428.57, 65800.86, 66192.0, 2004.1421548
1718496000, 16/06/2024, 00:00:00, 66192.0, 66931.18, 65999.0, 66628.75, 2118.65163435
1718582400, 17/06/2024, 00:00:00, 66629.38, 67274.96, 65050.0, 66481.81, 14487.64060903
1718668800, 18/06/2024, 00:00:00, 66481.81, 66574.33, 64010.01, 65152.8, 15937.73176483
1718755200, 19/06/2024, 00:00:00, 65150.9, 65709.26, 64635.48, 64943.79, 4958.38361329
1718841600, 20/06/2024, 00:00:00, 64945.67, 66455.52, 64500.0, 64840.88, 9346.70807899
1718928000, 21/06/2024, 00:00:00, 64840.89, 65017.1, 63300.93, 64120.28, 9816.79599936
1719014400, 22/06/2024, 00:00:00, 64120.28, 64523.91, 63910.01, 64235.01, 2324.21500373
1719100800, 23/06/2024, 00:00:00, 64235.0, 64499.95, 63125.75, 63171.43, 2054.79092364
1719187200, 24/06/2024, 00:00:00, 63169.36, 63343.91, 58414.28, 60263.0, 21418.04594647
1719273600, 25/06/2024, 00:00:00, 60262.16, 62400.0, 60217.36, 61789.71, 15201.5824773
1719360000, 26/06/2024, 00:00:00, 61794.47, 62470.0, 60656.8, 60816.68, 11392.79835017
1719446400, 27/06/2024, 00:00:00, 60818.86, 62346.16, 60546.94, 61615.39, 10530.35898848
1719532800, 28/06/2024, 00:00:00, 61611.43, 62170.62, 59868.0, 60313.35, 11381.0258738
1719619200, 29/06/2024, 00:00:00, 60312.36, 61122.66, 60273.8, 60885.67, 3199.03650127
1719705600, 30/06/2024, 00:00:00, 60884.44, 62942.67, 60611.01, 62668.26, 4263.22924826
1719792000, 01/07/2024, 00:00:00, 62669.14, 63801.26, 62448.46, 62830.13, 12326.70696465
1719878400, 02/07/2024, 00:00:00, 62830.94, 63223.57, 61000.0, 62040.22, 10688.64132628
1719964800, 03/07/2024, 00:00:00, 62039.44, 62197.01, 59332.76, 60145.01, 12066.71677065
1720051200, 04/07/2024, 00:00:00, 60145.01, 60429.27, 56709.73, 57042.14, 17969.35692426
1720137600, 05/07/2024, 00:00:00, 57036.45, 57515.6, 53499.9, 56639.43, 28052.41501655
1720224000, 06/07/2024, 00:00:00, 56634.53, 58481.97, 56020.32, 58244.75, 6449.32501293
1720310400, 07/07/2024, 00:00:00, 58240.36, 58448.89, 55717.23, 55854.09, 5320.91645368
1720396800, 08/07/2024, 00:00:00, 55852.61, 58200.0, 54278.93, 56699.43, 19043.04861272
1720483200, 09/07/2024, 00:00:00, 56701.18, 58295.31, 56276.37, 58047.86, 11757.76025902
1720569600, 10/07/2024, 00:00:00, 58047.86, 59481.93, 57157.28, 57712.59, 11619.63229345
1720656000, 11/07/2024, 00:00:00, 57713.4, 59533.06, 57036.41, 57340.77, 11433.53379518
1720742400, 12/07/2024, 00:00:00, 57343.66, 58550.0, 56538.33, 57909.03, 10516.60400149
1720828800, 13/07/2024, 00:00:00, 57908.61, 59875.0, 57770.92, 59224.58, 4255.10545721
1720915200, 14/07/2024, 00:00:00, 59224.58, 61428.67, 59209.2, 60808.42, 6132.37403058
1721001600, 15/07/2024, 00:00:00, 60804.97, 64943.61, 60666.59, 64757.16, 20601.73387957
1721088000, 16/07/2024, 00:00:00, 64757.16, 65405.89, 62410.33, 65088.99, 14691.92002303
1721174400, 17/07/2024, 00:00:00, 65086.55, 66139.0, 63853.99, 64085.81, 10647.79709095
1721260800, 18/07/2024, 00:00:00, 64085.82, 65130.88, 63222.6, 63982.86, 7637.52760383
1721347200, 19/07/2024, 00:00:00, 63977.64, 67504.22, 63289.15, 66707.61, 15163.05745737
1721433600, 20/07/2024, 00:00:00, 66707.61, 67635.0, 66271.0, 67163.83, 4671.38885135
1721520000, 21/07/2024, 00:00:00, 67163.82, 68380.0, 65820.18, 68181.28, 6027.86201344
1721606400, 22/07/2024, 00:00:00, 68181.16, 68495.0, 66569.42, 67558.22, 11844.79119584
1721692800, 23/07/2024, 00:00:00, 67560.03, 67786.84, 65444.3, 65939.24, 10791.03782177
1721779200, 24/07/2024, 00:00:00, 65939.24, 67131.17, 65090.61, 65366.4, 7702.25551129
1721865600, 25/07/2024, 00:00:00, 65358.86, 66161.98, 63412.46, 65795.42, 10452.25571747
1721952000, 26/07/2024, 00:00:00, 65795.52, 68216.66, 65705.6, 67924.08, 9315.20918753
1722038400, 27/07/2024, 00:00:00, 67921.46, 69418.15, 66635.28, 67899.41, 10233.62198513
1722124800, 28/07/2024, 00:00:00, 67901.81, 68308.82, 67021.8, 68244.3, 3505.5483691
1722211200, 29/07/2024, 00:00:00, 68244.3, 70000.0, 66400.01, 66771.45, 13641.48475825
1722297600, 30/07/2024, 00:00:00, 66767.14, 66994.15, 65283.68, 66169.68, 8733.57157991
1722384000, 31/07/2024, 00:00:00, 66169.68, 66837.4, 64500.0, 64609.62, 8986.37529253
1722470400, 01/08/2024, 00:00:00, 64609.61, 65593.56, 62212.81, 65288.18, 15636.72205775
1722556800, 02/08/2024, 00:00:00, 65293.48, 65557.86, 61150.0, 61418.06, 15390.00963957
1722643200, 03/08/2024, 00:00:00, 61418.06, 62171.58, 59819.13, 60674.93, 8019.39450918
1722729600, 04/08/2024, 00:00:00, 60674.93, 61082.3, 57123.0, 58130.95, 10319.01091658
1722816000, 05/08/2024, 00:00:00, 58131.31, 58282.83, 49050.01, 54029.12, 59125.78926672
1722902400, 06/08/2024, 00:00:00, 54037.9, 57091.16, 53965.57, 56048.08, 16897.67519536
1722988800, 07/08/2024, 00:00:00, 56048.07, 57757.15, 54564.15, 55148.1, 13971.5151871
1723075200, 08/08/2024, 00:00:00, 55144.14, 62755.24, 54737.32, 61705.58, 20623.04985861
1723161600, 09/08/2024, 00:00:00, 61704.05, 61764.38, 59552.46, 60862.13, 11569.80744379
1723248000, 10/08/2024, 00:00:00, 60864.71, 61500.0, 60255.61, 60935.02, 3157.63609699
1723334400, 11/08/2024, 00:00:00, 60935.01, 61868.69, 58312.63, 58722.49, 5229.37008498
1723420800, 12/08/2024, 00:00:00, 58717.44, 60721.77, 57653.31, 59358.78, 12183.92944247
1723507200, 13/08/2024, 00:00:00, 59358.78, 61615.43, 58402.01, 60603.19, 10879.76363828
1723593600, 14/08/2024, 00:00:00, 60603.19, 61827.2, 58453.56, 58690.62, 12938.61473824
1723680000, 15/08/2024, 00:00:00, 58690.62, 59883.49, 56120.0, 57543.61, 14506.63316989
1723766400, 16/08/2024, 00:00:00, 57543.57, 59871.61, 57096.56, 58888.99, 11930.21788221
1723852800, 17/08/2024, 00:00:00, 58888.99, 59711.02, 58803.45, 59497.49, 2787.56355634
1723939200, 18/08/2024, 00:00:00, 59497.49, 60284.99, 58422.0, 58437.9, 4325.64817169
1724025600, 19/08/2024, 00:00:00, 58436.2, 59639.81, 57820.0, 59452.67, 8539.29378706
1724112000, 20/08/2024, 00:00:00, 59455.81, 61457.03, 58571.96, 59017.59, 11062.05279919
1724198400, 21/08/2024, 00:00:00, 59017.59, 61849.98, 58793.89, 61163.28, 13380.11101719
1724284800, 22/08/2024, 00:00:00, 61167.54, 61430.48, 59750.0, 60383.29, 9608.6955368
1724371200, 23/08/2024, 00:00:00, 60383.28, 64987.0, 60343.2, 64086.72, 17852.77117167
1724457600, 24/08/2024, 00:00:00, 64091.63, 64529.78, 63564.22, 64179.63, 5020.91676004
1724544000, 25/08/2024, 00:00:00, 64179.63, 65050.08, 63793.74, 64251.93, 4012.30764642
1724630400, 26/08/2024, 00:00:00, 64250.01, 64509.36, 62806.8, 62840.0, 10741.96651081
1724716800, 27/08/2024, 00:00:00, 62840.09, 63226.26, 58025.49, 59439.64, 14195.89496578
1724803200, 28/08/2024, 00:00:00, 59437.68, 60236.98, 57851.62, 59045.88, 10001.12169866
1724889600, 29/08/2024, 00:00:00, 59047.94, 61194.09, 58729.39, 59364.47, 10933.22040343
1724976000, 30/08/2024, 00:00:00, 59353.12, 59929.63, 57700.0, 59112.77, 9382.9124508
1725062400, 31/08/2024, 00:00:00, 59117.59, 59446.99, 58739.31, 58968.37, 1368.21775121
1725148800, 01/09/2024, 00:00:00, 58968.37, 59070.55, 57200.0, 57299.0, 4411.05388122
1725235200, 02/09/2024, 00:00:00, 57291.21, 59423.0, 57119.01, 59139.83, 4318.6544603
1725321600, 03/09/2024, 00:00:00, 59138.89, 59825.7, 57394.49, 57468.84, 8264.44971184
1725408000, 04/09/2024, 00:00:00, 57460.5, 58531.25, 55555.0, 57971.0, 13715.96171494
1725494400, 05/09/2024, 00:00:00, 57971.0, 58326.12, 55628.04, 56156.82, 12281.57828747
1725580800, 06/09/2024, 00:00:00, 56156.82, 56995.0, 52530.0, 53950.01, 18495.45064356
1725667200, 07/09/2024, 00:00:00, 53950.0, 54847.0, 53733.1, 54156.33, 3284.57722628
1725753600, 08/09/2024, 00:00:00, 54159.6, 55315.95, 53623.95, 54881.11, 3684.86816392
1725840000, 09/09/2024, 00:00:00, 54881.1, 58119.97, 54565.56, 57053.9, 10203.03329517
1725926400, 10/09/2024, 00:00:00, 57047.82, 58050.35, 56377.76, 57645.59, 6433.21371111
1726012800, 11/09/2024, 00:00:00, 57641.15, 58014.35, 55534.41, 57352.79, 11678.94297124
1726099200, 12/09/2024, 00:00:00, 57352.92, 58600.0, 57311.15, 58137.54, 10175.62390483
1726185600, 13/09/2024, 00:00:00, 58137.33, 60670.0, 57630.01, 60543.35, 11935.95544754
1726272000, 14/09/2024, 00:00:00, 60543.35, 60660.0, 59436.8, 60012.35, 3147.39019631
1726358400, 15/09/2024, 00:00:00, 60012.34, 60402.34, 58695.75, 59122.33, 3975.3568185
1726444800, 16/09/2024, 00:00:00, 59122.7, 59214.15, 57477.0, 58208.75, 7654.10991835
1726531200, 17/09/2024, 00:00:00, 58209.76, 61373.41, 57620.27, 60312.6, 11701.89074715
1726617600, 18/09/2024, 00:00:00, 60317.38, 61800.0, 59174.5, 61769.18, 11471.50683029
1726704000, 19/09/2024, 00:00:00, 61770.38, 63891.82, 61569.16, 62960.14, 15075.86835522
1726790400, 20/09/2024, 00:00:00, 62956.04, 64140.67, 62340.0, 63210.69, 10636.1082809
1726876800, 21/09/2024, 00:00:00, 63210.94, 63575.63, 62755.0, 63362.74, 1960.85712028
1726963200, 22/09/2024, 00:00:00, 63362.74, 64000.0, 62380.55, 63577.66, 2882.2341982
1727049600, 23/09/2024, 00:00:00, 63580.39, 64739.67, 62566.28, 63338.87, 7014.74459935
1727136000, 24/09/2024, 00:00:00, 63338.85, 64700.0, 62689.15, 64272.93, 8933.46473574
1727222400, 25/09/2024, 00:00:00, 64272.93, 64811.0, 62932.8, 63130.89, 5909.09510453
1727308800, 26/09/2024, 00:00:00, 63131.13, 65865.0, 62652.99, 65177.21, 12789.85035505
1727395200, 27/09/2024, 00:00:00, 65176.39, 66550.0, 64827.85, 65789.0, 9529.0168808
1727481600, 28/09/2024, 00:00:00, 65787.53, 66266.39, 65400.0, 65858.99, 2755.22680581
1727568000, 29/09/2024, 00:00:00, 65857.33, 66059.0, 65433.29, 65600.01, 2721.35197741
1727654400, 30/09/2024, 00:00:00, 65600.01, 65624.95, 62833.95, 63301.25, 10629.74147917
1727740800, 01/10/2024, 00:00:00, 63305.52, 64106.75, 60150.89, 60790.0, 15970.80295516
1727827200, 02/10/2024, 00:00:00, 60792.63, 62380.34, 59969.2, 60631.37, 8764.03050337
1727913600, 03/10/2024, 00:00:00, 60631.36, 61474.92, 59824.87, 60744.99, 7834.55718072
1728000000, 04/10/2024, 00:00:00, 60745.0, 62481.0, 60454.5, 62090.71, 7884.21831808
1728086400, 05/10/2024, 00:00:00, 62090.7, 62380.04, 61686.34, 62051.29, 1783.56564961
1728172800, 06/10/2024, 00:00:00, 62051.29, 62978.75, 61805.85, 62810.86, 2086.21821773
1728259200, 07/10/2024, 00:00:00, 62810.93, 64467.02, 62113.28, 62200.28, 10707.1500015
1728345600, 08/10/2024, 00:00:00, 62203.82, 63191.05, 61824.48, 62122.02, 6566.33034742
1728432000, 09/10/2024, 00:00:00, 62118.44, 62507.68, 60255.0, 60578.28, 7582.36723494
1728518400, 10/10/2024, 00:00:00, 60578.28, 61271.59, 58863.9, 60279.53, 10462.57962276
1728604800, 11/10/2024, 00:00:00, 60279.53, 63416.7, 60029.98, 62518.75, 11454.9900534
1728691200, 12/10/2024, 00:00:00, 62518.75, 63474.25, 62464.15, 63187.47, 3943.90648994
1728777600, 13/10/2024, 00:00:00, 63183.08, 63270.18, 62033.0, 62845.3, 2257.61460657
1728864000, 14/10/2024, 00:00:00, 62847.89, 66500.0, 62426.67, 66065.65, 13638.71106556
1728950400, 15/10/2024, 00:00:00, 66065.64, 67944.76, 64778.44, 67056.6, 16324.01191342
1729036800, 16/10/2024, 00:00:00, 67056.62, 68399.0, 66743.0, 67608.44, 12465.75691229
1729123200, 17/10/2024, 00:00:00, 67608.45, 67926.99, 66629.97, 67402.33, 7912.22639285
1729209600, 18/10/2024, 00:00:00, 67399.86, 69000.62, 67149.24, 68426.11, 11802.74441943
1729296000, 19/10/2024, 00:00:00, 68426.11, 68689.29, 68005.83, 68363.73, 1868.86958754
1729382400, 20/10/2024, 00:00:00, 68363.73, 69380.0, 68083.18, 69014.86, 2632.89214855
1729468800, 21/10/2024, 00:00:00, 69014.87, 69498.0, 66802.0, 67346.15, 10226.59346669
1729555200, 22/10/2024, 00:00:00, 67346.15, 67800.0, 66535.0, 67380.08, 8598.06472763
1729641600, 23/10/2024, 00:00:00, 67389.7, 67415.65, 65149.51, 66601.11, 9021.17140157
1729728000, 24/10/2024, 00:00:00, 66601.1, 68800.0, 66445.32, 68156.84, 10016.19830413
1729814400, 25/10/2024, 00:00:00, 68156.84, 68742.38, 65500.01, 66564.51, 14485.49253537
1729900800, 26/10/2024, 00:00:00, 66564.51, 67365.18, 66331.95, 67012.56, 2949.2199701
1729987200, 27/10/2024, 00:00:00, 67008.15, 68261.37, 66836.78, 67943.19, 2819.59766921
1730073600, 28/10/2024, 00:00:00, 67943.18, 70235.98, 67532.48, 69924.5, 16140.14013624
1730160000, 29/10/2024, 00:00:00, 69924.49, 73624.98, 69705.76, 72724.35, 20616.91187006
1730246400, 30/10/2024, 00:00:00, 72724.35, 72948.6, 71400.01, 72322.91, 13543.49337837
1730332800, 31/10/2024, 00:00:00, 72322.91, 72684.02, 69559.33, 70197.83, 14726.78460342
1730419200, 01/11/2024, 00:00:00, 70198.02, 71620.0, 68720.0, 69467.29, 15295.28781188
1730505600, 02/11/2024, 00:00:00, 69466.64, 69891.92, 69000.0, 69358.94, 2203.99644104
1730592000, 03/11/2024, 00:00:00, 69360.95, 69364.65, 67444.0, 68738.18, 6758.88506466
1730678400, 04/11/2024, 00:00:00, 68736.4, 69453.94, 66783.77, 67807.48, 12431.01371517
1730764800, 05/11/2024, 00:00:00, 67810.15, 70557.67, 67427.53, 69380.73, 12867.66127618
1730851200, 06/11/2024, 00:00:00, 69380.64, 76509.56, 69285.82, 75646.55, 45398.11837369
1730937600, 07/11/2024, 00:00:00, 75646.55, 76999.0, 74463.96, 75920.0, 21932.40207681
1731024000, 08/11/2024, 00:00:00, 75925.0, 77312.18, 75654.26, 76566.73, 18378.39876264
1731110400, 09/11/2024, 00:00:00, 76566.72, 76952.67, 75758.58, 76716.06, 4836.57005338
1731196800, 10/11/2024, 00:00:00, 76716.06, 81534.28, 76535.33, 80428.92, 16728.21105103
1731283200, 11/11/2024, 00:00:00, 80427.69, 89666.0, 80277.34, 88770.73, 35560.11866694
1731369600, 12/11/2024, 00:00:00, 88770.74, 90100.0, 85010.0, 88035.43, 40111.80924643
1731456000, 13/11/2024, 00:00:00, 88035.43, 93495.0, 86220.5, 90493.82, 42318.6909168
1731542400, 14/11/2024, 00:00:00, 90499.4, 91831.25, 86672.07, 87340.4, 23422.75915863
1731628800, 15/11/2024, 00:00:00, 87338.96, 91934.62, 87100.83, 91058.36, 20388.33115227
1731715200, 16/11/2024, 00:00:00, 91058.36, 91820.73, 90069.21, 90636.24, 6598.0269304
1731801600, 17/11/2024, 00:00:00, 90638.54, 91439.82, 88713.64, 89886.69, 5574.55122824
1731888000, 18/11/2024, 00:00:00, 89877.11, 92674.8, 89372.65, 90520.3, 17340.77166451
1731974400, 19/11/2024, 00:00:00, 90521.32, 94105.84, 90403.24, 92435.89, 18267.16111244
1732060800, 20/11/2024, 00:00:00, 92445.04, 94989.99, 91600.0, 94393.15, 20329.039987
1732147200, 21/11/2024, 00:00:00, 94384.15, 99073.53, 94127.2, 98439.09, 31188.09394751
1732233600, 22/11/2024, 00:00:00, 98439.1, 99860.0, 97209.52, 99024.03, 29936.62215019
1732320000, 23/11/2024, 00:00:00, 99024.03, 99044.11, 97215.01, 97778.77, 12072.47203722
1732406400, 24/11/2024, 00:00:00, 97778.78, 98700.0, 95780.77, 98028.18, 8654.77135767
1732492800, 25/11/2024, 00:00:00, 98032.06, 98999.0, 92534.93, 93000.01, 20695.912495
1732579200, 26/11/2024, 00:00:00, 93001.48, 95004.92, 90682.58, 91929.54, 17848.01962899
1732665600, 27/11/2024, 00:00:00, 91929.53, 97386.06, 91747.46, 95951.19, 15213.90946356
1732752000, 28/11/2024, 00:00:00, 95951.19, 96676.31, 94671.59, 95665.53, 5586.55288339
1732838400, 29/11/2024, 00:00:00, 95665.53, 98750.0, 95383.46, 97490.56, 12587.02498942
1732924800, 30/11/2024, 00:00:00, 97489.8, 97509.6, 96129.73, 96465.42, 3476.04255853
1733011200, 01/12/2024, 00:00:00, 96464.95, 97895.9, 95753.42, 97263.18, 4039.27591451
1733097600, 02/12/2024, 00:00:00, 97259.17, 98200.0, 94400.63, 95862.89, 15554.61486745
1733184000, 03/12/2024, 00:00:00, 95862.89, 96310.1, 93571.3, 95924.52, 17898.7046212
1733270400, 04/12/2024, 00:00:00, 95924.85, 99263.2, 94634.85, 98746.24, 17528.92050771
1733356800, 05/12/2024, 00:00:00, 98746.24, 104000.0, 92055.86, 97044.23, 36399.8182427
1733443200, 06/12/2024, 00:00:00, 97049.47, 102104.12, 96424.2, 99891.35, 17801.21293952
1733529600, 07/12/2024, 00:00:00, 99885.37, 100583.27, 99012.73, 99929.32, 4774.3508777
1733616000, 08/12/2024, 00:00:00, 99919.2, 101435.05, 98729.66, 101174.99, 4230.35225168
1733702400, 09/12/2024, 00:00:00, 101175.0, 101290.73, 94220.8, 97324.81, 20103.05073464
1733788800, 10/12/2024, 00:00:00, 97330.66, 98338.17, 94273.38, 96660.76, 20620.53877488
1733875200, 11/12/2024, 00:00:00, 96660.75, 101984.98, 95722.79, 101202.11, 21190.23753294
1733961600, 12/12/2024, 00:00:00, 101211.61, 102595.0, 99298.39, 100030.47, 14796.92456547
1734048000, 13/12/2024, 00:00:00, 100024.75, 101959.13, 99220.81, 101428.75, 13327.59954074
1734134400, 14/12/2024, 00:00:00, 101428.74, 102650.0, 100600.0, 101399.99, 4181.40180281
1734220800, 15/12/2024, 00:00:00, 101400.0, 105100.0, 101221.34, 104447.76, 7796.33358128
1734307200, 16/12/2024, 00:00:00, 104445.15, 107857.79, 103289.21, 106099.81, 22575.87902891
1734393600, 17/12/2024, 00:00:00, 106099.98, 108388.88, 105337.97, 106136.99, 11994.58863972
1734480000, 18/12/2024, 00:00:00, 106145.83, 106528.13, 99939.82, 100150.73, 22294.42835455
1734566400, 19/12/2024, 00:00:00, 100148.6, 102796.22, 95539.67, 97372.21, 23522.12863874
1734652800, 20/12/2024, 00:00:00, 97372.2, 98132.47, 92115.66, 97765.0, 21766.62386138
1734739200, 21/12/2024, 00:00:00, 97762.75, 99596.57, 96368.0, 97230.08, 6451.43271418
1734825600, 22/12/2024, 00:00:00, 97230.09, 97387.98, 94182.98, 95087.75, 4933.50127735
1734912000, 23/12/2024, 00:00:00, 95091.15, 96430.08, 92360.91, 94764.56, 13476.98947566
1734998400, 24/12/2024, 00:00:00, 94767.88, 99444.0, 93426.25, 98594.47, 13355.36314305
1735084800, 25/12/2024, 00:00:00, 98594.47, 99484.92, 97557.48, 99346.28, 5254.2370598
1735171200, 26/12/2024, 00:00:00, 99358.67, 99887.0, 95083.93, 95669.49, 11403.37268934
1735257600, 27/12/2024, 00:00:00, 95669.4, 97340.47, 93234.31, 94171.89, 13169.12897588
1735344000, 28/12/2024, 00:00:00, 94171.7, 95534.17, 94002.72, 95130.82, 2722.6591363
1735430400, 29/12/2024, 00:00:00, 95125.59, 95170.06, 92841.48, 93563.35, 3417.52751094
1735516800, 30/12/2024, 00:00:00, 93563.35, 94910.48, 91271.19, 92620.71, 15271.24432744
1735603200, 31/12/2024, 00:00:00, 92620.7, 96148.94, 91887.13, 93354.22, 10348.6325655
1735689600, 01/01/2025, 00:00:00, 93347.59, 94960.91, 92743.63, 94383.59, 6871.73848196
1735776000, 02/01/2025, 00:00:00, 94383.59, 97776.99, 94177.0, 96903.19, 10912.47383962
1735862400, 03/01/2025, 00:00:00, 96905.48, 98969.92, 96016.63, 98136.51, 9021.88538159
1735948800, 04/01/2025, 00:00:00, 98139.85, 98761.02, 97516.65, 98209.85, 2742.08960614
1736035200, 05/01/2025, 00:00:00, 98209.85, 98814.0, 97250.0, 98345.33, 2377.92175899
1736121600, 06/01/2025, 00:00:00, 98347.65, 102500.0, 97900.0, 102279.41, 15173.55606778
1736208000, 07/01/2025, 00:00:00, 102279.41, 102735.99, 96105.11, 96941.98, 16587.2869223
1736294400, 08/01/2025, 00:00:00, 96941.98, 97254.35, 92500.0, 95036.63, 14182.29739458
1736380800, 09/01/2025, 00:00:00, 95033.18, 95363.26, 91187.0, 92547.44, 9712.37853215
1736467200, 10/01/2025, 00:00:00, 92547.44, 95862.92, 92209.25, 94701.18, 12634.03407823
1736553600, 11/01/2025, 00:00:00, 94701.48, 94983.65, 93804.05, 94565.02, 2638.69956767
1736640000, 12/01/2025, 00:00:00, 94569.91, 95383.84, 93670.3, 94509.62, 2025.81612971
1736726400, 13/01/2025, 00:00:00, 94507.24, 95900.0, 89028.64, 94506.45, 13094.86359481
1736812800, 14/01/2025, 00:00:00, 94507.35, 97353.29, 94311.36, 96534.96, 11210.74226727
1736899200, 15/01/2025, 00:00:00, 96534.97, 100716.45, 96400.0, 100510.23, 13610.74729401
1736985600, 16/01/2025, 00:00:00, 100504.27, 100880.0, 97277.58, 99981.78, 12312.37366854
1737072000, 17/01/2025, 00:00:00, 99981.46, 105970.0, 99937.81, 104107.0, 20518.30949325
1737158400, 18/01/2025, 00:00:00, 104107.0, 104933.15, 102233.45, 104435.0, 7835.29991824
1737244800, 19/01/2025, 00:00:00, 104435.01, 106314.44, 99518.0, 101211.13, 13312.63685598
1737331200, 20/01/2025, 00:00:00, 101217.78, 109358.01, 99416.27, 102145.43, 32342.18311338
1737417600, 21/01/2025, 00:00:00, 102145.42, 107291.1, 100051.0, 106159.26, 19411.23488978
1737504000, 22/01/2025, 00:00:00, 106159.27, 106431.34, 103100.0, 103667.11, 10730.018962
1737590400, 23/01/2025, 00:00:00, 103659.6, 106870.87, 101200.01, 103926.36, 25064.86499945
1737676800, 24/01/2025, 00:00:00, 103926.36, 107200.0, 102751.92, 104850.27, 12921.99361413
1737763200, 25/01/2025, 00:00:00, 104866.13, 105294.0, 104104.0, 104733.56, 3404.85308291
1737849600, 26/01/2025, 00:00:00, 104729.92, 105478.8, 102452.24, 102563.0, 4575.36611531
1737936000, 27/01/2025, 00:00:00, 102565.28, 103228.46, 97715.03, 102062.42, 23647.14111877
1738022400, 28/01/2025, 00:00:00, 102063.92, 103770.85, 100213.8, 101290.0, 9488.53429464
1738108800, 29/01/2025, 00:00:00, 101290.01, 104829.64, 101275.6, 103747.25, 11403.20278905
1738195200, 30/01/2025, 00:00:00, 103747.25, 106484.77, 103289.74, 104742.64, 13061.34881233
1738281600, 31/01/2025, 00:00:00, 104742.63, 106090.0, 101506.0, 102411.26, 13313.68104489
1738368000, 01/02/2025, 00:00:00, 102414.05, 102781.65, 100250.0, 100623.85, 3390.25555744
1738454400, 02/02/2025, 00:00:00, 100623.88, 101459.84, 96179.0, 97676.52, 10366.65062753
1738540800, 03/02/2025, 00:00:00, 97676.53, 102599.85, 91178.01, 101460.2, 31328.72219576
1738627200, 04/02/2025, 00:00:00, 101460.15, 101812.23, 96145.76, 97795.05, 14168.7031661
1738713600, 05/02/2025, 00:00:00, 97795.06, 99230.49, 96161.01, 96638.33, 9308.59185883
1738800000, 06/02/2025, 00:00:00, 96635.62, 99182.15, 95674.96, 96564.62, 9168.94674634
1738886400, 07/02/2025, 00:00:00, 96575.24, 100235.79, 95614.96, 96537.08, 12171.82534167
1738972800, 08/02/2025, 00:00:00, 96536.93, 96919.05, 95682.33, 96476.25, 2972.45715184
1739059200, 09/02/2025, 00:00:00, 96476.24, 97342.28, 94730.67, 96475.82, 3417.87009701
1739145600, 10/02/2025, 00:00:00, 96481.47, 98367.23, 95257.2, 97444.41, 6375.72539123
1739232000, 11/02/2025, 00:00:00, 97451.66, 98500.0, 94831.07, 95774.08, 7737.05105717
1739318400, 12/02/2025, 00:00:00, 95770.95, 98119.98, 94066.92, 97862.53, 9078.50356189
1739404800, 13/02/2025, 00:00:00, 97864.28, 98100.0, 95220.0, 96625.29, 6803.6078927
1739491200, 14/02/2025, 00:00:00, 96625.29, 98890.11, 96268.56, 97509.03, 7744.67640105
1739577600, 15/02/2025, 00:00:00, 97507.94, 97997.85, 97225.01, 97596.94, 1626.51929078
1739664000, 16/02/2025, 00:00:00, 97596.54, 97738.22, 96057.68, 96119.88, 2174.29326885
1739750400, 17/02/2025, 00:00:00, 96119.88, 97050.64, 95200.0, 95781.8, 3533.01273263
1739836800, 18/02/2025, 00:00:00, 95781.8, 96730.0, 93333.0, 95607.4, 8867.39878431
1739923200, 19/02/2025, 00:00:00, 95612.97, 96880.0, 95000.01, 96632.03, 6945.44897339
1740009600, 20/02/2025, 00:00:00, 96632.03, 98768.54, 96419.07, 98347.2, 10582.84622768
1740096000, 21/02/2025, 00:00:00, 98347.2, 99517.52, 94721.92, 96157.03, 19298.23921958
1740182400, 22/02/2025, 00:00:00, 96157.03, 96982.52, 95767.95, 96582.12, 7324.02366243
1740268800, 23/02/2025, 00:00:00, 96578.49, 96679.93, 95243.91, 96265.98, 3787.84705335
1740355200, 24/02/2025, 00:00:00, 96266.23, 96515.41, 91300.0, 91510.82, 12644.0435007
1740441600, 25/02/2025, 00:00:00, 91509.88, 92549.99, 85836.18, 88583.74, 31587.91715546
1740528000, 26/02/2025, 00:00:00, 88583.17, 89305.68, 82111.12, 84111.78, 21568.55463119
1740614400, 27/02/2025, 00:00:00, 84111.77, 86993.87, 82554.11, 84625.19, 16836.55524727
1740700800, 28/02/2025, 00:00:00, 84627.5, 85116.19, 78167.81, 84297.73, 30755.74245077
1740787200, 01/03/2025, 00:00:00, 84297.74, 86534.96, 83772.54, 86018.76, 6852.5441262
1740873600, 02/03/2025, 00:00:00, 86018.82, 95128.88, 85003.35, 94265.48, 16751.22972996
1740960000, 03/03/2025, 00:00:00, 94265.47, 94415.61, 85007.01, 86161.1, 22691.67068614
1741046400, 04/03/2025, 00:00:00, 86161.09, 88977.27, 81444.0, 87249.96, 23130.37098654
1741132800, 05/03/2025, 00:00:00, 87247.93, 91000.0, 86329.22, 90603.73, 14900.93396554
1741219200, 06/03/2025, 00:00:00, 90607.73, 92817.29, 87790.5, 89921.85, 13303.43744669
1741305600, 07/03/2025, 00:00:00, 89915.02, 91280.0, 84608.27, 86756.98, 27137.2022302
1741392000, 08/03/2025, 00:00:00, 86753.3, 86863.38, 85200.0, 86206.69, 3023.2478665
1741478400, 09/03/2025, 00:00:00, 86206.64, 86480.0, 80000.0, 80699.17, 7565.44749561
1741564800, 10/03/2025, 00:00:00, 80708.21, 84033.66, 77389.0, 78544.71, 21375.10120997
1741651200, 11/03/2025, 00:00:00, 78548.18, 83600.0, 76555.0, 82914.51, 17096.37980265
1741737600, 12/03/2025, 00:00:00, 82911.81, 84442.69, 80572.21, 83659.43, 12617.220582
1741824000, 13/03/2025, 00:00:00, 83659.45, 84310.8, 79890.0, 81073.43, 10506.80043483
1741910400, 14/03/2025, 00:00:00, 81071.5, 85318.61, 80771.17, 83980.49, 10857.45703924
1741996800, 15/03/2025, 00:00:00, 83989.86, 84690.43, 83612.24, 84351.46, 2331.92028578
1742083200, 16/03/2025, 00:00:00, 84351.45, 85092.35, 81969.44, 82562.57, 4059.89765099
1742169600, 17/03/2025, 00:00:00, 82562.5, 84758.46, 82416.98, 84011.4, 7785.97733364
1742256000, 18/03/2025, 00:00:00, 84011.39, 84029.67, 81125.0, 82698.76, 7316.63296603
1742342400, 19/03/2025, 00:00:00, 82699.53, 87045.45, 82535.53, 86877.96, 13056.03519886
1742428800, 20/03/2025, 00:00:00, 86877.97, 87492.87, 83596.75, 84183.42, 9880.31696275
1742515200, 21/03/2025, 00:00:00, 84183.41, 84809.72, 83100.0, 84061.96, 6257.63558757
1742601600, 22/03/2025, 00:00:00, 84061.96, 84517.75, 83659.69, 83852.03, 2108.51345069
1742688000, 23/03/2025, 00:00:00, 83852.06, 86128.99, 83804.67, 86092.94, 3467.46945277
1742774400, 24/03/2025, 00:00:00, 86092.95, 88804.64, 85533.06, 87523.62, 13107.50391644
1742860800, 25/03/2025, 00:00:00, 87518.09, 88584.34, 86321.97, 87427.88, 10153.98312373
1742947200, 26/03/2025, 00:00:00, 87432.82, 88304.1, 85850.0, 86926.01, 6885.71986041
1743033600, 27/03/2025, 00:00:00, 86926.01, 87790.12, 85784.0, 87217.48, 6904.09386105
1743120000, 28/03/2025, 00:00:00, 87214.07, 87498.15, 83533.4, 84381.8, 10031.80008987
1743206400, 29/03/2025, 00:00:00, 84381.81, 84584.13, 81608.99, 82616.83, 3194.24303663
1743292800, 30/03/2025, 00:00:00, 82624.06, 83508.98, 81538.88, 82379.98, 2472.72302228
1743379200, 31/03/2025, 00:00:00, 82379.98, 83920.8, 81265.16, 82534.32, 6887.94694226
1743465600, 01/04/2025, 00:00:00, 82534.31, 85566.53, 82403.32, 85170.37, 9130.97692565
1743552000, 02/04/2025, 00:00:00, 85166.92, 88530.0, 82283.01, 82490.08, 16748.28262337
1743638400, 03/04/2025, 00:00:00, 82490.1, 83953.45, 81177.7, 83174.33, 11800.91106566
1743724800, 04/04/2025, 00:00:00, 83178.68, 84720.67, 81643.54, 83860.16, 14593.03092888
1743811200, 05/04/2025, 00:00:00, 83859.78, 84238.35, 82346.61, 83498.25, 2836.42920662
1743897600, 06/04/2025, 00:00:00, 83505.88, 83773.58, 77058.99, 78370.75, 11014.8594773
1743984000, 07/04/2025, 00:00:00, 78370.15, 81223.67, 74420.69, 79140.01, 26706.52930797
1744070400, 08/04/2025, 00:00:00, 79140.02, 80849.98, 76167.35, 76251.64, 14917.02351692
1744156800, 09/04/2025, 00:00:00, 76258.8, 83583.35, 74553.01, 82594.75, 23584.94464084
1744243200, 10/04/2025, 00:00:00, 82593.15, 82730.93, 78387.24, 79552.34, 11876.12778689
1744329600, 11/04/2025, 00:00:00, 79552.34, 84299.0, 78919.94, 83380.47, 9964.68703141
1744416000, 12/04/2025, 00:00:00, 83379.64, 85909.97, 82765.26, 85271.01, 3972.49282052
1744502400, 13/04/2025, 00:00:00, 85271.02, 86092.99, 83010.0, 83733.07, 3904.15929557
1744588800, 14/04/2025, 00:00:00, 83733.07, 85818.06, 83655.27, 84590.36, 7247.02343319
1744675200, 15/04/2025, 00:00:00, 84590.36, 86491.4, 83592.77, 83629.78, 6461.77024421
1744761600, 16/04/2025, 00:00:00, 83622.52, 85526.4, 83088.02, 84028.72, 8246.73748903
1744848000, 17/04/2025, 00:00:00, 84028.71, 85494.94, 83711.69, 84961.97, 5865.70077325
1744934400, 18/04/2025, 00:00:00, 84961.97, 85150.94, 84287.06, 84466.47, 1884.07668707
1745020800, 19/04/2025, 00:00:00, 84466.47, 85625.0, 84353.45, 85074.99, 1683.30746873
1745107200, 20/04/2025, 00:00:00, 85074.59, 85319.21, 83972.82, 85177.34, 1812.14325365
1745193600, 21/04/2025, 00:00:00, 85177.33, 88575.62, 85135.98, 87522.07, 12603.75828155
1745280000, 22/04/2025, 00:00:00, 87513.53, 93952.62, 87077.17, 93489.1, 19460.09432868
1745366400, 23/04/2025, 00:00:00, 93486.57, 94686.0, 91902.19, 93740.92, 12538.32136507
1745452800, 24/04/2025, 00:00:00, 93740.93, 94061.02, 91685.18, 94021.96, 9320.8086182
1745539200, 25/04/2025, 00:00:00, 94021.97, 95976.34, 92880.01, 94708.79, 14148.6339475
1745625600, 26/04/2025, 00:00:00, 94707.79, 95273.52, 93903.01, 94666.64, 2253.98942317
1745712000, 27/04/2025, 00:00:00, 94666.64, 95351.11, 93654.77, 93780.57, 2304.93789541
1745798400, 28/04/2025, 00:00:00, 93780.56, 95652.66, 92829.44, 95042.57, 7348.4883725
1745884800, 29/04/2025, 00:00:00, 95042.56, 95499.0, 93761.26, 94271.09, 5979.94472886
1745971200, 30/04/2025, 00:00:00, 94271.08, 95263.74, 92911.88, 94182.54, 6511.31778605
1746057600, 01/05/2025, 00:00:00, 94182.55, 97546.99, 94136.79, 96524.98, 8334.02681063
1746144000, 02/05/2025, 00:00:00, 96524.98, 97948.56, 96369.69, 96929.81, 5709.61012071
1746230400, 03/05/2025, 00:00:00, 96929.81, 96974.78, 95765.13, 95861.33, 2077.55675998
1746316800, 04/05/2025, 00:00:00, 95865.47, 96312.51, 94151.67, 94272.55, 2834.39686495
1746403200, 05/05/2025, 00:00:00, 94272.54, 95218.82, 93500.01, 94733.99, 5181.01206583
1746489600, 06/05/2025, 00:00:00, 94733.99, 96916.25, 93363.28, 96839.17, 6164.34738969
1746576000, 07/05/2025, 00:00:00, 96843.84, 97738.05, 95800.0, 97058.32, 8328.69875473
1746662400, 08/05/2025, 00:00:00, 97058.33, 104176.05, 96888.25, 103253.49, 15379.43544074
1746748800, 09/05/2025, 00:00:00, 103252.2, 104352.6, 102330.76, 102986.96, 7318.60440182
1746835200, 10/05/2025, 00:00:00, 102986.94, 104997.0, 102831.41, 104821.19, 3104.17143581
1746921600, 11/05/2025, 00:00:00, 104817.83, 104980.89, 103360.22, 104137.62, 3055.22813204
1747008000, 12/05/2025, 00:00:00, 104137.58, 105787.37, 100703.71, 102800.21, 11005.40673978
1747094400, 13/05/2025, 00:00:00, 102800.22, 105038.53, 101447.78, 104131.06, 8727.89105836
1747180800, 14/05/2025, 00:00:00, 104131.2, 104373.0, 102603.27, 103545.38, 7628.70177301
1747267200, 15/05/2025, 00:00:00, 103540.91, 104200.0, 101400.01, 103786.43, 7563.00946962
1747353600, 16/05/2025, 00:00:00, 103786.4, 104616.71, 103125.51, 103500.03, 6881.65708111
1747440000, 17/05/2025, 00:00:00, 103500.03, 103741.98, 102612.0, 103161.07, 1848.95251021
1747526400, 18/05/2025, 00:00:00, 103162.53, 106692.97, 103130.95, 106473.46, 4130.60889099
1747612800, 19/05/2025, 00:00:00, 106488.77, 107137.68, 102105.0, 105616.18, 10104.32339011
1747699200, 20/05/2025, 00:00:00, 105616.21, 107355.0, 104209.18, 106883.24, 8804.38724819
1747785600, 21/05/2025, 00:00:00, 106883.24, 110788.98, 106128.14, 109699.54, 18333.91491262
1747872000, 22/05/2025, 00:00:00, 109697.19, 112000.0, 109217.23, 111722.53, 11250.38756124
1747958400, 23/05/2025, 00:00:00, 111722.54, 111824.07, 106800.01, 107329.61, 9638.23489571
1748044800, 24/05/2025, 00:00:00, 107332.08, 109517.79, 106895.77, 107794.01, 2611.3560546
1748131200, 25/05/2025, 00:00:00, 107794.01, 109371.04, 106632.35, 109048.68, 2996.9984274
1748217600, 26/05/2025, 00:00:00, 109048.41, 110474.41, 108706.04, 109464.32, 4641.38117417
1748304000, 27/05/2025, 00:00:00, 109464.33, 110829.42, 107536.41, 108978.46, 8827.06917845
1748390400, 28/05/2025, 00:00:00, 108978.45, 109344.89, 106790.16, 107819.29, 6474.20131287
1748476800, 29/05/2025, 00:00:00, 107819.26, 108943.35, 105315.0, 105572.58, 9305.58410478
1748563200, 30/05/2025, 00:00:00, 105572.58, 106377.66, 103634.48, 104033.26, 7866.16241154
1748649600, 31/05/2025, 00:00:00, 104033.0, 104965.5, 103110.01, 104645.87, 2403.60824408
1748736000, 01/06/2025, 00:00:00, 104645.87, 105937.46, 103800.81, 105697.94, 2369.92891564
1748822400, 02/06/2025, 00:00:00, 105697.93, 106000.0, 103685.23, 105904.94, 5818.90812007
1748908800, 03/06/2025, 00:00:00, 105909.79, 106901.68, 104910.01, 105447.82, 6486.4597778
1748995200, 04/06/2025, 00:00:00, 105443.95, 106058.47, 104202.0, 104753.38, 4505.03599201
1749081600, 05/06/2025, 00:00:00, 104753.37, 105999.68, 100345.73, 101570.2, 10627.57339852
1749168000, 06/06/2025, 00:00:00, 101570.2, 105439.01, 101132.91, 104397.99, 9677.25748525
1749254400, 07/06/2025, 00:00:00, 104398.0, 106000.0, 103969.7, 105619.02, 4141.10124271
1749340800, 08/06/2025, 00:00:00, 105619.02, 106548.9, 105028.3, 105784.4, 1998.61011035
1749427200, 09/06/2025, 00:00:00, 105784.41, 110651.12, 105368.27, 110301.15, 6581.24781856
1749513600, 10/06/2025, 00:00:00, 110299.69, 110420.08, 108362.14, 110300.24, 5433.6716937
1749600000, 11/06/2025, 00:00:00, 110300.25, 110435.05, 108091.74, 108669.37, 4603.3324446
1749686400, 12/06/2025, 00:00:00, 108673.77, 108853.74, 105706.78, 105721.05, 5734.67136139
1749772800, 13/06/2025, 00:00:00, 105716.45, 106233.0, 102746.01, 106118.7, 7441.52465913
1749859200, 14/06/2025, 00:00:00, 106114.53, 106264.36, 104351.72, 105465.42, 2256.48702523
1749945600, 15/06/2025, 00:00:00, 105465.42, 106184.13, 104505.05, 105599.25, 1722.80945227
1750032000, 16/06/2025, 00:00:00, 105600.21, 109000.0, 104982.26, 106853.38, 5952.98369341
1750118400, 17/06/2025, 00:00:00, 106853.38, 107792.9, 103363.3, 104590.44, 7688.94642443
1750204800, 18/06/2025, 00:00:00, 104590.44, 105603.63, 103512.38, 104915.6, 4918.14382744
1750291200, 19/06/2025, 00:00:00, 104915.6, 105266.61, 103916.37, 104671.9, 2279.05842007
1750377600, 20/06/2025, 00:00:00, 104671.4, 106553.86, 102357.25, 103317.8, 5047.63626176
1750464000, 21/06/2025, 00:00:00, 103317.79, 104013.64, 100919.19, 102160.03, 3287.51327489
1750550400, 22/06/2025, 00:00:00, 102160.36, 103417.0, 98225.01, 100996.87, 7872.25874446
1750636800, 23/06/2025, 00:00:00, 100996.87, 106135.47, 99677.07, 105419.39, 8910.86676597
1750723200, 24/06/2025, 00:00:00, 105418.4, 106366.29, 104681.83, 106141.0, 5773.20907668
1750809600, 25/06/2025, 00:00:00, 106141.01, 108206.0, 105875.0, 107400.22, 7072.65636297
1750896000, 26/06/2025, 00:00:00, 107400.22, 108345.0, 106605.88, 107029.64, 4900.22231656
1750982400, 27/06/2025, 00:00:00, 107029.63, 107804.2, 106413.79, 107113.38, 6310.43715745
1751068800, 28/06/2025, 00:00:00, 107119.17, 107599.81, 106868.94, 107352.2, 1227.76803255
1751155200, 29/06/2025, 00:00:00, 107352.2, 108550.0, 107230.0, 108386.44, 2154.86170312
1751241600, 30/06/2025, 00:00:00, 108386.44, 108800.0, 106724.76, 107173.21, 4839.04838063
1751328000, 01/07/2025, 00:00:00, 107173.21, 107579.3, 105262.0, 105711.78, 5152.72760186
1751414400, 02/07/2025, 00:00:00, 105711.77, 109823.08, 105119.7, 108888.32, 7995.79258367
1751500800, 03/07/2025, 00:00:00, 108887.03, 110590.0, 108574.31, 109628.83, 6434.57921608
1751587200, 04/07/2025, 00:00:00, 109628.83, 109812.94, 107268.84, 108028.6, 3129.21859997
1751673600, 05/07/2025, 00:00:00, 108028.6, 108454.19, 107783.1, 108246.65, 1513.15428554
1751760000, 06/07/2025, 00:00:00, 108246.66, 109736.64, 107837.7, 109217.98, 1651.18120197
1751846400, 07/07/2025, 00:00:00, 109217.98, 109741.64, 107507.0, 108269.84, 4455.08353019
1751932800, 08/07/2025, 00:00:00, 108271.49, 109255.99, 107438.33, 108958.04, 3785.3907416
1752019200, 09/07/2025, 00:00:00, 108953.58, 112152.91, 108329.87, 111282.85, 7683.83239574
1752105600, 10/07/2025, 00:00:00, 111282.84, 116842.0, 110541.87, 116031.3, 12920.20742934
1752192000, 11/07/2025, 00:00:00, 116031.29, 118909.74, 115211.74, 117582.16, 10116.886206
1752278400, 12/07/2025, 00:00:00, 117582.16, 118244.51, 116940.82, 117472.65, 2397.72381256
1752364800, 13/07/2025, 00:00:00, 117472.65, 119500.0, 117238.69, 119130.81, 3461.0430314
1752451200, 14/07/2025, 00:00:00, 119130.81, 123231.07, 118949.18, 119863.71, 13536.79954839
1752537600, 15/07/2025, 00:00:00, 119863.71, 119973.3, 115697.37, 117781.64, 23726.31356081
1752624000, 16/07/2025, 00:00:00, 117781.63, 120134.8, 117033.23, 118681.68, 9250.98642597
1752710400, 17/07/2025, 00:00:00, 118681.67, 120998.76, 117469.0, 119273.69, 8360.35130892
1752796800, 18/07/2025, 00:00:00, 119273.7, 120918.68, 116892.42, 118023.05, 8735.40386401
1752883200, 19/07/2025, 00:00:00, 118023.06, 118564.59, 117337.59, 117914.17, 1700.0997198
1752969600, 20/07/2025, 00:00:00, 117914.17, 118921.76, 116525.0, 117312.7, 2504.59032125
1753056000, 21/07/2025, 00:00:00, 117315.68, 119745.93, 116565.01, 117428.79, 5450.55450292
1753142400, 22/07/2025, 00:00:00, 117428.79, 120300.0, 116185.0, 120026.42, 7564.58852928
1753228800, 23/07/2025, 00:00:00, 120034.21, 120180.93, 117342.21, 118810.44, 5526.13819924
1753315200, 24/07/2025, 00:00:00, 118810.44, 119557.7, 117190.0, 118397.04, 7137.01277011
1753401600, 25/07/2025, 00:00:00, 118400.0, 118518.2, 114750.0, 117633.27, 24633.33644271
1753488000, 26/07/2025, 00:00:00, 117633.27, 118371.35, 117095.73, 117969.63, 6974.42930567
1753574400, 27/07/2025, 00:00:00, 117981.73, 119800.0, 117849.99, 119465.52, 4999.42180703
1753660800, 28/07/2025, 00:00:00, 119465.52, 119839.0, 117380.6, 118070.59, 7647.38438521
1753747200, 29/07/2025, 00:00:00, 118074.43, 119284.78, 116900.0, 117933.39, 6070.86335715
1753833600, 30/07/2025, 00:00:00, 117933.39, 118809.43, 115728.49, 117830.15, 4647.7410138
1753920000, 31/07/2025, 00:00:00, 117830.15, 118920.0, 115500.0, 115761.13, 4647.6521388
1754006400, 01/08/2025, 00:00:00, 115756.12, 116065.12, 112659.0, 113248.73, 9196.58441635
1754092800, 02/08/2025, 00:00:00, 113248.83, 114023.58, 112000.0, 112542.74, 2946.5811158
1754179200, 03/08/2025, 00:00:00, 112542.75, 114794.99, 111903.68, 114215.73, 2212.37278435
1754265600, 04/08/2025, 00:00:00, 114215.7, 115756.06, 114118.18, 115051.85, 4655.53866243
1754352000, 05/08/2025, 00:00:00, 115056.14, 115112.75, 112622.14, 114112.95, 4943.38930608
1754438400, 06/08/2025, 00:00:00, 114112.95, 115749.99, 113347.87, 115028.83, 4481.39474697
1754524800, 07/08/2025, 00:00:00, 115028.83, 117687.0, 114268.6, 117515.49, 5804.23960803
1754611200, 08/08/2025, 00:00:00, 117515.69, 117687.0, 115800.0, 116683.79, 4870.3042426
1754697600, 09/08/2025, 00:00:00, 116683.79, 117937.89, 116343.34, 116492.51, 2586.17129292
1754784000, 10/08/2025, 00:00:00, 116492.5, 119324.08, 116480.0, 119309.37, 2850.61404026
1754870400, 11/08/2025, 00:00:00, 119309.37, 122319.14, 118050.0, 118701.84, 7220.80819945
1754956800, 12/08/2025, 00:00:00, 118701.83, 120327.0, 118190.81, 120113.18, 4615.45835079
1755043200, 13/08/2025, 00:00:00, 120109.04, 123740.24, 118931.34, 123365.63, 8512.8860955
1755129600, 14/08/2025, 00:00:00, 123365.63, 124533.0, 117208.97, 118389.79, 10154.04939662
1755216000, 15/08/2025, 00:00:00, 118389.79, 119339.57, 116859.32, 117436.96, 4990.799358
1755302400, 16/08/2025, 00:00:00, 117436.95, 118028.68, 117222.01, 117455.68, 1781.69438526
1755388800, 17/08/2025, 00:00:00, 117455.69, 118641.6, 117249.49, 117488.6, 2021.61751952
1755475200, 18/08/2025, 00:00:00, 117488.59, 117633.8, 114703.26, 116286.76, 6762.85366719
1755561600, 19/08/2025, 00:00:00, 116286.75, 116792.87, 112696.56, 112856.19, 7918.58452813
1755648000, 20/08/2025, 00:00:00, 112853.66, 114627.37, 112344.11, 114276.0, 5764.27605073
1755734400, 21/08/2025, 00:00:00, 114276.0, 114812.0, 111964.0, 112480.3, 6033.74435365
1755820800, 22/08/2025, 00:00:00, 112480.29, 117416.73, 111649.75, 116908.68, 8547.72089091
1755907200, 23/08/2025, 00:00:00, 116911.9, 116999.03, 114505.0, 115383.87, 2245.41925268
1755993600, 24/08/2025, 00:00:00, 115383.87, 115616.53, 110635.0, 113478.0, 4602.76322486
1756080000, 25/08/2025, 00:00:00, 113478.0, 113645.32, 109275.74, 110127.74, 8509.20658676
1756166400, 26/08/2025, 00:00:00, 110127.74, 112399.99, 108670.0, 111788.01, 7735.56524843
1756252800, 27/08/2025, 00:00:00, 111788.04, 112683.39, 110351.11, 111253.21, 5151.42127925
1756339200, 28/08/2025, 00:00:00, 111253.22, 113480.0, 110858.78, 112574.85, 4637.29182209
1756425600, 29/08/2025, 00:00:00, 112574.84, 112642.53, 107469.13, 108378.32, 7806.0938333
1756512000, 30/08/2025, 00:00:00, 108378.32, 108928.79, 107369.69, 108827.93, 2828.67461609
1756598400, 31/08/2025, 00:00:00, 108827.92, 109489.79, 108060.79, 108247.95, 2702.50957636
1756684800, 01/09/2025, 00:00:00, 108247.95, 109907.51, 107250.0, 109240.55, 5396.96365977
1756771200, 02/09/2025, 00:00:00, 109240.55, 111801.86, 108400.0, 111247.94, 7398.40595759
1756857600, 03/09/2025, 00:00:00, 111247.94, 112600.0, 110533.77, 111756.41, 5205.45031255
1756944000, 04/09/2025, 00:00:00, 111756.4, 112235.6, 109321.0, 110720.79, 5253.71408228
1757030400, 05/09/2025, 00:00:00, 110714.48, 113390.0, 110202.36, 110670.02, 7218.59124481
1757116800, 06/09/2025, 00:00:00, 110670.02, 111317.65, 109993.0, 110212.6, 1621.65017738
1757203200, 07/09/2025, 00:00:00, 110214.21, 111600.0, 110200.01, 111129.61, 1646.11764246
1757289600, 08/09/2025, 00:00:00, 111120.38, 112940.84, 110600.0, 112072.57, 5158.43294831
1757376000, 09/09/2025, 00:00:00, 112072.57, 113292.96, 110765.72, 111549.32, 5158.45733241
1757462400, 10/09/2025, 00:00:00, 111546.61, 114362.1, 110919.55, 113983.97, 7249.99346721
1757548800, 11/09/2025, 00:00:00, 113983.98, 115554.53, 113433.92, 115540.0, 5575.3607407
1757635200, 12/09/2025, 00:00:00, 115540.01, 116833.25, 114774.19, 116106.03, 6493.57632751
1757721600, 13/09/2025, 00:00:00, 116106.03, 116378.04, 115177.53, 115968.35, 2173.49651785
1757808000, 14/09/2025, 00:00:00, 115968.33, 116226.61, 115166.0, 115314.13, 1967.88683794
1757894400, 15/09/2025, 00:00:00, 115314.12, 116802.0, 114395.84, 115381.08, 6142.67859527
1757980800, 16/09/2025, 00:00:00, 115381.07, 117000.0, 114750.0, 116832.56, 6012.58313417
1758067200, 17/09/2025, 00:00:00, 116832.56, 117327.24, 114724.57, 116484.4, 7151.30033814
1758153600, 18/09/2025, 00:00:00, 116484.4, 117998.17, 116125.08, 117117.99, 7140.41942024
1758240000, 19/09/2025, 00:00:00, 117117.99, 117516.36, 115132.71, 115690.55, 5874.11552075
1758326400, 20/09/2025, 00:00:00, 115690.55, 116194.63, 115463.22, 115752.4, 2830.8502542
1758412800, 21/09/2025, 00:00:00, 115752.9, 115900.02, 115237.16, 115282.27, 2071.01892785
1758499200, 22/09/2025, 00:00:00, 115282.26, 115441.37, 111761.22, 112736.59, 8494.39097785
1758585600, 23/09/2025, 00:00:00, 112736.59, 113357.0, 111502.08, 112017.21, 4512.04618772
1758672000, 24/09/2025, 00:00:00, 112017.21, 113999.98, 111066.07, 113348.17, 4932.88303511
1758758400, 25/09/2025, 00:00:00, 113348.16, 113561.35, 108623.7, 109035.72, 9197.26639402
1758844800, 26/09/2025, 00:00:00, 109036.0, 110369.99, 108645.02, 109697.29, 6826.16968974
1758931200, 27/09/2025, 00:00:00, 109697.29, 109815.08, 109116.0, 109681.16, 1950.48703402
1759017600, 28/09/2025, 00:00:00, 109681.15, 112385.84, 109230.98, 112197.67, 2397.09714427
1759104000, 29/09/2025, 00:00:00, 112197.66, 114490.0, 111582.65, 114365.07, 5553.41779958
1759190400, 30/09/2025, 00:00:00, 114361.66, 114850.0, 112695.85, 114067.71, 5044.09158186
1759276800, 01/10/2025, 00:00:00, 114067.71, 118718.8, 113975.5, 118659.97, 9687.1228881
1759363200, 02/10/2025, 00:00:00, 118662.72, 121111.0, 118336.01, 120621.32, 8816.90252269
1759449600, 03/10/2025, 00:00:00, 120621.33, 123996.81, 119327.83, 122318.4, 11835.08733617
1759536000, 04/10/2025, 00:00:00, 122318.39, 122896.0, 121572.64, 122458.56, 2705.28818527
1759622400, 05/10/2025, 00:00:00, 122458.55, 125750.0, 122195.28, 123520.79, 5820.77013157
1759708800, 06/10/2025, 00:00:00, 123520.8, 126296.0, 123115.77, 124720.09, 9135.3086452
1759795200, 07/10/2025, 00:00:00, 124723.57, 125226.34, 120636.0, 121393.95, 8699.84065383
1759881600, 08/10/2025, 00:00:00, 121393.96, 124254.31, 121090.06, 123343.25, 6727.94848453
1759968000, 09/10/2025, 00:00:00, 123343.24, 123822.08, 119713.65, 121714.51, 6980.15210285
1760054400, 10/10/2025, 00:00:00, 121714.51, 122600.0, 107000.0, 112980.28, 22432.34375511
1760140800, 11/10/2025, 00:00:00, 112976.01, 113439.99, 109683.96, 110768.89, 10041.88198008
1760227200, 12/10/2025, 00:00:00, 110768.9, 115847.0, 109687.46, 115067.98, 9699.03564495
1760313600, 13/10/2025, 00:00:00, 115067.96, 116077.51, 113700.27, 115274.03, 8147.76104518
1760400000, 14/10/2025, 00:00:00, 115274.03, 115514.91, 109945.86, 113068.0, 11955.35437582
1760486400, 15/10/2025, 00:00:00, 113072.18, 113671.99, 110185.87, 110804.12, 7440.03782479
1760572800, 16/10/2025, 00:00:00, 110804.11, 112021.07, 107464.53, 108198.0, 14792.78754529
1760659200, 17/10/2025, 00:00:00, 108197.99, 109269.97, 103516.75, 106463.3, 13824.34463474
1760745600, 18/10/2025, 00:00:00, 106462.09, 107535.68, 106357.69, 107208.91, 3552.60959467
1760832000, 19/10/2025, 00:00:00, 107208.91, 109499.0, 106091.25, 108676.78, 4841.63812975
1760918400, 20/10/2025, 00:00:00, 108676.77, 111748.6, 107449.91, 110568.06, 6286.43529012
1761004800, 21/10/2025, 00:00:00, 110568.05, 114082.29, 107444.6, 108362.27, 12890.45189253
1761091200, 22/10/2025, 00:00:00, 108357.99, 109188.27, 106639.0, 107585.98, 9311.33986567
1761177600, 23/10/2025, 00:00:00, 107588.02, 111342.6, 107511.46, 110116.03, 6881.35851313
1761264000, 24/10/2025, 00:00:00, 110116.02, 112158.39, 109725.51, 111042.13, 5915.09477083
1761350400, 25/10/2025, 00:00:00, 111042.13, 111968.52, 110693.01, 111666.21, 1478.94798996
1761436800, 26/10/2025, 00:00:00, 111666.22, 115542.0, 111260.33, 114548.09, 3808.17193597
1761523200, 27/10/2025, 00:00:00, 114561.69, 116410.06, 113833.12, 114087.06, 5491.52581938
1761609600, 28/10/2025, 00:00:00, 114087.06, 116114.13, 112203.0, 112906.75, 5342.86134585
1761696000, 29/10/2025, 00:00:00, 112906.75, 113690.17, 109000.0, 110032.13, 6110.48087693
1761782400, 30/10/2025, 00:00:00, 110031.65, 111629.2, 106279.33, 108308.18, 8481.34743643
1761868800, 31/10/2025, 00:00:00, 108308.02, 111066.1, 108266.11, 109555.27, 6858.47522213
1761955200, 01/11/2025, 00:00:00, 109555.63, 110500.0, 109342.47, 110052.25, 1707.44713625
1762041600, 02/11/2025, 00:00:00, 110052.25, 111221.99, 108800.0, 110536.01, 3777.57822519
1762128000, 03/11/2025, 00:00:00, 110533.83, 110749.0, 105271.67, 106557.98, 8657.30683772
1762214400, 04/11/2025, 00:00:00, 106557.98, 107269.85, 98892.97, 101468.15, 17052.82209797
1762300800, 05/11/2025, 00:00:00, 101468.16, 104550.0, 98950.0, 103869.0, 10844.84576039
1762387200, 06/11/2025, 00:00:00, 103866.67, 104191.19, 100235.02, 101290.5, 9488.56911128
1762473600, 07/11/2025, 00:00:00, 101290.5, 104041.99, 99170.0, 103284.27, 9981.70774039
1762560000, 08/11/2025, 00:00:00, 103281.79, 103350.0, 101422.74, 102285.57, 4365.22006206
1762646400, 09/11/2025, 00:00:00, 102285.58, 105471.04, 101372.58, 104694.95, 5545.42134633
1762732800, 10/11/2025, 00:00:00, 104694.23, 106653.0, 104240.76, 105979.38, 7737.06153627
1762819200, 11/11/2025, 00:00:00, 105979.38, 107482.0, 102422.43, 103009.35, 6574.79380402
1762905600, 12/11/2025, 00:00:00, 103017.21, 105316.64, 100803.2, 101639.01, 6053.08600012
1762992000, 13/11/2025, 00:00:00, 101636.03, 104050.0, 97870.0, 99614.54, 12710.66743459
1763078400, 14/11/2025, 00:00:00, 99610.49, 99836.1, 93951.32, 94503.96, 19645.40043753
1763164800, 15/11/2025, 00:00:00, 94501.08, 96747.02, 94222.2, 95544.94, 5157.02031554
1763251200, 16/11/2025, 00:00:00, 95544.94, 96559.61, 92943.83, 94183.97, 7161.13750207
1763337600, 17/11/2025, 00:00:00, 94182.03, 95950.0, 91158.35, 92100.6, 13319.956338
1763424000, 18/11/2025, 00:00:00, 92100.6, 93775.0, 89183.48, 92914.46, 16182.4672286
1763510400, 19/11/2025, 00:00:00, 92914.45, 92948.0, 88483.12, 91461.6, 15642.23320328
1763596800, 20/11/2025, 00:00:00, 91465.04, 93080.91, 85980.7, 86536.88, 18857.80134874
1763683200, 21/11/2025, 00:00:00, 86531.87, 87395.93, 80524.65, 85068.88, 31211.5604643
1763769600, 22/11/2025, 00:00:00, 85068.85, 85547.11, 83441.91, 84684.0, 7330.52185107
1763856000, 23/11/2025, 00:00:00, 84683.99, 88100.0, 84614.11, 86808.28, 9786.06365257
1763942400, 24/11/2025, 00:00:00, 86808.28, 89225.6, 85213.17, 88266.2, 14868.61469913
1764028800, 25/11/2025, 00:00:00, 88264.0, 88486.82, 86067.02, 87325.01, 10484.73675809
1764115200, 26/11/2025, 00:00:00, 87325.0, 90628.53, 86266.95, 90468.84, 11351.8707199
1764201600, 27/11/2025, 00:00:00, 90468.83, 91925.4, 90067.81, 91316.7, 8201.73046924
1764288000, 28/11/2025, 00:00:00, 91316.7, 93161.86, 90220.5, 90902.7, 9580.37061817
1764374400, 29/11/2025, 00:00:00, 90902.69, 91199.99, 90200.0, 90828.06, 3143.58444031
1764460800, 30/11/2025, 00:00:00, 90829.68, 91980.8, 90353.96, 90369.51, 3513.48557284
1764547200, 01/12/2025, 00:00:00, 90364.0, 90433.7, 83800.0, 86282.36, 16664.36191777
1764633600, 02/12/2025, 00:00:00, 86282.35, 92342.0, 86181.38, 91308.05, 13162.85699748
1764720000, 03/12/2025, 00:00:00, 91308.05, 94181.41, 91024.47, 93453.84, 9741.98216681
1764806400, 04/12/2025, 00:00:00, 93452.02, 94087.05, 90904.73, 92093.54, 6198.20707297
1764892800, 05/12/2025, 00:00:00, 92093.7, 92716.42, 88099.05, 89345.29, 8310.94183595
1764979200, 06/12/2025, 00:00:00, 89345.29, 90296.32, 88932.0, 89267.97, 3017.16860213
1765065600, 07/12/2025, 00:00:00, 89262.8, 91779.99, 87733.18, 90402.29, 4070.57697141
1765152000, 08/12/2025, 00:00:00, 90402.3, 92291.96, 89865.0, 91512.01, 2541.70282099
