TIMESTAMP, DATE, TIME, OPEN, HIGH, LOW, CLOSE, VOLUME
1467331200, 01/07/2016, 00:00:00, 0.01852, 0.0186, 0.01721, 0.01811, 17155.24049094
1467417600, 02/07/2016, 00:00:00, 0.0181, 0.01812, 0.01701, 0.01723, 17197.31828262
1467504000, 03/07/2016, 00:00:00, 0.01718, 0.01806, 0.01706, 0.0179, 10356.3744504
1467590400, 04/07/2016, 00:00:00, 0.01784, 0.01784, 0.01682, 0.01684, 6982.84444515
1467676800, 05/07/2016, 00:00:00, 0.01682, 0.01734, 0.01422, 0.01581, 55771.1355485
1467763200, 06/07/2016, 00:00:00, 0.01556, 0.0166, 0.01517, 0.01555, 13040.53109457
1467849600, 07/07/2016, 00:00:00, 0.0155, 0.01621, 0.01498, 0.01574, 21693.33613469
1467936000, 08/07/2016, 00:00:00, 0.01571, 0.01748, 0.01561, 0.0172, 31665.78010061
1468022400, 09/07/2016, 00:00:00, 0.01716, 0.01734, 0.01638, 0.01687, 10741.75798019
1468108800, 10/07/2016, 00:00:00, 0.01663, 0.01754, 0.01658, 0.01684, 9167.90140251
1468195200, 11/07/2016, 00:00:00, 0.01683, 0.01684, 0.01583, 0.01618, 6711.29276005
1468281600, 12/07/2016, 00:00:00, 0.01618, 0.01678, 0.01557, 0.01589, 15402.1871879
1468368000, 13/07/2016, 00:00:00, 0.01582, 0.01625, 0.01554, 0.01625, 6172.59700725
1468454400, 14/07/2016, 00:00:00, 0.0161, 0.01794, 0.0161, 0.01757, 23754.11059026
1468540800, 15/07/2016, 00:00:00, 0.01742, 0.01899, 0.01729, 0.01794, 20418.76358483
1468627200, 16/07/2016, 00:00:00, 0.01797, 0.01835, 0.0175, 0.01765, 5441.95206435
1468713600, 17/07/2016, 00:00:00, 0.01751, 0.01827, 0.01611, 0.01646, 15759.2946186
1468800000, 18/07/2016, 00:00:00, 0.01647, 0.01711, 0.01621, 0.01633, 13788.19357054
1468886400, 19/07/2016, 00:00:00, 0.01638, 0.01805, 0.01634, 0.01734, 12248.2259462
1468972800, 20/07/2016, 00:00:00, 0.01734, 0.01947, 0.01701, 0.01863, 44493.05892398
1469059200, 21/07/2016, 00:00:00, 0.01874, 0.01934, 0.01805, 0.0192, 50196.03115292
1469145600, 22/07/2016, 00:00:00, 0.01911, 0.023, 0.0188, 0.02261, 129125.64750926
1469232000, 23/07/2016, 00:00:00, 0.02257, 0.02329, 0.02101, 0.0218, 65980.57494331
1469318400, 24/07/2016, 00:00:00, 0.0218, 0.02214, 0.01836, 0.01925, 41291.90222323
1469404800, 25/07/2016, 00:00:00, 0.01927, 0.02131, 0.01902, 0.02108, 35516.10866085
1469491200, 26/07/2016, 00:00:00, 0.0211, 0.02147, 0.01802, 0.01833, 73525.46336373
1469577600, 27/07/2016, 00:00:00, 0.01812, 0.0205, 0.01809, 0.0199, 32847.21105468
1469664000, 28/07/2016, 00:00:00, 0.01988, 0.02009, 0.019, 0.01965, 18965.26645833
1469750400, 29/07/2016, 00:00:00, 0.01966, 0.01996, 0.0191, 0.01948, 11029.16171994
1469836800, 30/07/2016, 00:00:00, 0.01945, 0.01978, 0.01885, 0.01901, 13354.45476478
1469923200, 31/07/2016, 00:00:00, 0.01899, 0.02, 0.0182, 0.01895, 14428.97042152
1470009600, 01/08/2016, 00:00:00, 0.01905, 0.01955, 0.01812, 0.01812, 14124.45581641
1470096000, 02/08/2016, 00:00:00, 0.0181, 0.01847, 0.01391, 0.01607, 70452.85163838
1470182400, 03/08/2016, 00:00:00, 0.01607, 0.01876, 0.01607, 0.01837, 92799.53529837
1470268800, 04/08/2016, 00:00:00, 0.01837, 0.02019, 0.0178, 0.01907, 33675.53881879
1470355200, 05/08/2016, 00:00:00, 0.01931, 0.0195, 0.01879, 0.0191, 19527.6563551
1470441600, 06/08/2016, 00:00:00, 0.0191, 0.0192, 0.01801, 0.01851, 11311.32809889
1470528000, 07/08/2016, 00:00:00, 0.01854, 0.01894, 0.01811, 0.01841, 7338.3116315
1470614400, 08/08/2016, 00:00:00, 0.01841, 0.01929, 0.01837, 0.01907, 9199.20964147
1470700800, 09/08/2016, 00:00:00, 0.01907, 0.02144, 0.01903, 0.02083, 21181.73831442
1470787200, 10/08/2016, 00:00:00, 0.02081, 0.02139, 0.02, 0.02055, 25742.78472014
1470873600, 11/08/2016, 00:00:00, 0.02054, 0.02076, 0.0196, 0.01989, 15218.65078819
1470960000, 12/08/2016, 00:00:00, 0.01989, 0.02054, 0.01985, 0.02006, 19842.72969032
1471046400, 13/08/2016, 00:00:00, 0.02006, 0.0201, 0.01963, 0.01975, 7787.7079498
1471132800, 14/08/2016, 00:00:00, 0.01976, 0.0201, 0.01947, 0.01964, 7816.80011034
1471219200, 15/08/2016, 00:00:00, 0.01965, 0.02007, 0.01946, 0.01983, 10650.25821915
1471305600, 16/08/2016, 00:00:00, 0.01984, 0.01987, 0.01908, 0.01925, 8137.09269006
1471392000, 17/08/2016, 00:00:00, 0.01925, 0.0194, 0.01861, 0.01877, 11859.34633304
1471478400, 18/08/2016, 00:00:00, 0.0188, 0.0195, 0.0185, 0.01874, 12894.06903364
1471564800, 19/08/2016, 00:00:00, 0.01876, 0.01878, 0.01857, 0.01868, 7324.12545029
1471651200, 20/08/2016, 00:00:00, 0.01868, 0.0195, 0.01868, 0.01938, 5928.49702888
1471737600, 21/08/2016, 00:00:00, 0.01938, 0.01938, 0.01888, 0.01918, 3530.79939964
1471824000, 22/08/2016, 00:00:00, 0.01927, 0.0194, 0.01871, 0.01891, 6635.54103454
1471910400, 23/08/2016, 00:00:00, 0.01901, 0.01923, 0.01871, 0.01892, 7746.81161901
1471996800, 24/08/2016, 00:00:00, 0.0189, 0.021, 0.0189, 0.01903, 10276.76270428
1472083200, 25/08/2016, 00:00:00, 0.01903, 0.01973, 0.01903, 0.01971, 3606.93892072
1472169600, 26/08/2016, 00:00:00, 0.01968, 0.01979, 0.01932, 0.01948, 2875.32221992
1472256000, 27/08/2016, 00:00:00, 0.01947, 0.01972, 0.01945, 0.01955, 1752.1302934
1472342400, 28/08/2016, 00:00:00, 0.01955, 0.01955, 0.01903, 0.01905, 6550.08317103
1472428800, 29/08/2016, 00:00:00, 0.01906, 0.0194, 0.01872, 0.01916, 10315.60544516
1472515200, 30/08/2016, 00:00:00, 0.01915, 0.01958, 0.0191, 0.01947, 7347.00419783
1472601600, 31/08/2016, 00:00:00, 0.01947, 0.02036, 0.01937, 0.02032, 14716.51358341
1472688000, 01/09/2016, 00:00:00, 0.02034, 0.02209, 0.0202, 0.02097, 22052.46955027
1472774400, 02/09/2016, 00:00:00, 0.02096, 0.02142, 0.02054, 0.02099, 6929.64948974
1472860800, 03/09/2016, 00:00:00, 0.02114, 0.02149, 0.01932, 0.01966, 16895.38410993
1472947200, 04/09/2016, 00:00:00, 0.01966, 0.01967, 0.01908, 0.01918, 6424.61745991
1473033600, 05/09/2016, 00:00:00, 0.01918, 0.02, 0.01912, 0.01932, 12238.6375178
1473120000, 06/09/2016, 00:00:00, 0.01942, 0.01969, 0.0188, 0.01913, 11614.7982615
1473206400, 07/09/2016, 00:00:00, 0.01913, 0.01925, 0.01872, 0.01884, 6840.22500243
1473292800, 08/09/2016, 00:00:00, 0.01879, 0.01897, 0.01791, 0.01809, 11098.86978543
1473379200, 09/09/2016, 00:00:00, 0.01817, 0.01884, 0.01805, 0.0187, 11473.66324913
1473465600, 10/09/2016, 00:00:00, 0.01871, 0.0196, 0.01847, 0.01947, 10435.09717668
1473552000, 11/09/2016, 00:00:00, 0.0196, 0.01962, 0.01865, 0.01919, 15279.20841739
1473638400, 12/09/2016, 00:00:00, 0.01918, 0.01965, 0.01914, 0.01948, 6044.44944797
1473724800, 13/09/2016, 00:00:00, 0.0195, 0.0199, 0.01946, 0.01954, 16494.1303021
1473811200, 14/09/2016, 00:00:00, 0.01958, 0.01974, 0.01937, 0.01955, 6320.44711537
1473897600, 15/09/2016, 00:00:00, 0.01955, 0.01989, 0.01954, 0.01967, 6017.52091126
1473984000, 16/09/2016, 00:00:00, 0.01967, 0.02103, 0.01956, 0.02075, 22377.2022421
1474070400, 17/09/2016, 00:00:00, 0.02064, 0.02105, 0.02052, 0.02094, 10227.19060568
1474156800, 18/09/2016, 00:00:00, 0.02098, 0.02148, 0.01957, 0.0208, 14200.57176707
1474243200, 19/09/2016, 00:00:00, 0.02078, 0.0216, 0.02041, 0.0215, 4192.63991492
1474329600, 20/09/2016, 00:00:00, 0.02164, 0.025, 0.02155, 0.025, 18316.42883368
1474416000, 21/09/2016, 00:00:00, 0.025, 0.025, 0.02201, 0.02309, 13564.88177531
1474502400, 22/09/2016, 00:00:00, 0.023, 0.0232, 0.02088, 0.02222, 14306.95302848
1474588800, 23/09/2016, 00:00:00, 0.02214, 0.0224, 0.02193, 0.02204, 4312.03385517
1474675200, 24/09/2016, 00:00:00, 0.02213, 0.02216, 0.01866, 0.02135, 12997.13893053
1474761600, 25/09/2016, 00:00:00, 0.02135, 0.02196, 0.02121, 0.02181, 1916.81668907
1474848000, 26/09/2016, 00:00:00, 0.02186, 0.023, 0.02104, 0.02104, 19645.82779876
1474934400, 27/09/2016, 00:00:00, 0.02116, 0.0218, 0.02109, 0.02171, 2549.3706524
1475020800, 28/09/2016, 00:00:00, 0.02162, 0.0227, 0.02158, 0.02192, 4411.33247486
1475107200, 29/09/2016, 00:00:00, 0.02205, 0.0226, 0.02156, 0.02158, 6624.24224177
1475193600, 30/09/2016, 00:00:00, 0.02158, 0.0225, 0.02152, 0.02163, 5133.37807942
1475280000, 01/10/2016, 00:00:00, 0.02172, 0.02172, 0.02071, 0.0215, 10078.84105973
1475366400, 02/10/2016, 00:00:00, 0.0215, 0.02192, 0.02135, 0.02165, 2442.33155569
1475452800, 03/10/2016, 00:00:00, 0.02167, 0.02209, 0.02153, 0.022, 3271.24371066
1475539200, 04/10/2016, 00:00:00, 0.02204, 0.02214, 0.02164, 0.02181, 2881.57866965
1475625600, 05/10/2016, 00:00:00, 0.02179, 0.0225, 0.02127, 0.02127, 5990.48074277
1475712000, 06/10/2016, 00:00:00, 0.02133, 0.02155, 0.0207, 0.02095, 5396.49078139
1475798400, 07/10/2016, 00:00:00, 0.02094, 0.0213, 0.02026, 0.02055, 5674.8612959
1475884800, 08/10/2016, 00:00:00, 0.02055, 0.02055, 0.01959, 0.01975, 8185.96390817
1475971200, 09/10/2016, 00:00:00, 0.01969, 0.02012, 0.01938, 0.01958, 6640.00497739
1476057600, 10/10/2016, 00:00:00, 0.01955, 0.01958, 0.01882, 0.01894, 6865.92145627
1476144000, 11/10/2016, 00:00:00, 0.019, 0.01977, 0.01825, 0.0183, 13563.32962679
1476230400, 12/10/2016, 00:00:00, 0.0183, 0.01891, 0.01817, 0.01875, 10445.76510093
1476316800, 13/10/2016, 00:00:00, 0.01875, 0.01905, 0.01816, 0.01897, 6371.12839287
1476403200, 14/10/2016, 00:00:00, 0.01882, 0.01908, 0.0186, 0.01862, 7053.99818559
1476489600, 15/10/2016, 00:00:00, 0.01872, 0.01883, 0.0181, 0.01871, 11325.26641551
1476576000, 16/10/2016, 00:00:00, 0.01871, 0.01874, 0.0184, 0.01859, 2903.56860449
1476662400, 17/10/2016, 00:00:00, 0.0186, 0.01884, 0.01821, 0.0188, 6952.47336928
1476748800, 18/10/2016, 00:00:00, 0.01875, 0.02034, 0.01875, 0.01975, 10043.41658771
1476835200, 19/10/2016, 00:00:00, 0.01977, 0.02038, 0.01882, 0.01905, 10872.51774552
1476921600, 20/10/2016, 00:00:00, 0.01905, 0.01947, 0.01902, 0.01918, 4337.97062519
1477008000, 21/10/2016, 00:00:00, 0.01922, 0.01931, 0.019, 0.01912, 4445.40047368
1477094400, 22/10/2016, 00:00:00, 0.01915, 0.01915, 0.01811, 0.01839, 10278.93157453
1477180800, 23/10/2016, 00:00:00, 0.01842, 0.01845, 0.0182, 0.0183, 4049.515933
1477267200, 24/10/2016, 00:00:00, 0.01829, 0.01858, 0.01825, 0.01826, 2756.94970585
1477353600, 25/10/2016, 00:00:00, 0.01827, 0.01828, 0.0169, 0.0173, 20895.18223376
1477440000, 26/10/2016, 00:00:00, 0.0173, 0.01756, 0.01689, 0.01698, 5357.84211398
1477526400, 27/10/2016, 00:00:00, 0.01694, 0.017, 0.01621, 0.01672, 8896.66384169
1477612800, 28/10/2016, 00:00:00, 0.0167, 0.01698, 0.014, 0.01604, 20768.96321825
1477699200, 29/10/2016, 00:00:00, 0.01604, 0.01614, 0.01332, 0.01453, 26001.90490126
1477785600, 30/10/2016, 00:00:00, 0.0146, 0.01635, 0.01453, 0.01595, 14565.14601855
1477872000, 31/10/2016, 00:00:00, 0.01608, 0.01645, 0.01548, 0.01565, 6821.43294514
1477958400, 01/11/2016, 00:00:00, 0.01562, 0.01594, 0.01406, 0.01481, 19163.18087014
1478044800, 02/11/2016, 00:00:00, 0.0148, 0.01549, 0.01457, 0.01457, 4154.76479642
1478131200, 03/11/2016, 00:00:00, 0.0145, 0.01749, 0.0142, 0.01572, 23289.37554803
1478217600, 04/11/2016, 00:00:00, 0.01572, 0.01593, 0.0145, 0.01584, 7181.05695422
1478304000, 05/11/2016, 00:00:00, 0.01583, 0.0159, 0.01501, 0.0157, 4031.19564332
1478390400, 06/11/2016, 00:00:00, 0.0157, 0.01577, 0.01523, 0.01528, 3806.60045824
1478476800, 07/11/2016, 00:00:00, 0.0154, 0.01555, 0.01526, 0.01554, 2599.16092901
1478563200, 08/11/2016, 00:00:00, 0.01541, 0.0155, 0.015, 0.01536, 3762.13705487
1478649600, 09/11/2016, 00:00:00, 0.01523, 0.01523, 0.012, 0.01475, 26244.42866329
1478736000, 10/11/2016, 00:00:00, 0.01476, 0.01495, 0.01465, 0.01475, 5241.34882693
1478822400, 11/11/2016, 00:00:00, 0.01469, 0.01486, 0.0142, 0.01433, 6778.07524753
1478908800, 12/11/2016, 00:00:00, 0.01432, 0.0146, 0.01374, 0.01403, 11387.78722012
1478995200, 13/11/2016, 00:00:00, 0.01403, 0.01499, 0.01402, 0.0144, 6327.22327457
1479081600, 14/11/2016, 00:00:00, 0.01441, 0.01449, 0.01414, 0.01415, 3635.11155233
1479168000, 15/11/2016, 00:00:00, 0.01415, 0.0145, 0.01372, 0.01438, 6317.47421742
1479254400, 16/11/2016, 00:00:00, 0.01438, 0.01457, 0.01333, 0.01356, 12334.84194657
1479340800, 17/11/2016, 00:00:00, 0.01355, 0.01369, 0.0132, 0.01352, 11114.57546895
1479427200, 18/11/2016, 00:00:00, 0.01351, 0.01372, 0.01258, 0.01267, 25084.37661377
1479513600, 19/11/2016, 00:00:00, 0.01264, 0.01324, 0.01262, 0.01287, 8081.03504205
1479600000, 20/11/2016, 00:00:00, 0.0128, 0.01348, 0.01272, 0.0131, 10259.70776969
1479686400, 21/11/2016, 00:00:00, 0.01312, 0.01314, 0.01288, 0.01303, 5316.05098539
1479772800, 22/11/2016, 00:00:00, 0.013, 0.014, 0.01282, 0.01316, 13327.14686661
1479859200, 23/11/2016, 00:00:00, 0.0132, 0.01343, 0.01304, 0.0132, 5079.00601777
1479945600, 24/11/2016, 00:00:00, 0.01319, 0.01319, 0.01194, 0.01258, 15440.53134439
1480032000, 25/11/2016, 00:00:00, 0.01253, 0.0135, 0.01247, 0.01265, 7486.51432077
1480118400, 26/11/2016, 00:00:00, 0.01273, 0.01284, 0.01257, 0.01266, 1766.87965427
1480204800, 27/11/2016, 00:00:00, 0.01268, 0.01273, 0.01189, 0.0123, 5381.61909086
1480291200, 28/11/2016, 00:00:00, 0.01225, 0.01225, 0.0118, 0.01183, 6833.6364726
1480377600, 29/11/2016, 00:00:00, 0.01187, 0.01187, 0.01061, 0.01109, 14006.00567957
1480464000, 30/11/2016, 00:00:00, 0.01109, 0.01184, 0.01109, 0.0115, 19898.68515443
1480550400, 01/12/2016, 00:00:00, 0.01151, 0.01159, 0.01103, 0.01118, 5932.06031016
1480636800, 02/12/2016, 00:00:00, 0.01113, 0.01116, 0.008, 0.00999, 43074.99692511
1480723200, 03/12/2016, 00:00:00, 0.00999, 0.01065, 0.00998, 0.01029, 10559.20212613
1480809600, 04/12/2016, 00:00:00, 0.01024, 0.01032, 0.0096, 0.0096, 5037.58856621
1480896000, 05/12/2016, 00:00:00, 0.00962, 0.01003, 0.00869, 0.00895, 30101.61879992
1480982400, 06/12/2016, 00:00:00, 0.00897, 0.0118, 0.0078, 0.0103, 59975.68341379
1481068800, 07/12/2016, 00:00:00, 0.01034, 0.01114, 0.0096, 0.0109, 24852.33975557
1481155200, 08/12/2016, 00:00:00, 0.0109, 0.01155, 0.01063, 0.01067, 20284.24369173
1481241600, 09/12/2016, 00:00:00, 0.0106, 0.01123, 0.01044, 0.01094, 15688.68994597
1481328000, 10/12/2016, 00:00:00, 0.01093, 0.01106, 0.01034, 0.01047, 12408.8063451
1481414400, 11/12/2016, 00:00:00, 0.01048, 0.01076, 0.01039, 0.01067, 2726.79969216
1481500800, 12/12/2016, 00:00:00, 0.0107, 0.01103, 0.01058, 0.01089, 7804.8486261
1481587200, 13/12/2016, 00:00:00, 0.01096, 0.01096, 0.01068, 0.01075, 3859.02744707
1481673600, 14/12/2016, 00:00:00, 0.01079, 0.01107, 0.01053, 0.01054, 7081.94302433
1481760000, 15/12/2016, 00:00:00, 0.01055, 0.01055, 0.00988, 0.01001, 13885.64527439
1481846400, 16/12/2016, 00:00:00, 0.01008, 0.01018, 0.00994, 0.00996, 4292.31274952
1481932800, 17/12/2016, 00:00:00, 0.01, 0.01004, 0.00948, 0.00996, 13812.52797822
1482019200, 18/12/2016, 00:00:00, 0.00989, 0.01006, 0.00981, 0.00995, 6201.88030016
1482105600, 19/12/2016, 00:00:00, 0.00992, 0.00993, 0.00962, 0.00962, 5856.93913577
1482192000, 20/12/2016, 00:00:00, 0.00962, 0.00974, 0.00948, 0.00958, 2716.07904855
1482278400, 21/12/2016, 00:00:00, 0.00959, 0.00968, 0.00943, 0.0095, 10476.53410043
1482364800, 22/12/2016, 00:00:00, 0.0095, 0.00953, 0.00861, 0.00878, 20329.42747309
1482451200, 23/12/2016, 00:00:00, 0.00878, 0.00878, 0.00772, 0.00776, 16441.52834167
1482537600, 24/12/2016, 00:00:00, 0.00773, 0.00831, 0.00772, 0.00811, 7481.89489685
1482624000, 25/12/2016, 00:00:00, 0.00811, 0.00842, 0.008, 0.008, 24561.9460283
1482710400, 26/12/2016, 00:00:00, 0.00797, 0.00821, 0.00781, 0.00804, 3879.70067251
1482796800, 27/12/2016, 00:00:00, 0.00799, 0.00811, 0.00753, 0.00771, 9521.70240679
1482883200, 28/12/2016, 00:00:00, 0.00769, 0.0085, 0.00732, 0.0077, 19795.06912789
1482969600, 29/12/2016, 00:00:00, 0.00775, 0.00884, 0.00775, 0.00854, 15446.76724203
1483056000, 30/12/2016, 00:00:00, 0.00854, 0.00894, 0.00842, 0.0085, 6478.04135674
1483142400, 31/12/2016, 00:00:00, 0.00851, 0.00859, 0.00826, 0.00832, 4016.33233908
1483228800, 01/01/2017, 00:00:00, 0.00834, 0.00893, 0.00807, 0.00822, 9010.21814074
1483315200, 02/01/2017, 00:00:00, 0.00821, 0.00839, 0.00785, 0.00823, 8508.15494687
1483401600, 03/01/2017, 00:00:00, 0.00823, 0.01048, 0.00808, 0.00932, 22063.83088054
1483488000, 04/01/2017, 00:00:00, 0.0093, 0.01013, 0.00907, 0.00991, 30649.47864375
1483574400, 05/01/2017, 00:00:00, 0.00979, 0.0105, 0.0093, 0.01021, 64409.11590319
1483660800, 06/01/2017, 00:00:00, 0.01019, 0.01176, 0.01012, 0.01131, 44361.48964761
1483747200, 07/01/2017, 00:00:00, 0.01131, 0.01188, 0.01075, 0.01097, 41018.20697789
1483833600, 08/01/2017, 00:00:00, 0.01083, 0.01147, 0.01063, 0.01134, 13831.01411045
1483920000, 09/01/2017, 00:00:00, 0.01131, 0.0123, 0.01124, 0.01149, 31929.1256766
1484006400, 10/01/2017, 00:00:00, 0.01149, 0.01189, 0.01127, 0.01163, 8093.45216864
1484092800, 11/01/2017, 00:00:00, 0.01162, 0.0125, 0.01143, 0.0124, 57585.01811042
1484179200, 12/01/2017, 00:00:00, 0.0124, 0.01265, 0.0119, 0.0121, 29255.49782641
1484265600, 13/01/2017, 00:00:00, 0.01205, 0.01224, 0.0115, 0.01172, 17269.0782389
1484352000, 14/01/2017, 00:00:00, 0.01175, 0.01196, 0.01149, 0.01187, 17328.11644094
1484438400, 15/01/2017, 00:00:00, 0.01186, 0.01207, 0.01179, 0.01182, 10470.62416798
1484524800, 16/01/2017, 00:00:00, 0.01186, 0.01187, 0.01143, 0.01154, 17202.13439462
1484611200, 17/01/2017, 00:00:00, 0.01155, 0.01198, 0.01108, 0.01137, 19935.5302616
1484697600, 18/01/2017, 00:00:00, 0.01145, 0.01177, 0.01134, 0.01154, 8527.01018675
1484784000, 19/01/2017, 00:00:00, 0.01153, 0.01162, 0.01131, 0.01162, 3966.65862218
1484870400, 20/01/2017, 00:00:00, 0.01156, 0.01203, 0.01155, 0.01183, 4432.24957212
1484956800, 21/01/2017, 00:00:00, 0.0119, 0.01199, 0.0115, 0.01185, 5085.30344324
1485043200, 22/01/2017, 00:00:00, 0.01181, 0.01184, 0.01156, 0.01156, 3630.91020341
1485129600, 23/01/2017, 00:00:00, 0.01156, 0.01176, 0.01156, 0.01175, 3725.27468889
1485216000, 24/01/2017, 00:00:00, 0.0118, 0.0119, 0.01162, 0.0119, 6970.82558781
1485302400, 25/01/2017, 00:00:00, 0.01186, 0.01186, 0.01158, 0.01171, 6031.55171556
1485388800, 26/01/2017, 00:00:00, 0.01169, 0.01182, 0.01147, 0.01153, 11887.61527084
1485475200, 27/01/2017, 00:00:00, 0.01153, 0.01154, 0.01136, 0.01143, 8170.81915961
1485561600, 28/01/2017, 00:00:00, 0.01144, 0.01146, 0.01129, 0.01144, 1685.51190961
1485648000, 29/01/2017, 00:00:00, 0.01143, 0.01148, 0.01136, 0.01139, 3011.3272229
1485734400, 30/01/2017, 00:00:00, 0.01141, 0.01169, 0.01137, 0.01147, 8050.76301612
1485820800, 31/01/2017, 00:00:00, 0.01147, 0.01149, 0.01094, 0.01102, 10129.0741039
1485907200, 01/02/2017, 00:00:00, 0.01106, 0.01121, 0.01071, 0.01085, 8157.047894
1485993600, 02/02/2017, 00:00:00, 0.01083, 0.01086, 0.01066, 0.0107, 7918.78061356
1486080000, 03/02/2017, 00:00:00, 0.0107, 0.01082, 0.01042, 0.01081, 7255.48195094
1486166400, 04/02/2017, 00:00:00, 0.0108, 0.01125, 0.0108, 0.01096, 9423.82502764
1486252800, 05/02/2017, 00:00:00, 0.01098, 0.01112, 0.01084, 0.01103, 3752.62968392
1486339200, 06/02/2017, 00:00:00, 0.01103, 0.0111, 0.01091, 0.01104, 4388.34746692
1486425600, 07/02/2017, 00:00:00, 0.01104, 0.01108, 0.01085, 0.01088, 5211.94308393
1486512000, 08/02/2017, 00:00:00, 0.01087, 0.01108, 0.01071, 0.01077, 10973.51458819
1486598400, 09/02/2017, 00:00:00, 0.01076, 0.0115, 0.01062, 0.01108, 28850.7446301
1486684800, 10/02/2017, 00:00:00, 0.01107, 0.01153, 0.01106, 0.01134, 10343.03918575
1486771200, 11/02/2017, 00:00:00, 0.01135, 0.01141, 0.01116, 0.01128, 4831.62670473
1486857600, 12/02/2017, 00:00:00, 0.01128, 0.01139, 0.01124, 0.01137, 2311.08894521
1486944000, 13/02/2017, 00:00:00, 0.01138, 0.01145, 0.0112, 0.01136, 4927.91129768
1487030400, 14/02/2017, 00:00:00, 0.01137, 0.01399, 0.01136, 0.01292, 39837.39076611
1487116800, 15/02/2017, 00:00:00, 0.01296, 0.01308, 0.01252, 0.01285, 13451.17838942
1487203200, 16/02/2017, 00:00:00, 0.01276, 0.01297, 0.01222, 0.01242, 9270.71994371
1487289600, 17/02/2017, 00:00:00, 0.01237, 0.01249, 0.01187, 0.01207, 14271.78749266
1487376000, 18/02/2017, 00:00:00, 0.01207, 0.01219, 0.01192, 0.01215, 6954.42411562
1487462400, 19/02/2017, 00:00:00, 0.01215, 0.01229, 0.01206, 0.01214, 3816.48001867
1487548800, 20/02/2017, 00:00:00, 0.01214, 0.01232, 0.01151, 0.01151, 8277.71725969
1487635200, 21/02/2017, 00:00:00, 0.0115, 0.01196, 0.01127, 0.01132, 24882.95061083
1487721600, 22/02/2017, 00:00:00, 0.01134, 0.01157, 0.01114, 0.01125, 7005.60759716
1487808000, 23/02/2017, 00:00:00, 0.01119, 0.0114, 0.01105, 0.0112, 8595.58901736
1487894400, 24/02/2017, 00:00:00, 0.01111, 0.01156, 0.01077, 0.01107, 23041.92678176
1487980800, 25/02/2017, 00:00:00, 0.01107, 0.01199, 0.01095, 0.01178, 16716.28778956
1488067200, 26/02/2017, 00:00:00, 0.01178, 0.0125, 0.01162, 0.0124, 26604.37937044
1488153600, 27/02/2017, 00:00:00, 0.01241, 0.0136, 0.01214, 0.01303, 48640.80027478
1488240000, 28/02/2017, 00:00:00, 0.01303, 0.01446, 0.01272, 0.0136, 58889.87828433
1488326400, 01/03/2017, 00:00:00, 0.01376, 0.01424, 0.01276, 0.01414, 41323.25146552
1488412800, 02/03/2017, 00:00:00, 0.01413, 0.0155, 0.01366, 0.01511, 59137.39809404
1488499200, 03/03/2017, 00:00:00, 0.01529, 0.0165, 0.01433, 0.01505, 50805.81533839
1488585600, 04/03/2017, 00:00:00, 0.0151, 0.01563, 0.0146, 0.0146, 21328.87949306
1488672000, 05/03/2017, 00:00:00, 0.01459, 0.01527, 0.0144, 0.01514, 12598.02774332
1488758400, 06/03/2017, 00:00:00, 0.01513, 0.01577, 0.01497, 0.01525, 17596.2142918
1488844800, 07/03/2017, 00:00:00, 0.01525, 0.01576, 0.01497, 0.01526, 24140.25352354
1488931200, 08/03/2017, 00:00:00, 0.01527, 0.01537, 0.01445, 0.01446, 36613.89106954
1489017600, 09/03/2017, 00:00:00, 0.01446, 0.01497, 0.01414, 0.01484, 17379.59224606
1489104000, 10/03/2017, 00:00:00, 0.01481, 0.02, 0.01418, 0.01728, 64198.54044232
1489190400, 11/03/2017, 00:00:00, 0.01725, 0.0192, 0.01624, 0.01817, 31675.44452626
1489276800, 12/03/2017, 00:00:00, 0.01817, 0.01999, 0.01786, 0.01899, 31765.07763365
1489363200, 13/03/2017, 00:00:00, 0.019, 0.02499, 0.019, 0.02293, 111491.81504976
1489449600, 14/03/2017, 00:00:00, 0.02294, 0.02415, 0.02187, 0.02294, 33954.95517544
1489536000, 15/03/2017, 00:00:00, 0.02294, 0.0281, 0.0227, 0.02807, 49857.32199081
1489622400, 16/03/2017, 00:00:00, 0.02807, 0.04078, 0.02807, 0.03919, 109403.92174793
1489708800, 17/03/2017, 00:00:00, 0.03924, 0.055, 0.032, 0.04177, 105940.57373213
1489795200, 18/03/2017, 00:00:00, 0.04184, 0.04216, 0.03251, 0.03486, 52833.85827103
1489881600, 19/03/2017, 00:00:00, 0.03489, 0.04369, 0.03464, 0.04215, 37054.93150841
1489968000, 20/03/2017, 00:00:00, 0.04231, 0.04335, 0.03935, 0.04053, 29349.7374958
1490054400, 21/03/2017, 00:00:00, 0.04064, 0.04105, 0.03742, 0.0381, 20992.24623319
1490140800, 22/03/2017, 00:00:00, 0.03816, 0.04113, 0.0365, 0.03989, 24303.42729709
1490227200, 23/03/2017, 00:00:00, 0.03991, 0.04296, 0.03878, 0.04186, 22886.82964987
1490313600, 24/03/2017, 00:00:00, 0.04179, 0.05784, 0.0416, 0.05633, 67929.50709286
1490400000, 25/03/2017, 00:00:00, 0.05651, 0.05752, 0.0491, 0.0521, 67537.69103001
1490486400, 26/03/2017, 00:00:00, 0.05224, 0.057, 0.04821, 0.05218, 46676.21707435
1490572800, 27/03/2017, 00:00:00, 0.05226, 0.05315, 0.04599, 0.04686, 36580.17464685
1490659200, 28/03/2017, 00:00:00, 0.04695, 0.05404, 0.04555, 0.0482, 26672.21843554
1490745600, 29/03/2017, 00:00:00, 0.04817, 0.05289, 0.04805, 0.05085, 27864.97401068
1490832000, 30/03/2017, 00:00:00, 0.05077, 0.05179, 0.04913, 0.04983, 17418.9409236
1490918400, 31/03/2017, 00:00:00, 0.04987, 0.05055, 0.04314, 0.04605, 31294.91978053
1491004800, 01/04/2017, 00:00:00, 0.04605, 0.04839, 0.044, 0.04625, 11375.15560989
1491091200, 02/04/2017, 00:00:00, 0.04635, 0.04696, 0.04011, 0.04333, 15204.50533879
1491177600, 03/04/2017, 00:00:00, 0.04377, 0.04378, 0.037, 0.0382, 43103.61683301
1491264000, 04/04/2017, 00:00:00, 0.03835, 0.04057, 0.0356, 0.03905, 33874.77289842
1491350400, 05/04/2017, 00:00:00, 0.03905, 0.04226, 0.0386, 0.03974, 25923.39986146
1491436800, 06/04/2017, 00:00:00, 0.03973, 0.0444, 0.03363, 0.03624, 104202.29207107
1491523200, 07/04/2017, 00:00:00, 0.03624, 0.0378, 0.03451, 0.03535, 20258.68452332
1491609600, 08/04/2017, 00:00:00, 0.03538, 0.0409, 0.03538, 0.03723, 44941.45965372
1491696000, 09/04/2017, 00:00:00, 0.03738, 0.03766, 0.03536, 0.03618, 40350.52296334
1491782400, 10/04/2017, 00:00:00, 0.03619, 0.03708, 0.03515, 0.0362, 8703.70647176
1491868800, 11/04/2017, 00:00:00, 0.03625, 0.037, 0.03532, 0.03569, 10111.405167
1491955200, 12/04/2017, 00:00:00, 0.0357, 0.03932, 0.03557, 0.03815, 21183.9303411
1492041600, 13/04/2017, 00:00:00, 0.03817, 0.04426, 0.0379, 0.04251, 41727.42366193
1492128000, 14/04/2017, 00:00:00, 0.04246, 0.0425, 0.039, 0.04011, 17128.08639423
1492214400, 15/04/2017, 00:00:00, 0.04024, 0.99999, 0.03945, 0.04165, 11014.44091182
1492300800, 16/04/2017, 00:00:00, 0.04164, 0.04164, 0.04042, 0.04093, 9735.82457893
1492387200, 17/04/2017, 00:00:00, 0.04093, 0.04115, 0.03978, 0.04008, 7325.55747201
1492473600, 18/04/2017, 00:00:00, 0.04008, 0.0419, 0.03957, 0.04138, 10032.27931292
1492560000, 19/04/2017, 00:00:00, 0.04149, 0.04198, 0.03868, 0.03935, 12997.50680826
1492646400, 20/04/2017, 00:00:00, 0.0393, 0.04039, 0.03831, 0.03994, 14510.90956936
1492732800, 21/04/2017, 00:00:00, 0.03991, 0.03991, 0.0386, 0.03865, 8851.01695381
1492819200, 22/04/2017, 00:00:00, 0.03864, 0.04, 0.03856, 0.03901, 9522.95718105
1492905600, 23/04/2017, 00:00:00, 0.03889, 0.03963, 0.03873, 0.03931, 4540.01498674
1492992000, 24/04/2017, 00:00:00, 0.03924, 0.04146, 0.03923, 0.03989, 16194.56644924
1493078400, 25/04/2017, 00:00:00, 0.03988, 0.04001, 0.03903, 0.03917, 6368.07647302
1493164800, 26/04/2017, 00:00:00, 0.03921, 0.042, 0.03913, 0.04115, 13584.29445346
1493251200, 27/04/2017, 00:00:00, 0.04114, 0.04753, 0.04053, 0.04694, 29681.0975286
1493337600, 28/04/2017, 00:00:00, 0.04713, 0.05471, 0.04709, 0.05379, 50448.37454284
1493424000, 29/04/2017, 00:00:00, 0.05405, 0.05489, 0.05001, 0.0517, 25131.33885017
1493510400, 30/04/2017, 00:00:00, 0.0517, 0.05977, 0.05159, 0.05807, 23342.49138875
1493596800, 01/05/2017, 00:00:00, 0.05808, 0.06028, 0.04981, 0.05365, 57148.04188299
1493683200, 02/05/2017, 00:00:00, 0.05443, 0.0589, 0.0505, 0.05263, 34076.13575617
1493769600, 03/05/2017, 00:00:00, 0.05262, 0.05454, 0.051, 0.05307, 31395.47687192
1493856000, 04/05/2017, 00:00:00, 0.05307, 0.06339, 0.05241, 0.06156, 36380.54391442
1493942400, 05/05/2017, 00:00:00, 0.06155, 0.06223, 0.05727, 0.05904, 31757.96063684
1494028800, 06/05/2017, 00:00:00, 0.05929, 0.061, 0.0578, 0.06057, 7477.89399956
1494115200, 07/05/2017, 00:00:00, 0.0605, 0.06198, 0.05585, 0.05846, 19879.13309916
1494201600, 08/05/2017, 00:00:00, 0.05844, 0.05847, 0.05211, 0.05211, 35598.488786
1494288000, 09/05/2017, 00:00:00, 0.05223, 0.05336, 0.04234, 0.05056, 58288.03811673
1494374400, 10/05/2017, 00:00:00, 0.05056, 0.05281, 0.04813, 0.0492, 16614.07489747
1494460800, 11/05/2017, 00:00:00, 0.0492, 0.05069, 0.04672, 0.04799, 19954.74984695
1494547200, 12/05/2017, 00:00:00, 0.04799, 0.05173, 0.04764, 0.05017, 17920.46988412
1494633600, 13/05/2017, 00:00:00, 0.05015, 0.05157, 0.04924, 0.04936, 11352.09779812
1494720000, 14/05/2017, 00:00:00, 0.04937, 0.0506, 0.04862, 0.04955, 12636.22299713
1494806400, 15/05/2017, 00:00:00, 0.04957, 0.055, 0.04949, 0.05209, 21935.24081116
1494892800, 16/05/2017, 00:00:00, 0.05207, 0.05398, 0.04933, 0.04952, 24079.76527599
1494979200, 17/05/2017, 00:00:00, 0.04951, 0.04968, 0.04682, 0.04785, 29272.13878016
1495065600, 18/05/2017, 00:00:00, 0.04786, 0.0577, 0.04786, 0.05073, 29792.22362127
1495152000, 19/05/2017, 00:00:00, 0.05074, 0.06582, 0.05002, 0.06341, 55033.59490422
1495238400, 20/05/2017, 00:00:00, 0.0634, 0.06508, 0.05961, 0.0599, 21477.51830747
1495324800, 21/05/2017, 00:00:00, 0.0599, 0.07239, 0.05936, 0.07238, 33146.43619638
1495411200, 22/05/2017, 00:00:00, 0.07236, 0.1486, 0.06819, 0.07537, 82205.90958738
1495497600, 23/05/2017, 00:00:00, 0.07564, 0.08364, 0.06849, 0.07452, 33394.37069247
1495584000, 24/05/2017, 00:00:00, 0.07476, 0.08399, 0.07366, 0.0799, 29456.17107824
1495670400, 25/05/2017, 00:00:00, 0.0799, 0.08505, 0.07305, 0.07631, 69884.29871601
1495756800, 26/05/2017, 00:00:00, 0.07632, 0.07694, 0.07, 0.07188, 26549.34522151
1495843200, 27/05/2017, 00:00:00, 0.07183, 0.0771, 0.061, 0.07582, 48955.07285239
1495929600, 28/05/2017, 00:00:00, 0.07598, 0.08076, 0.07515, 0.07855, 17334.5781145
1496016000, 29/05/2017, 00:00:00, 0.0786, 0.08601, 0.07693, 0.0855, 22111.59230641
1496102400, 30/05/2017, 00:00:00, 0.0855, 0.1092, 0.08404, 0.10436, 61156.16886064
1496188800, 31/05/2017, 00:00:00, 0.10457, 0.10784, 0.09436, 0.09959, 37690.57909779
1496275200, 01/06/2017, 00:00:00, 0.09958, 0.0998, 0.088, 0.0913, 32048.73496745
1496361600, 02/06/2017, 00:00:00, 0.09153, 0.09582, 0.089, 0.08931, 11315.17848099
1496448000, 03/06/2017, 00:00:00, 0.08932, 0.0915, 0.08561, 0.08807, 16321.77516141
1496534400, 04/06/2017, 00:00:00, 0.08803, 0.1003, 0.08803, 0.09729, 23147.20619436
1496620800, 05/06/2017, 00:00:00, 0.09722, 0.09778, 0.09174, 0.092, 13931.04753468
1496707200, 06/06/2017, 00:00:00, 0.09181, 0.09449, 0.0865, 0.09201, 20225.79515936
1496793600, 07/06/2017, 00:00:00, 0.09205, 0.095, 0.09171, 0.09474, 13261.77850821
1496880000, 08/06/2017, 00:00:00, 0.09478, 0.09557, 0.09201, 0.09246, 9035.58853258
1496966400, 09/06/2017, 00:00:00, 0.09241, 0.09979, 0.09241, 0.09936, 11828.30790436
1497052800, 10/06/2017, 00:00:00, 0.09936, 0.12241, 0.09823, 0.11667, 36038.61025984
1497139200, 11/06/2017, 00:00:00, 0.11628, 0.12288, 0.10914, 0.11395, 27212.59919656
1497225600, 12/06/2017, 00:00:00, 0.11395, 0.1762, 0.11379, 0.15017, 57337.57691002
1497312000, 13/06/2017, 00:00:00, 0.15017, 0.1518, 0.12401, 0.14316, 27402.11294853
1497398400, 14/06/2017, 00:00:00, 0.14309, 0.14384, 0.1356, 0.14025, 17998.33861506
1497484800, 15/06/2017, 00:00:00, 0.14025, 0.14265, 0.12158, 0.14257, 40354.1756122
1497571200, 16/06/2017, 00:00:00, 0.14257, 0.14483, 0.13687, 0.14266, 14988.86602038
1497657600, 17/06/2017, 00:00:00, 0.14272, 0.1436, 0.13455, 0.1395, 11322.14181216
1497744000, 18/06/2017, 00:00:00, 0.1395, 0.14398, 0.13885, 0.14014, 7652.70221579
1497830400, 19/06/2017, 00:00:00, 0.14015, 0.14165, 0.13746, 0.13833, 10231.78205853
1497916800, 20/06/2017, 00:00:00, 0.13831, 0.14072, 0.1178, 0.12895, 31635.17273646
1498003200, 21/06/2017, 00:00:00, 0.12896, 0.1393, 0.0992, 0.12243, 57339.31541271
1498089600, 22/06/2017, 00:00:00, 0.12247, 0.125, 0.11611, 0.1197, 18168.91266769
1498176000, 23/06/2017, 00:00:00, 0.11949, 0.12499, 0.11188, 0.12103, 14788.12556213
1498262400, 24/06/2017, 00:00:00, 0.12162, 0.12243, 0.11817, 0.1186, 6818.76044123
1498348800, 25/06/2017, 00:00:00, 0.1186, 0.12048, 0.10164, 0.11122, 23134.31397711
1498435200, 26/06/2017, 00:00:00, 0.1113, 0.11467, 0.0912, 0.105, 37556.02811481
1498521600, 27/06/2017, 00:00:00, 0.1046, 0.1149, 0.093, 0.11171, 27216.74661854
1498608000, 28/06/2017, 00:00:00, 0.11173, 0.12491, 0.10512, 0.12353, 18484.13278294
1498694400, 29/06/2017, 00:00:00, 0.12353, 0.12577, 0.1131, 0.11557, 13378.97000035
1498780800, 30/06/2017, 00:00:00, 0.11563, 0.12063, 0.11049, 0.11397, 9616.20473836
1498867200, 01/07/2017, 00:00:00, 0.11397, 0.11406, 0.10532, 0.1083, 8940.47509028
1498953600, 02/07/2017, 00:00:00, 0.10843, 0.11668, 0.10629, 0.11351, 7253.30074844
1499040000, 03/07/2017, 00:00:00, 0.11351, 0.11351, 0.10803, 0.1085, 6270.43899475
1499126400, 04/07/2017, 00:00:00, 0.10851, 0.10932, 0.1031, 0.10325, 14954.64963902
1499212800, 05/07/2017, 00:00:00, 0.10338, 0.10549, 0.0981, 0.10202, 10553.22563038
1499299200, 06/07/2017, 00:00:00, 0.10202, 0.10548, 0.1007, 0.10239, 7645.79185074
1499385600, 07/07/2017, 00:00:00, 0.10225, 0.10292, 0.09544, 0.09641, 19078.69027022
1499472000, 08/07/2017, 00:00:00, 0.09646, 0.09851, 0.09311, 0.09618, 15963.82039652
1499558400, 09/07/2017, 00:00:00, 0.09619, 0.0978, 0.0945, 0.09476, 4489.30586942
1499644800, 10/07/2017, 00:00:00, 0.09485, 0.09557, 0.08071, 0.08717, 21717.71219018
1499731200, 11/07/2017, 00:00:00, 0.08717, 0.09085, 0.07557, 0.08267, 37121.05350558
1499817600, 12/07/2017, 00:00:00, 0.08279, 0.09425, 0.08069, 0.09406, 30262.62223206
1499904000, 13/07/2017, 00:00:00, 0.09406, 0.0944, 0.0833, 0.08778, 16068.42020039
1499990400, 14/07/2017, 00:00:00, 0.08767, 0.08999, 0.08311, 0.08924, 11183.84803974
1500076800, 15/07/2017, 00:00:00, 0.08897, 0.09098, 0.0857, 0.08575, 8179.10266992
1500163200, 16/07/2017, 00:00:00, 0.08565, 0.0859, 0.07316, 0.08122, 42390.77620771
1500249600, 17/07/2017, 00:00:00, 0.08143, 0.0862, 0.08064, 0.08538, 13047.93519862
1500336000, 18/07/2017, 00:00:00, 0.08539, 0.10402, 0.08234, 0.09858, 29542.47110241
1500422400, 19/07/2017, 00:00:00, 0.09856, 0.1025, 0.08334, 0.086, 27197.42394552
1500508800, 20/07/2017, 00:00:00, 0.086, 0.09435, 0.07346, 0.07935, 49850.64851484
1500595200, 21/07/2017, 00:00:00, 0.07935, 0.08706, 0.07828, 0.08138, 32055.61968739
1500681600, 22/07/2017, 00:00:00, 0.08118, 0.08404, 0.07934, 0.08182, 12027.23966644
1500768000, 23/07/2017, 00:00:00, 0.08178, 0.084, 0.08005, 0.08308, 7929.48128611
1500854400, 24/07/2017, 00:00:00, 0.08308, 0.08346, 0.08154, 0.08183, 7031.11802391
1500940800, 25/07/2017, 00:00:00, 0.08183, 0.08196, 0.07654, 0.07941, 18637.58667691
1501027200, 26/07/2017, 00:00:00, 0.07933, 0.08097, 0.07803, 0.08026, 10389.09510106
1501113600, 27/07/2017, 00:00:00, 0.08025, 0.08043, 0.07587, 0.07609, 7998.27192947
1501200000, 28/07/2017, 00:00:00, 0.07627, 0.07627, 0.06641, 0.06849, 35662.12321935
1501286400, 29/07/2017, 00:00:00, 0.06849, 0.07798, 0.06621, 0.07587, 21544.72841521
1501372800, 30/07/2017, 00:00:00, 0.07595, 0.07724, 0.07171, 0.07197, 13959.65900123
1501459200, 31/07/2017, 00:00:00, 0.072, 0.081, 0.068, 0.07039, 16794.14478902
1501545600, 01/08/2017, 00:00:00, 0.07032, 0.08379, 0.07032, 0.08281, 15958.55691928
1501632000, 02/08/2017, 00:00:00, 0.08282, 0.084, 0.07951, 0.0807, 8453.31241714
1501718400, 03/08/2017, 00:00:00, 0.08076, 0.08376, 0.08003, 0.08044, 6461.68208976
1501804800, 04/08/2017, 00:00:00, 0.08046, 0.08167, 0.07619, 0.07727, 9738.54660481
1501891200, 05/08/2017, 00:00:00, 0.07727, 0.07878, 0.07031, 0.0777, 22589.30955096
1501977600, 06/08/2017, 00:00:00, 0.0777, 0.0848, 0.07741, 0.08201, 14644.87658882
1502064000, 07/08/2017, 00:00:00, 0.08201, 0.08238, 0.07874, 0.07953, 12539.20824956
1502150400, 08/08/2017, 00:00:00, 0.07944, 0.08806, 0.0784, 0.08649, 20022.14982255
1502236800, 09/08/2017, 00:00:00, 0.0865, 0.09604, 0.085, 0.08818, 25986.29550228
1502323200, 10/08/2017, 00:00:00, 0.08818, 0.0908, 0.0868, 0.08711, 9573.63639307
1502409600, 11/08/2017, 00:00:00, 0.08711, 0.08837, 0.08254, 0.08479, 20018.98290785
1502496000, 12/08/2017, 00:00:00, 0.08485, 0.08738, 0.07945, 0.07945, 23205.83601047
1502582400, 13/08/2017, 00:00:00, 0.07959, 0.0796, 0.0693, 0.0732, 40161.72212511
1502668800, 14/08/2017, 00:00:00, 0.07308, 0.07647, 0.06852, 0.06903, 26820.28662581
1502755200, 15/08/2017, 00:00:00, 0.0692, 0.07184, 0.06518, 0.06895, 40360.5316432
1502841600, 16/08/2017, 00:00:00, 0.06879, 0.07341, 0.06852, 0.06861, 19871.19488489
1502928000, 17/08/2017, 00:00:00, 0.06861, 0.07107, 0.06803, 0.07017, 15054.61166999
1503014400, 18/08/2017, 00:00:00, 0.07015, 0.073, 0.06948, 0.07127, 17428.72968284
1503100800, 19/08/2017, 00:00:00, 0.07127, 0.07293, 0.0703, 0.07041, 8195.2635458
1503187200, 20/08/2017, 00:00:00, 0.07042, 0.07359, 0.07041, 0.07336, 6235.18838782
1503273600, 21/08/2017, 00:00:00, 0.07347, 0.08659, 0.07238, 0.0802, 36706.55420078
1503360000, 22/08/2017, 00:00:00, 0.08022, 0.0845, 0.0755, 0.0766, 15776.99434213
1503446400, 23/08/2017, 00:00:00, 0.07671, 0.0792, 0.07501, 0.0766, 7206.90725579
1503532800, 24/08/2017, 00:00:00, 0.0766, 0.07905, 0.07414, 0.07517, 7385.8128417
1503619200, 25/08/2017, 00:00:00, 0.07519, 0.07756, 0.07426, 0.07568, 7585.75974705
1503705600, 26/08/2017, 00:00:00, 0.07568, 0.07854, 0.07505, 0.07671, 5545.67472511
1503792000, 27/08/2017, 00:00:00, 0.07674, 0.08185, 0.07643, 0.08043, 7365.28181431
1503878400, 28/08/2017, 00:00:00, 0.08049, 0.0813, 0.0787, 0.07932, 7401.56978693
1503964800, 29/08/2017, 00:00:00, 0.07934, 0.08436, 0.07902, 0.08109, 16519.23290774
1504051200, 30/08/2017, 00:00:00, 0.0811, 0.08499, 0.08043, 0.0836, 12693.14257278
1504137600, 31/08/2017, 00:00:00, 0.08377, 0.08394, 0.08143, 0.08192, 11280.1371225
1504224000, 01/09/2017, 00:00:00, 0.08192, 0.08319, 0.07933, 0.07962, 11523.41017424
1504310400, 02/09/2017, 00:00:00, 0.07962, 0.07963, 0.0731, 0.07628, 14778.89014146
1504396800, 03/09/2017, 00:00:00, 0.07628, 0.07828, 0.07512, 0.07649, 6981.55221157
1504483200, 04/09/2017, 00:00:00, 0.07639, 0.07641, 0.06671, 0.07048, 30988.49024944
1504569600, 05/09/2017, 00:00:00, 0.07049, 0.07252, 0.0666, 0.07219, 15322.18310943
1504656000, 06/09/2017, 00:00:00, 0.07215, 0.07425, 0.07208, 0.07343, 6933.57302954
1504742400, 07/09/2017, 00:00:00, 0.07342, 0.07357, 0.07139, 0.07255, 6163.80259851
1504828800, 08/09/2017, 00:00:00, 0.0725, 0.07254, 0.06907, 0.07083, 16514.85847031
1504915200, 09/09/2017, 00:00:00, 0.07084, 0.07115, 0.06954, 0.07028, 3765.51492039
1505001600, 10/09/2017, 00:00:00, 0.07028, 0.071, 0.06876, 0.07049, 5401.21380518
1505088000, 11/09/2017, 00:00:00, 0.07049, 0.07092, 0.06966, 0.07077, 6360.04864988
1505174400, 12/09/2017, 00:00:00, 0.07076, 0.07243, 0.07001, 0.07072, 7202.79152608
1505260800, 13/09/2017, 00:00:00, 0.07067, 0.07138, 0.068, 0.07136, 11548.99805066
1505347200, 14/09/2017, 00:00:00, 0.07138, 0.07158, 0.06732, 0.06897, 18896.07085899
1505433600, 15/09/2017, 00:00:00, 0.06893, 0.07185, 0.06738, 0.06973, 37015.0472192
1505520000, 16/09/2017, 00:00:00, 0.06981, 0.07016, 0.06821, 0.06869, 12072.33431885
1505606400, 17/09/2017, 00:00:00, 0.06868, 0.0703, 0.06835, 0.07, 7246.15571018
1505692800, 18/09/2017, 00:00:00, 0.06992, 0.07574, 0.06983, 0.07266, 12541.69784794
1505779200, 19/09/2017, 00:00:00, 0.07271, 0.07315, 0.0716, 0.07253, 6714.66824463
1505865600, 20/09/2017, 00:00:00, 0.07253, 0.07335, 0.07213, 0.07312, 4252.57348342
1505952000, 21/09/2017, 00:00:00, 0.07323, 0.07382, 0.0705, 0.07141, 8058.34074471
1506038400, 22/09/2017, 00:00:00, 0.07127, 0.07292, 0.07127, 0.07283, 7920.22245971
1506124800, 23/09/2017, 00:00:00, 0.07281, 0.0756, 0.07203, 0.0756, 7822.97726648
1506211200, 24/09/2017, 00:00:00, 0.0756, 0.07799, 0.07552, 0.07726, 7665.52936106
1506297600, 25/09/2017, 00:00:00, 0.07718, 0.07724, 0.07487, 0.07521, 4819.43831381
1506384000, 26/09/2017, 00:00:00, 0.07521, 0.07524, 0.0737, 0.07432, 4674.17365972
1506470400, 27/09/2017, 00:00:00, 0.07429, 0.07437, 0.07233, 0.07364, 7994.90939643
1506556800, 28/09/2017, 00:00:00, 0.07361, 0.07397, 0.07174, 0.07226, 5845.93963297
1506643200, 29/09/2017, 00:00:00, 0.07226, 0.0723, 0.06931, 0.07024, 8232.8887827
1506729600, 30/09/2017, 00:00:00, 0.07022, 0.07076, 0.0688, 0.06958, 6848.89403245
1506816000, 01/10/2017, 00:00:00, 0.06958, 0.07005, 0.0689, 0.06899, 3729.84793731
1506902400, 02/10/2017, 00:00:00, 0.06896, 0.06896, 0.06707, 0.06763, 9548.53802237
1506988800, 03/10/2017, 00:00:00, 0.06763, 0.06861, 0.06715, 0.06762, 6094.24778105
1507075200, 04/10/2017, 00:00:00, 0.06763, 0.07007, 0.06763, 0.06928, 5556.10885078
1507161600, 05/10/2017, 00:00:00, 0.06928, 0.06954, 0.06782, 0.06833, 4671.24698517
1507248000, 06/10/2017, 00:00:00, 0.06835, 0.0708, 0.06771, 0.07075, 5670.72164027
1507334400, 07/10/2017, 00:00:00, 0.07075, 0.0719, 0.06996, 0.07021, 6305.92335488
1507420800, 08/10/2017, 00:00:00, 0.0702, 0.07045, 0.06679, 0.06709, 6285.31927934
1507507200, 09/10/2017, 00:00:00, 0.06709, 0.06745, 0.05848, 0.06226, 33886.59754264
1507593600, 10/10/2017, 00:00:00, 0.06226, 0.06353, 0.06028, 0.06267, 12901.18341432
1507680000, 11/10/2017, 00:00:00, 0.06267, 0.06362, 0.06148, 0.06283, 7499.05269484
1507766400, 12/10/2017, 00:00:00, 0.06282, 0.06355, 0.05104, 0.0556, 32993.50793874
1507852800, 13/10/2017, 00:00:00, 0.05556, 0.06204, 0.051, 0.05977, 56713.94214969
1507939200, 14/10/2017, 00:00:00, 0.05978, 0.06188, 0.05751, 0.05803, 18626.21327239
1508025600, 15/10/2017, 00:00:00, 0.05802, 0.06042, 0.05718, 0.05913, 12673.81625418
1508112000, 16/10/2017, 00:00:00, 0.05912, 0.06227, 0.05781, 0.05789, 15744.23294049
1508198400, 17/10/2017, 00:00:00, 0.0579, 0.0585, 0.05572, 0.0565, 13291.42856509
1508284800, 18/10/2017, 00:00:00, 0.0565, 0.05762, 0.05546, 0.05628, 12341.64724558
1508371200, 19/10/2017, 00:00:00, 0.05628, 0.05639, 0.05355, 0.05396, 12085.11448676
1508457600, 20/10/2017, 00:00:00, 0.05395, 0.0544, 0.05002, 0.05055, 30654.14231674
1508544000, 21/10/2017, 00:00:00, 0.05057, 0.05088, 0.04725, 0.04983, 44064.34889577
1508630400, 22/10/2017, 00:00:00, 0.04982, 0.05145, 0.04865, 0.04915, 12599.9122941
1508716800, 23/10/2017, 00:00:00, 0.04915, 0.0492, 0.04751, 0.0483, 22322.49217608
1508803200, 24/10/2017, 00:00:00, 0.04831, 0.05571, 0.04831, 0.05383, 44414.85307149
1508889600, 25/10/2017, 00:00:00, 0.05378, 0.05445, 0.05156, 0.05162, 10993.38795672
1508976000, 26/10/2017, 00:00:00, 0.05163, 0.05215, 0.0492, 0.05013, 12835.27331859
1509062400, 27/10/2017, 00:00:00, 0.05014, 0.05186, 0.04968, 0.0514, 9825.1031109
1509148800, 28/10/2017, 00:00:00, 0.05141, 0.05185, 0.05057, 0.05122, 7495.83582472
1509235200, 29/10/2017, 00:00:00, 0.05123, 0.05395, 0.04893, 0.04951, 17403.28129437
1509321600, 30/10/2017, 00:00:00, 0.04947, 0.05083, 0.04933, 0.05002, 8486.44231652
1509408000, 31/10/2017, 00:00:00, 0.05004, 0.05047, 0.04701, 0.04706, 32963.5991489
1509494400, 01/11/2017, 00:00:00, 0.04706, 0.04769, 0.04263, 0.04286, 37831.59110082
1509580800, 02/11/2017, 00:00:00, 0.04276, 0.0432, 0.03772, 0.04052, 97016.22486687
1509667200, 03/11/2017, 00:00:00, 0.04057, 0.04374, 0.03937, 0.04258, 45052.80745046
1509753600, 04/11/2017, 00:00:00, 0.04258, 0.04311, 0.0395, 0.04076, 28892.9664003
1509840000, 05/11/2017, 00:00:00, 0.04068, 0.04099, 0.03868, 0.04, 26666.56171489
1509926400, 06/11/2017, 00:00:00, 0.04001, 0.04349, 0.03951, 0.04266, 36585.69375457
1510012800, 07/11/2017, 00:00:00, 0.04266, 0.04271, 0.04058, 0.041, 28923.84912095
1510099200, 08/11/2017, 00:00:00, 0.041, 0.045, 0.03805, 0.0412, 85618.57979149
1510185600, 09/11/2017, 00:00:00, 0.0412, 0.04652, 0.04119, 0.04482, 54437.76200712
1510272000, 10/11/2017, 00:00:00, 0.04479, 0.04748, 0.0437, 0.0453, 41952.25939797
1510358400, 11/11/2017, 00:00:00, 0.04537, 0.05167, 0.04404, 0.0496, 43915.99285221
1510444800, 12/11/2017, 00:00:00, 0.04962, 0.05472, 0.04667, 0.052, 90992.13272937
1510531200, 13/11/2017, 00:00:00, 0.052, 0.05416, 0.04602, 0.04821, 57452.97676333
1510617600, 14/11/2017, 00:00:00, 0.04822, 0.052, 0.0473, 0.05078, 42394.33597007
1510704000, 15/11/2017, 00:00:00, 0.05079, 0.05079, 0.04487, 0.0455, 36246.86950871
1510790400, 16/11/2017, 00:00:00, 0.04549, 0.04625, 0.04105, 0.04206, 47869.0825574
1510876800, 17/11/2017, 00:00:00, 0.04205, 0.04375, 0.04105, 0.04307, 40480.56543157
1510963200, 18/11/2017, 00:00:00, 0.04307, 0.045, 0.04256, 0.04464, 20423.19951073
1511049600, 19/11/2017, 00:00:00, 0.04463, 0.0485, 0.04287, 0.04409, 51465.11687874
1511136000, 20/11/2017, 00:00:00, 0.04412, 0.04545, 0.04368, 0.04455, 22660.00542513
1511222400, 21/11/2017, 00:00:00, 0.04459, 0.04629, 0.044, 0.04458, 22960.06842746
1511308800, 22/11/2017, 00:00:00, 0.04458, 0.04639, 0.0442, 0.04631, 14214.39103912
1511395200, 23/11/2017, 00:00:00, 0.04631, 0.0523, 0.0458, 0.0508, 57512.60243971
1511481600, 24/11/2017, 00:00:00, 0.0508, 0.05862, 0.04803, 0.05751, 63796.91630852
1511568000, 25/11/2017, 00:00:00, 0.05752, 0.05947, 0.05271, 0.05287, 51991.2352637
1511654400, 26/11/2017, 00:00:00, 0.05291, 0.05396, 0.04766, 0.05049, 69719.39384478
1511740800, 27/11/2017, 00:00:00, 0.05045, 0.05081, 0.04861, 0.04881, 32825.50054314
1511827200, 28/11/2017, 00:00:00, 0.04881, 0.04936, 0.04625, 0.04705, 28874.70204068
1511913600, 29/11/2017, 00:00:00, 0.04704, 0.0478, 0.04312, 0.04385, 92737.65270358
1512000000, 30/11/2017, 00:00:00, 0.04386, 0.04455, 0.04258, 0.04366, 43248.38880476
1512086400, 01/12/2017, 00:00:00, 0.04373, 0.04444, 0.0423, 0.04263, 37447.77886419
1512172800, 02/12/2017, 00:00:00, 0.04264, 0.04341, 0.04162, 0.042, 19779.90145271
1512259200, 03/12/2017, 00:00:00, 0.04201, 0.04219, 0.04034, 0.04115, 23283.49285985
1512345600, 04/12/2017, 00:00:00, 0.04115, 0.04122, 0.04, 0.04021, 12502.62765966
1512432000, 05/12/2017, 00:00:00, 0.0402, 0.04032, 0.03856, 0.03896, 18100.69299301
1512518400, 06/12/2017, 00:00:00, 0.03896, 0.03896, 0.02957, 0.03053, 86153.28338924
1512604800, 07/12/2017, 00:00:00, 0.03057, 0.03267, 0.0231, 0.02492, 165753.8038643
1512691200, 08/12/2017, 00:00:00, 0.02485, 0.0327, 0.024, 0.0281, 156140.60224403
1512777600, 09/12/2017, 00:00:00, 0.02809, 0.03549, 0.02797, 0.03176, 126301.99223535
1512864000, 10/12/2017, 00:00:00, 0.03176, 0.03295, 0.028, 0.02903, 76382.80105614
1512950400, 11/12/2017, 00:00:00, 0.02908, 0.031, 0.027, 0.03073, 76390.44761722
1513036800, 12/12/2017, 00:00:00, 0.03073, 0.04161, 0.02941, 0.03899, 202460.49759477
1513123200, 13/12/2017, 00:00:00, 0.0388, 0.04495, 0.036, 0.04278, 125715.07361081
1513209600, 14/12/2017, 00:00:00, 0.04277, 0.0452, 0.03987, 0.042, 75496.51828922
1513296000, 15/12/2017, 00:00:00, 0.042, 0.04211, 0.03472, 0.03893, 101054.89284213
1513382400, 16/12/2017, 00:00:00, 0.03893, 0.04103, 0.0349, 0.03591, 72796.72459979
1513468800, 17/12/2017, 00:00:00, 0.03591, 0.03919, 0.03591, 0.03764, 51150.43495772
1513555200, 18/12/2017, 00:00:00, 0.03765, 0.0428, 0.03737, 0.04133, 61547.08128148
1513641600, 19/12/2017, 00:00:00, 0.04134, 0.04749, 0.041, 0.04632, 82398.26949828
1513728000, 20/12/2017, 00:00:00, 0.04633, 0.0497, 0.04517, 0.0486, 63857.54484354
1513814400, 21/12/2017, 00:00:00, 0.0486, 0.0513, 0.04763, 0.05048, 42068.60547641
1513900800, 22/12/2017, 00:00:00, 0.05048, 0.05188, 0.04444, 0.04768, 109365.80783099
1513987200, 23/12/2017, 00:00:00, 0.04768, 0.0489, 0.04753, 0.04841, 29933.53107033
1514073600, 24/12/2017, 00:00:00, 0.04842, 0.04915, 0.04778, 0.04879, 28182.85906047
1514160000, 25/12/2017, 00:00:00, 0.04879, 0.05272, 0.04879, 0.05222, 27370.59376618
1514246400, 26/12/2017, 00:00:00, 0.05222, 0.0534, 0.04624, 0.04786, 31816.91362687
1514332800, 27/12/2017, 00:00:00, 0.04786, 0.04888, 0.04622, 0.04804, 23136.97526344
1514419200, 28/12/2017, 00:00:00, 0.04803, 0.0505, 0.04769, 0.04991, 27481.17367155
1514505600, 29/12/2017, 00:00:00, 0.04991, 0.05174, 0.049, 0.05114, 21959.56859133
1514592000, 30/12/2017, 00:00:00, 0.05114, 0.0556, 0.05022, 0.05523, 33082.13703919
1514678400, 31/12/2017, 00:00:00, 0.05523, 0.0555, 0.0525, 0.05343, 23014.40461649
1514764800, 01/01/2018, 00:00:00, 0.05345, 0.05699, 0.05326, 0.05621, 21825.4969083
1514851200, 02/01/2018, 00:00:00, 0.05621, 0.0745, 0.0535, 0.05839, 80841.11317004
1514937600, 03/01/2018, 00:00:00, 0.0584, 0.06377, 0.05653, 0.06187, 34622.63665133
1515024000, 04/01/2018, 00:00:00, 0.06188, 0.06839, 0.0599, 0.06245, 44368.02330242
1515110400, 05/01/2018, 00:00:00, 0.06245, 0.06803, 0.05506, 0.05699, 60531.85305766
1515196800, 06/01/2018, 00:00:00, 0.057, 0.06155, 0.0562, 0.05876, 25818.23096414
1515283200, 07/01/2018, 00:00:00, 0.05876, 0.06885, 0.05875, 0.06874, 34066.68065793
1515369600, 08/01/2018, 00:00:00, 0.06875, 0.0786, 0.06874, 0.07579, 58521.19936325
1515456000, 09/01/2018, 00:00:00, 0.07578, 0.091, 0.07578, 0.08892, 45813.01925184
1515542400, 10/01/2018, 00:00:00, 0.08892, 0.097, 0.08251, 0.08365, 58183.16598524
1515628800, 11/01/2018, 00:00:00, 0.08365, 0.09145, 0.08365, 0.08572, 32189.01980285
1515715200, 12/01/2018, 00:00:00, 0.08572, 0.09269, 0.0846, 0.09132, 15213.59538049
1515801600, 13/01/2018, 00:00:00, 0.09132, 0.09989, 0.08943, 0.09756, 21223.00828024
1515888000, 14/01/2018, 00:00:00, 0.09757, 0.0997, 0.09531, 0.09967, 15287.16548064
1515974400, 15/01/2018, 00:00:00, 0.09967, 0.10089, 0.09111, 0.09415, 16972.85094749
1516060800, 16/01/2018, 00:00:00, 0.09415, 0.09585, 0.085, 0.09207, 49009.76065772
1516147200, 17/01/2018, 00:00:00, 0.09251, 0.0948, 0.08282, 0.0915, 54756.04823198
1516233600, 18/01/2018, 00:00:00, 0.09156, 0.092, 0.0883, 0.09052, 19930.21283262
1516320000, 19/01/2018, 00:00:00, 0.09051, 0.09165, 0.08987, 0.09013, 10292.82848113
1516406400, 20/01/2018, 00:00:00, 0.09012, 0.091, 0.08809, 0.09027, 10321.23428093
1516492800, 21/01/2018, 00:00:00, 0.09027, 0.09248, 0.08956, 0.09104, 9145.57302462
1516579200, 22/01/2018, 00:00:00, 0.09104, 0.09299, 0.09075, 0.09244, 11862.97352815
1516665600, 23/01/2018, 00:00:00, 0.09244, 0.0925, 0.08904, 0.09087, 13127.03356836
1516752000, 24/01/2018, 00:00:00, 0.09087, 0.09401, 0.09036, 0.09305, 10136.17557417
1516838400, 25/01/2018, 00:00:00, 0.09309, 0.095, 0.09299, 0.09381, 13545.41429688
1516924800, 26/01/2018, 00:00:00, 0.09381, 0.09696, 0.09201, 0.09458, 14222.07560575
1517011200, 27/01/2018, 00:00:00, 0.09458, 0.0976, 0.09409, 0.09713, 10096.77820822
1517097600, 28/01/2018, 00:00:00, 0.09713, 0.1055, 0.09674, 0.10531, 23017.13033691
1517184000, 29/01/2018, 00:00:00, 0.1053, 0.1055, 0.10303, 0.10454, 12992.90035193
1517270400, 30/01/2018, 00:00:00, 0.10454, 0.10788, 0.1028, 0.1056, 19885.12351705
1517356800, 31/01/2018, 00:00:00, 0.10561, 0.11069, 0.10511, 0.10934, 16932.27656324
1517443200, 01/02/2018, 00:00:00, 0.10933, 0.12285, 0.1093, 0.11324, 42933.49522305
1517529600, 02/02/2018, 00:00:00, 0.11323, 0.11329, 0.097, 0.10361, 45713.19420821
1517616000, 03/02/2018, 00:00:00, 0.10361, 0.1075, 0.1033, 0.10547, 11530.05037975
1517702400, 04/02/2018, 00:00:00, 0.10548, 0.10591, 0.0994, 0.10124, 18741.55061091
1517788800, 05/02/2018, 00:00:00, 0.10113, 0.10321, 0.09464, 0.1007, 31767.79224055
1517875200, 06/02/2018, 00:00:00, 0.10052, 0.10249, 0.09412, 0.10209, 39940.06006279
1517961600, 07/02/2018, 00:00:00, 0.1021, 0.10233, 0.09862, 0.09898, 20137.28592975
1518048000, 08/02/2018, 00:00:00, 0.0992, 0.10114, 0.096, 0.09875, 14931.43092258
1518134400, 09/02/2018, 00:00:00, 0.09874, 0.1015, 0.09874, 0.10096, 12131.10016766
1518220800, 10/02/2018, 00:00:00, 0.10099, 0.10136, 0.09943, 0.0997, 8288.09473661
1518307200, 11/02/2018, 00:00:00, 0.09971, 0.10085, 0.09954, 0.10046, 4448.08190224
1518393600, 12/02/2018, 00:00:00, 0.10046, 0.10046, 0.09704, 0.09736, 7297.13641219
1518480000, 13/02/2018, 00:00:00, 0.09736, 0.09856, 0.097, 0.09849, 5592.22436958
1518566400, 14/02/2018, 00:00:00, 0.0985, 0.09869, 0.09583, 0.09732, 18783.005738
1518652800, 15/02/2018, 00:00:00, 0.09732, 0.09746, 0.09145, 0.09247, 18072.22184613
1518739200, 16/02/2018, 00:00:00, 0.09247, 0.09429, 0.09145, 0.09216, 7521.31384697
1518825600, 17/02/2018, 00:00:00, 0.09216, 0.09289, 0.0877, 0.08789, 10596.99505535
1518912000, 18/02/2018, 00:00:00, 0.08789, 0.08928, 0.08603, 0.08788, 6867.75346507
1518998400, 19/02/2018, 00:00:00, 0.08787, 0.08856, 0.0838, 0.08412, 6050.77189854
1519084800, 20/02/2018, 00:00:00, 0.08413, 0.08413, 0.07728, 0.07876, 15812.32473178
1519171200, 21/02/2018, 00:00:00, 0.07877, 0.0815, 0.07782, 0.08027, 10652.99388355
1519257600, 22/02/2018, 00:00:00, 0.08028, 0.08199, 0.07953, 0.08184, 7620.46317576
1519344000, 23/02/2018, 00:00:00, 0.08191, 0.086, 0.0817, 0.08437, 10489.59148008
1519430400, 24/02/2018, 00:00:00, 0.08416, 0.08643, 0.0831, 0.08601, 5759.80821757
1519516800, 25/02/2018, 00:00:00, 0.08601, 0.08874, 0.08599, 0.08776, 4820.00493393
1519603200, 26/02/2018, 00:00:00, 0.08776, 0.0892, 0.08356, 0.084, 6187.16705795
1519689600, 27/02/2018, 00:00:00, 0.084, 0.08582, 0.08165, 0.08232, 5572.06221781
1519776000, 28/02/2018, 00:00:00, 0.08232, 0.083, 0.08011, 0.08244, 4058.32066997
1519862400, 01/03/2018, 00:00:00, 0.08245, 0.08279, 0.07904, 0.07964, 4317.43951025
1519948800, 02/03/2018, 00:00:00, 0.07967, 0.0797, 0.0774, 0.07762, 4777.05455801
1520035200, 03/03/2018, 00:00:00, 0.07761, 0.07763, 0.0745, 0.07451, 5798.56392669
1520121600, 04/03/2018, 00:00:00, 0.07458, 0.07753, 0.0745, 0.07505, 4091.07817057
1520208000, 05/03/2018, 00:00:00, 0.07512, 0.07557, 0.07328, 0.07389, 4196.94767432
1520294400, 06/03/2018, 00:00:00, 0.07389, 0.07644, 0.07389, 0.07602, 4046.07699251
1520380800, 07/03/2018, 00:00:00, 0.07603, 0.07685, 0.0737, 0.0758, 8285.77881455
1520467200, 08/03/2018, 00:00:00, 0.0758, 0.07707, 0.07414, 0.075, 7402.0005285
1520553600, 09/03/2018, 00:00:00, 0.07499, 0.07873, 0.07449, 0.0786, 13796.05983491
1520640000, 10/03/2018, 00:00:00, 0.07859, 0.08, 0.0773, 0.07779, 7529.24444816
1520726400, 11/03/2018, 00:00:00, 0.07779, 0.07948, 0.0747, 0.07549, 6028.54407245
1520812800, 12/03/2018, 00:00:00, 0.07549, 0.07701, 0.07431, 0.07642, 7085.00658627
1520899200, 13/03/2018, 00:00:00, 0.07642, 0.07709, 0.0748, 0.07543, 6829.30820611
1520985600, 14/03/2018, 00:00:00, 0.07542, 0.07625, 0.07341, 0.07465, 5870.93308218
1521072000, 15/03/2018, 00:00:00, 0.07465, 0.07548, 0.07308, 0.07391, 6003.93428022
1521158400, 16/03/2018, 00:00:00, 0.07391, 0.07457, 0.07161, 0.07247, 3736.04417234
1521244800, 17/03/2018, 00:00:00, 0.07247, 0.07343, 0.06987, 0.07, 4754.48776645
1521331200, 18/03/2018, 00:00:00, 0.07, 0.07001, 0.06205, 0.06563, 24182.50497067
1521417600, 19/03/2018, 00:00:00, 0.06563, 0.06667, 0.06339, 0.06454, 10416.63161184
1521504000, 20/03/2018, 00:00:00, 0.06456, 0.06487, 0.062, 0.06262, 10116.15506992
1521590400, 21/03/2018, 00:00:00, 0.06261, 0.06478, 0.06208, 0.06285, 7221.6073735
1521676800, 22/03/2018, 00:00:00, 0.06285, 0.0635, 0.06104, 0.06189, 4720.36747936
1521763200, 23/03/2018, 00:00:00, 0.06195, 0.0621, 0.0608, 0.06098, 8229.03097322
1521849600, 24/03/2018, 00:00:00, 0.06095, 0.06114, 0.0602, 0.06091, 8526.73181495
1521936000, 25/03/2018, 00:00:00, 0.06099, 0.06236, 0.06071, 0.06193, 3836.15012807
1522022400, 26/03/2018, 00:00:00, 0.06193, 0.062, 0.05934, 0.05983, 5483.45724934
1522108800, 27/03/2018, 00:00:00, 0.05984, 0.06008, 0.0566, 0.05749, 7514.02839094
1522195200, 28/03/2018, 00:00:00, 0.05749, 0.05783, 0.0561, 0.0561, 4181.37225575
1522281600, 29/03/2018, 00:00:00, 0.0561, 0.05641, 0.054, 0.05424, 10363.30530404
1522368000, 30/03/2018, 00:00:00, 0.05424, 0.05749, 0.05423, 0.05749, 11450.00533029
1522454400, 31/03/2018, 00:00:00, 0.05749, 0.05913, 0.0564, 0.05689, 9292.90753011
1522540800, 01/04/2018, 00:00:00, 0.05688, 0.05695, 0.05512, 0.05542, 5731.9399057
1522627200, 02/04/2018, 00:00:00, 0.05542, 0.0557, 0.05434, 0.05449, 4548.12620076
1522713600, 03/04/2018, 00:00:00, 0.05448, 0.05604, 0.05388, 0.05604, 6421.5728028
1522800000, 04/04/2018, 00:00:00, 0.05604, 0.0562, 0.05365, 0.05574, 6781.16947705
1522886400, 05/04/2018, 00:00:00, 0.05574, 0.05636, 0.05534, 0.05621, 3663.02344366
1522972800, 06/04/2018, 00:00:00, 0.05622, 0.05634, 0.05542, 0.05592, 3825.03223669
1523059200, 07/04/2018, 00:00:00, 0.05591, 0.05607, 0.05512, 0.05579, 2414.97917908
1523145600, 08/04/2018, 00:00:00, 0.0558, 0.05718, 0.05554, 0.05702, 4738.86408545
1523232000, 09/04/2018, 00:00:00, 0.05702, 0.06017, 0.05702, 0.05884, 9007.79991718
1523318400, 10/04/2018, 00:00:00, 0.05882, 0.0608, 0.05851, 0.06076, 4298.55749767
1523404800, 11/04/2018, 00:00:00, 0.06076, 0.06219, 0.0603, 0.06201, 10564.23347351
1523491200, 12/04/2018, 00:00:00, 0.062, 0.06295, 0.05857, 0.06235, 18657.18178918
1523577600, 13/04/2018, 00:00:00, 0.06235, 0.06461, 0.06185, 0.06268, 13435.4779431
1523664000, 14/04/2018, 00:00:00, 0.06268, 0.0635, 0.06171, 0.06277, 4860.00330339
1523750400, 15/04/2018, 00:00:00, 0.06278, 0.06392, 0.0624, 0.0639, 5698.51783916
1523836800, 16/04/2018, 00:00:00, 0.06389, 0.06395, 0.06288, 0.06344, 6326.36118319
1523923200, 17/04/2018, 00:00:00, 0.06345, 0.06403, 0.06289, 0.06368, 5243.530912
1524009600, 18/04/2018, 00:00:00, 0.06368, 0.06445, 0.06315, 0.06438, 6262.6374754
1524096000, 19/04/2018, 00:00:00, 0.06438, 0.0689, 0.06426, 0.0686, 9639.11856958
1524182400, 20/04/2018, 00:00:00, 0.06859, 0.07115, 0.0675, 0.06965, 14517.54698202
1524268800, 21/04/2018, 00:00:00, 0.06967, 0.06982, 0.06666, 0.06789, 5965.43236939
1524355200, 22/04/2018, 00:00:00, 0.06789, 0.07215, 0.06708, 0.07061, 7231.25963918
1524441600, 23/04/2018, 00:00:00, 0.07061, 0.0725, 0.07049, 0.07202, 7113.97762101
1524528000, 24/04/2018, 00:00:00, 0.07203, 0.07565, 0.07168, 0.0728, 14987.82730632
1524614400, 25/04/2018, 00:00:00, 0.0728, 0.07299, 0.0665, 0.0696, 30179.56202266
1524700800, 26/04/2018, 00:00:00, 0.0696, 0.07178, 0.06889, 0.07137, 9593.02741128
1524787200, 27/04/2018, 00:00:00, 0.07131, 0.0735, 0.07074, 0.072, 9490.46306544
1524873600, 28/04/2018, 00:00:00, 0.07199, 0.07383, 0.07199, 0.07307, 7102.21242694
1524960000, 29/04/2018, 00:00:00, 0.0731, 0.07348, 0.07236, 0.0733, 5636.02519044
1525046400, 30/04/2018, 00:00:00, 0.0733, 0.07491, 0.07215, 0.07249, 9724.37199676
1525132800, 01/05/2018, 00:00:00, 0.07249, 0.07448, 0.07041, 0.07403, 15098.51282167
1525219200, 02/05/2018, 00:00:00, 0.07402, 0.07515, 0.07375, 0.07447, 9640.2607856
1525305600, 03/05/2018, 00:00:00, 0.07447, 0.0808, 0.07447, 0.07986, 24752.41865409
1525392000, 04/05/2018, 00:00:00, 0.07986, 0.08295, 0.07927, 0.08084, 19431.559068
1525478400, 05/05/2018, 00:00:00, 0.08084, 0.0831, 0.0806, 0.083, 15775.1402012
1525564800, 06/05/2018, 00:00:00, 0.08305, 0.08438, 0.07985, 0.08196, 20727.09288751
1525651200, 07/05/2018, 00:00:00, 0.08195, 0.0824, 0.0752, 0.08039, 29680.86969303
1525737600, 08/05/2018, 00:00:00, 0.08035, 0.08204, 0.0791, 0.08151, 8918.82812324
1525824000, 09/05/2018, 00:00:00, 0.0815, 0.08164, 0.07915, 0.08052, 7489.88351485
1525910400, 10/05/2018, 00:00:00, 0.08068, 0.08186, 0.08013, 0.08029, 8789.44666009
1525996800, 11/05/2018, 00:00:00, 0.08023, 0.08224, 0.07833, 0.08065, 16466.73220325
1526083200, 12/05/2018, 00:00:00, 0.08065, 0.08109, 0.07752, 0.08069, 10085.95491618
1526169600, 13/05/2018, 00:00:00, 0.08074, 0.08509, 0.08001, 0.08399, 9743.81605045
1526256000, 14/05/2018, 00:00:00, 0.08399, 0.08464, 0.08241, 0.08389, 11206.87327708
1526342400, 15/05/2018, 00:00:00, 0.0839, 0.08484, 0.08243, 0.08334, 5986.45687112
1526428800, 16/05/2018, 00:00:00, 0.08334, 0.08468, 0.0828, 0.08468, 7205.87735141
1526515200, 17/05/2018, 00:00:00, 0.08468, 0.08528, 0.08268, 0.08294, 6026.55155142
1526601600, 18/05/2018, 00:00:00, 0.08294, 0.08424, 0.08277, 0.08418, 5921.06040764
1526688000, 19/05/2018, 00:00:00, 0.08419, 0.08581, 0.0835, 0.08454, 4212.50359922
1526774400, 20/05/2018, 00:00:00, 0.08454, 0.08568, 0.08388, 0.08391, 3535.05868781
1526860800, 21/05/2018, 00:00:00, 0.08394, 0.08421, 0.0821, 0.08313, 6402.95213226
1526947200, 22/05/2018, 00:00:00, 0.08312, 0.0836, 0.0801, 0.08027, 9623.41339878
1527033600, 23/05/2018, 00:00:00, 0.08026, 0.08098, 0.07565, 0.077, 17654.29568209
1527120000, 24/05/2018, 00:00:00, 0.07689, 0.0794, 0.075, 0.0794, 12723.41398501
1527206400, 25/05/2018, 00:00:00, 0.0794, 0.08079, 0.07722, 0.07832, 9905.69281682
1527292800, 26/05/2018, 00:00:00, 0.07831, 0.08009, 0.07715, 0.07983, 3703.05680683
1527379200, 27/05/2018, 00:00:00, 0.07983, 0.0803, 0.0765, 0.07764, 4100.05386444
1527465600, 28/05/2018, 00:00:00, 0.07764, 0.0779, 0.07141, 0.07213, 16816.49684419
1527552000, 29/05/2018, 00:00:00, 0.07214, 0.0764, 0.07212, 0.0757, 9992.38666502
1527638400, 30/05/2018, 00:00:00, 0.07576, 0.0774, 0.07422, 0.0756, 8254.5734243
1527724800, 31/05/2018, 00:00:00, 0.07557, 0.07745, 0.07525, 0.07712, 6845.95709259
1527811200, 01/06/2018, 00:00:00, 0.07713, 0.07782, 0.07517, 0.07705, 8640.17365312
1527897600, 02/06/2018, 00:00:00, 0.07705, 0.0781, 0.07625, 0.07745, 8250.01923165
1527984000, 03/06/2018, 00:00:00, 0.07744, 0.08086, 0.07742, 0.08025, 5524.41096434
1528070400, 04/06/2018, 00:00:00, 0.08026, 0.08075, 0.07773, 0.0789, 4875.66665031
1528156800, 05/06/2018, 00:00:00, 0.07892, 0.08047, 0.07801, 0.07981, 10319.72933848
1528243200, 06/06/2018, 00:00:00, 0.0798, 0.08, 0.07886, 0.07919, 9231.65495019
1528329600, 07/06/2018, 00:00:00, 0.0792, 0.0796, 0.07801, 0.0786, 10586.39298211
1528416000, 08/06/2018, 00:00:00, 0.0786, 0.07922, 0.07809, 0.07871, 4747.34623626
1528502400, 09/06/2018, 00:00:00, 0.07871, 0.0793, 0.07858, 0.07916, 2563.83578304
1528588800, 10/06/2018, 00:00:00, 0.07915, 0.07952, 0.07554, 0.07752, 12168.2465762
1528675200, 11/06/2018, 00:00:00, 0.07748, 0.07887, 0.07622, 0.07727, 7858.63070487
1528761600, 12/06/2018, 00:00:00, 0.07725, 0.0784, 0.07443, 0.07553, 7743.69355152
1528848000, 13/06/2018, 00:00:00, 0.07552, 0.07635, 0.07225, 0.07558, 9899.17647432
1528934400, 14/06/2018, 00:00:00, 0.07558, 0.07913, 0.0728, 0.0783, 22671.81933086
1529020800, 15/06/2018, 00:00:00, 0.0783, 0.07845, 0.07453, 0.07633, 8336.75421158
1529107200, 16/06/2018, 00:00:00, 0.07633, 0.07733, 0.07585, 0.07662, 2407.01089606
1529193600, 17/06/2018, 00:00:00, 0.07662, 0.07752, 0.07647, 0.077, 2232.24897158
1529280000, 18/06/2018, 00:00:00, 0.077, 0.07765, 0.0763, 0.07715, 5193.05494556
1529366400, 19/06/2018, 00:00:00, 0.07716, 0.08023, 0.07695, 0.07978, 6369.89473758
1529452800, 20/06/2018, 00:00:00, 0.07977, 0.0799, 0.07847, 0.07931, 5203.07517477
1529539200, 21/06/2018, 00:00:00, 0.07935, 0.08028, 0.07787, 0.07825, 3837.811292
1529625600, 22/06/2018, 00:00:00, 0.07826, 0.07826, 0.07496, 0.07639, 9644.28016966
1529712000, 23/06/2018, 00:00:00, 0.07642, 0.0775, 0.07572, 0.07703, 3459.69025227
1529798400, 24/06/2018, 00:00:00, 0.07703, 0.07722, 0.07262, 0.07403, 11196.13805449
1529884800, 25/06/2018, 00:00:00, 0.07397, 0.07554, 0.07281, 0.0734, 5876.6174608
1529971200, 26/06/2018, 00:00:00, 0.0734, 0.07361, 0.07073, 0.07073, 6973.59548904
1530057600, 27/06/2018, 00:00:00, 0.07075, 0.07217, 0.06994, 0.07186, 7143.72206697
1530144000, 28/06/2018, 00:00:00, 0.07187, 0.07215, 0.07072, 0.07178, 4322.43077168
1530230400, 29/06/2018, 00:00:00, 0.07179, 0.07199, 0.06915, 0.07018, 7564.07282033
1530316800, 30/06/2018, 00:00:00, 0.07011, 0.07175, 0.06989, 0.07101, 3525.88201448
1530403200, 01/07/2018, 00:00:00, 0.071, 0.0714, 0.07051, 0.0711, 2733.17390531
1530489600, 02/07/2018, 00:00:00, 0.0711, 0.07239, 0.07056, 0.07194, 7521.30827726
1530576000, 03/07/2018, 00:00:00, 0.07194, 0.07295, 0.0706, 0.07096, 5062.71849709
1530662400, 04/07/2018, 00:00:00, 0.07095, 0.07197, 0.0703, 0.07088, 5838.88025294
1530748800, 05/07/2018, 00:00:00, 0.07089, 0.07171, 0.07076, 0.07161, 3108.31948582
1530835200, 06/07/2018, 00:00:00, 0.07161, 0.07181, 0.07002, 0.07103, 4104.94096562
1530921600, 07/07/2018, 00:00:00, 0.07104, 0.07166, 0.07001, 0.07166, 2446.94608365
1531008000, 08/07/2018, 00:00:00, 0.07166, 0.07305, 0.07159, 0.07252, 2218.80548999
1531094400, 09/07/2018, 00:00:00, 0.07253, 0.07262, 0.07062, 0.07071, 3247.72277425
1531180800, 10/07/2018, 00:00:00, 0.07075, 0.07094, 0.06752, 0.06868, 6657.44443299
1531267200, 11/07/2018, 00:00:00, 0.06865, 0.0701, 0.06763, 0.0698, 5731.11785751
1531353600, 12/07/2018, 00:00:00, 0.06983, 0.07022, 0.06862, 0.06891, 2603.61872579
1531440000, 13/07/2018, 00:00:00, 0.06891, 0.07047, 0.06891, 0.06948, 2294.65991661
1531526400, 14/07/2018, 00:00:00, 0.0695, 0.06998, 0.06921, 0.06929, 1107.44696495
1531612800, 15/07/2018, 00:00:00, 0.06929, 0.07118, 0.06915, 0.07073, 2319.73990324
1531699200, 16/07/2018, 00:00:00, 0.07075, 0.07197, 0.07018, 0.07119, 6435.6245383
1531785600, 17/07/2018, 00:00:00, 0.07118, 0.07133, 0.06784, 0.06825, 9505.99438253
1531872000, 18/07/2018, 00:00:00, 0.06821, 0.06863, 0.06454, 0.06493, 10180.40078832
1531958400, 19/07/2018, 00:00:00, 0.06489, 0.0651, 0.06252, 0.06268, 6019.3231408
1532044800, 20/07/2018, 00:00:00, 0.06268, 0.0627, 0.0603, 0.06117, 9920.51677923
1532131200, 21/07/2018, 00:00:00, 0.06122, 0.0632, 0.06096, 0.06226, 3738.03026851
1532217600, 22/07/2018, 00:00:00, 0.06226, 0.0628, 0.06146, 0.06182, 3819.36047843
1532304000, 23/07/2018, 00:00:00, 0.06182, 0.06182, 0.05801, 0.05822, 15241.99524632
1532390400, 24/07/2018, 00:00:00, 0.05822, 0.05942, 0.05637, 0.05701, 12753.01360121
1532476800, 25/07/2018, 00:00:00, 0.05705, 0.05819, 0.05678, 0.0577, 4513.44446033
1532563200, 26/07/2018, 00:00:00, 0.05772, 0.05884, 0.05762, 0.0583, 5499.35023831
1532649600, 27/07/2018, 00:00:00, 0.0583, 0.05888, 0.05671, 0.05746, 4593.82014805
1532736000, 28/07/2018, 00:00:00, 0.05745, 0.05747, 0.05672, 0.05699, 3682.03641698
1532822400, 29/07/2018, 00:00:00, 0.057, 0.05704, 0.05655, 0.05677, 1963.65529966
1532908800, 30/07/2018, 00:00:00, 0.05677, 0.057, 0.05553, 0.0559, 5367.71619007
1532995200, 31/07/2018, 00:00:00, 0.05587, 0.0562, 0.05439, 0.05585, 6938.31746538
1533081600, 01/08/2018, 00:00:00, 0.05588, 0.05639, 0.05452, 0.05524, 5669.63676477
1533168000, 02/08/2018, 00:00:00, 0.05524, 0.05553, 0.05412, 0.05451, 3177.14897492
1533254400, 03/08/2018, 00:00:00, 0.05451, 0.05644, 0.05441, 0.0563, 10063.29903573
1533340800, 04/08/2018, 00:00:00, 0.0563, 0.05855, 0.05585, 0.058, 5580.77234278
1533427200, 05/08/2018, 00:00:00, 0.058, 0.05882, 0.05772, 0.05814, 4552.92136773
1533513600, 06/08/2018, 00:00:00, 0.05814, 0.05869, 0.05762, 0.05833, 2665.84945815
1533600000, 07/08/2018, 00:00:00, 0.05835, 0.0584, 0.05522, 0.05619, 9280.57076479
1533686400, 08/08/2018, 00:00:00, 0.05626, 0.0575, 0.05551, 0.05653, 7953.55708392
1533772800, 09/08/2018, 00:00:00, 0.05655, 0.05708, 0.05543, 0.05563, 5295.86287616
1533859200, 10/08/2018, 00:00:00, 0.05563, 0.0565, 0.0535, 0.05396, 10765.89905995
1533945600, 11/08/2018, 00:00:00, 0.05396, 0.05408, 0.04969, 0.05107, 14095.45037422
1534032000, 12/08/2018, 00:00:00, 0.051, 0.05166, 0.05022, 0.0503, 5529.68837367
1534118400, 13/08/2018, 00:00:00, 0.05033, 0.05048, 0.0452, 0.04538, 23802.30242573
1534204800, 14/08/2018, 00:00:00, 0.04538, 0.04552, 0.042, 0.04495, 27622.59567905
1534291200, 15/08/2018, 00:00:00, 0.04495, 0.04634, 0.04424, 0.04486, 17245.88671056
1534377600, 16/08/2018, 00:00:00, 0.04484, 0.04641, 0.04459, 0.04545, 5914.05199553
1534464000, 17/08/2018, 00:00:00, 0.04545, 0.0484, 0.04536, 0.04823, 7718.01556736
1534550400, 18/08/2018, 00:00:00, 0.04823, 0.04901, 0.04489, 0.04611, 15932.52612842
1534636800, 19/08/2018, 00:00:00, 0.04611, 0.04742, 0.04548, 0.04618, 4327.1521425
1534723200, 20/08/2018, 00:00:00, 0.04618, 0.04655, 0.04287, 0.04329, 5887.18218981
1534809600, 21/08/2018, 00:00:00, 0.04325, 0.04407, 0.04251, 0.04337, 2239.00297609
1534896000, 22/08/2018, 00:00:00, 0.04337, 0.04375, 0.0415, 0.0425, 9159.25124843
1534982400, 23/08/2018, 00:00:00, 0.04251, 0.04323, 0.04201, 0.04226, 3341.6192647
1535068800, 24/08/2018, 00:00:00, 0.04227, 0.04239, 0.04164, 0.04204, 3735.14052772
1535155200, 25/08/2018, 00:00:00, 0.04203, 0.04203, 0.04103, 0.0412, 3016.17628906
1535241600, 26/08/2018, 00:00:00, 0.04121, 0.04121, 0.04069, 0.04087, 3281.98702097
1535328000, 27/08/2018, 00:00:00, 0.04087, 0.04165, 0.04068, 0.0416, 5083.31341264
1535414400, 28/08/2018, 00:00:00, 0.04165, 0.0419, 0.04076, 0.04179, 7237.60051521
1535500800, 29/08/2018, 00:00:00, 0.04179, 0.0419, 0.04082, 0.041, 2892.24168009
1535587200, 30/08/2018, 00:00:00, 0.04099, 0.04132, 0.04, 0.04066, 7142.14487823
1535673600, 31/08/2018, 00:00:00, 0.04069, 0.04076, 0.03977, 0.04014, 3479.44648027
1535760000, 01/09/2018, 00:00:00, 0.04015, 0.0417, 0.04015, 0.04101, 5503.15720797
1535846400, 02/09/2018, 00:00:00, 0.04101, 0.04139, 0.04011, 0.04043, 3473.04778884
1535932800, 03/09/2018, 00:00:00, 0.04043, 0.04049, 0.03952, 0.03977, 7825.51558255
1536019200, 04/09/2018, 00:00:00, 0.03978, 0.03991, 0.03831, 0.03877, 9537.50480688
1536105600, 05/09/2018, 00:00:00, 0.03877, 0.03892, 0.03392, 0.0341, 27434.14353335
1536192000, 06/09/2018, 00:00:00, 0.03408, 0.03582, 0.03333, 0.03524, 19491.55495732
1536278400, 07/09/2018, 00:00:00, 0.03525, 0.03592, 0.03306, 0.03361, 11844.7972805
1536364800, 08/09/2018, 00:00:00, 0.03361, 0.03404, 0.03096, 0.0318, 16950.4822099
1536451200, 09/09/2018, 00:00:00, 0.0318, 0.03243, 0.0301, 0.03139, 13273.94732352
1536537600, 10/09/2018, 00:00:00, 0.03139, 0.03209, 0.02995, 0.03118, 12828.13401126
1536624000, 11/09/2018, 00:00:00, 0.03118, 0.03137, 0.02843, 0.02945, 13690.12500376
1536710400, 12/09/2018, 00:00:00, 0.02943, 0.02943, 0.0269, 0.02889, 33610.5662864
1536796800, 13/09/2018, 00:00:00, 0.02892, 0.03298, 0.02892, 0.0326, 29382.21795634
1536883200, 14/09/2018, 00:00:00, 0.03261, 0.03405, 0.03155, 0.0323, 20763.96483507
1536969600, 15/09/2018, 00:00:00, 0.0323, 0.03467, 0.03216, 0.03409, 11140.5887374
1537056000, 16/09/2018, 00:00:00, 0.03405, 0.03429, 0.03253, 0.03385, 3430.63774391
1537142400, 17/09/2018, 00:00:00, 0.03387, 0.03439, 0.03087, 0.0314, 15992.69642398
1537228800, 18/09/2018, 00:00:00, 0.03137, 0.03359, 0.03117, 0.03291, 16916.24924877
1537315200, 19/09/2018, 00:00:00, 0.03292, 0.03374, 0.03225, 0.03285, 12445.73042189
1537401600, 20/09/2018, 00:00:00, 0.03285, 0.03496, 0.03244, 0.03454, 9482.67653839
1537488000, 21/09/2018, 00:00:00, 0.03455, 0.03717, 0.03271, 0.03667, 24057.87373158
1537574400, 22/09/2018, 00:00:00, 0.03668, 0.03735, 0.03515, 0.03583, 7719.97923352
1537660800, 23/09/2018, 00:00:00, 0.03584, 0.03682, 0.03548, 0.03649, 4431.55439227
1537747200, 24/09/2018, 00:00:00, 0.03652, 0.03657, 0.03436, 0.03464, 5325.83849912
1537833600, 25/09/2018, 00:00:00, 0.03461, 0.03463, 0.03194, 0.03403, 10865.97427125
1537920000, 26/09/2018, 00:00:00, 0.03403, 0.0341, 0.03246, 0.03318, 7620.36494006
1538006400, 27/09/2018, 00:00:00, 0.03318, 0.03478, 0.03269, 0.03425, 7236.01236537
1538092800, 28/09/2018, 00:00:00, 0.03425, 0.03454, 0.03278, 0.03345, 9406.20351842
1538179200, 29/09/2018, 00:00:00, 0.03344, 0.03595, 0.033, 0.03508, 13727.62108446
1538265600, 30/09/2018, 00:00:00, 0.03508, 0.0359, 0.03463, 0.03515, 4535.25549911
1538352000, 01/10/2018, 00:00:00, 0.03516, 0.03532, 0.03452, 0.03505, 6324.44507479
1538438400, 02/10/2018, 00:00:00, 0.03505, 0.03509, 0.03445, 0.03461, 7417.0381283
1538524800, 03/10/2018, 00:00:00, 0.03461, 0.03461, 0.03352, 0.0339, 15361.99927121
1538611200, 04/10/2018, 00:00:00, 0.0339, 0.03424, 0.03356, 0.03373, 7119.12852914
1538697600, 05/10/2018, 00:00:00, 0.03375, 0.0348, 0.03352, 0.03444, 5750.50905746
1538784000, 06/10/2018, 00:00:00, 0.03442, 0.03451, 0.03404, 0.03413, 1836.38206401
1538870400, 07/10/2018, 00:00:00, 0.03414, 0.03427, 0.03393, 0.03426, 2916.34297685
1538956800, 08/10/2018, 00:00:00, 0.03424, 0.0346, 0.03404, 0.03447, 5048.0586297
1539043200, 09/10/2018, 00:00:00, 0.03448, 0.03462, 0.03428, 0.03434, 2470.04128598
1539129600, 10/10/2018, 00:00:00, 0.03433, 0.03438, 0.03411, 0.03422, 3163.18573487
1539216000, 11/10/2018, 00:00:00, 0.03422, 0.03423, 0.03036, 0.03063, 79296.60101043
1539302400, 12/10/2018, 00:00:00, 0.03064, 0.03174, 0.0306, 0.03134, 5854.34288685
1539388800, 13/10/2018, 00:00:00, 0.03134, 0.03198, 0.03132, 0.03179, 7420.97456411
1539475200, 14/10/2018, 00:00:00, 0.0318, 0.03195, 0.03085, 0.03104, 4500.74825927
1539561600, 15/10/2018, 00:00:00, 0.03103, 0.03382, 0.0309, 0.03175, 38956.82988753
1539648000, 16/10/2018, 00:00:00, 0.03175, 0.03203, 0.03156, 0.03184, 4347.16975392
1539734400, 17/10/2018, 00:00:00, 0.03183, 0.03198, 0.03146, 0.03158, 5006.9728772
1539820800, 18/10/2018, 00:00:00, 0.03158, 0.03172, 0.03085, 0.03114, 7194.66104544
1539907200, 19/10/2018, 00:00:00, 0.03116, 0.03147, 0.03103, 0.03135, 5684.39358214
1539993600, 20/10/2018, 00:00:00, 0.03137, 0.03172, 0.03124, 0.03161, 13100.33544644
1540080000, 21/10/2018, 00:00:00, 0.03161, 0.03179, 0.03141, 0.03149, 2550.95985668
1540166400, 22/10/2018, 00:00:00, 0.03148, 0.03161, 0.03126, 0.03139, 1883.94011142
1540252800, 23/10/2018, 00:00:00, 0.0314, 0.0315, 0.0311, 0.03143, 2981.25214704
1540339200, 24/10/2018, 00:00:00, 0.03143, 0.03146, 0.03122, 0.03128, 1802.83822557
1540425600, 25/10/2018, 00:00:00, 0.03127, 0.03127, 0.03102, 0.03124, 5292.10667118
1540512000, 26/10/2018, 00:00:00, 0.03124, 0.03169, 0.03112, 0.03134, 4950.87295632
1540598400, 27/10/2018, 00:00:00, 0.03133, 0.03145, 0.0313, 0.0314, 1465.54646868
1540684800, 28/10/2018, 00:00:00, 0.0314, 0.03162, 0.03137, 0.0316, 1111.29673612
1540771200, 29/10/2018, 00:00:00, 0.03159, 0.0318, 0.03087, 0.03106, 8405.17724767
1540857600, 30/10/2018, 00:00:00, 0.03105, 0.03123, 0.03094, 0.03119, 2795.03002106
1540944000, 31/10/2018, 00:00:00, 0.03118, 0.0313, 0.03086, 0.0312, 4774.71276838
1541030400, 01/11/2018, 00:00:00, 0.03121, 0.03125, 0.03113, 0.03118, 989.76607547
1541116800, 02/11/2018, 00:00:00, 0.03118, 0.0316, 0.03117, 0.03146, 1753.9427126
1541203200, 03/11/2018, 00:00:00, 0.03145, 0.03146, 0.03135, 0.03137, 736.84639102
1541289600, 04/11/2018, 00:00:00, 0.03137, 0.0336, 0.03124, 0.03272, 10166.47634461
1541376000, 05/11/2018, 00:00:00, 0.03272, 0.03282, 0.03223, 0.03257, 2251.60928822
1541462400, 06/11/2018, 00:00:00, 0.03258, 0.03393, 0.03245, 0.03389, 8913.87767158
1541548800, 07/11/2018, 00:00:00, 0.03389, 0.03404, 0.03324, 0.03334, 3841.60900595
1541635200, 08/11/2018, 00:00:00, 0.03333, 0.03348, 0.03282, 0.03282, 3339.84969964
1541721600, 09/11/2018, 00:00:00, 0.03282, 0.03311, 0.03265, 0.03285, 2669.40069913
1541808000, 10/11/2018, 00:00:00, 0.03285, 0.03335, 0.03283, 0.03313, 1560.26845185
1541894400, 11/11/2018, 00:00:00, 0.03313, 0.03319, 0.03282, 0.03302, 1460.85527128
1541980800, 12/11/2018, 00:00:00, 0.03302, 0.03314, 0.03271, 0.03302, 3392.28465571
1542067200, 13/11/2018, 00:00:00, 0.03302, 0.03303, 0.03236, 0.03249, 3101.39255733
1542153600, 14/11/2018, 00:00:00, 0.03247, 0.03256, 0.03, 0.03168, 36813.78956444
1542240000, 15/11/2018, 00:00:00, 0.03172, 0.03234, 0.03132, 0.03206, 11506.41301551
1542326400, 16/11/2018, 00:00:00, 0.03205, 0.03214, 0.03119, 0.03131, 6216.37365487
1542412800, 17/11/2018, 00:00:00, 0.0313, 0.0316, 0.03113, 0.03132, 2860.91077795
1542499200, 18/11/2018, 00:00:00, 0.03132, 0.0319, 0.03125, 0.03161, 3377.87369938
1542585600, 19/11/2018, 00:00:00, 0.03161, 0.03161, 0.02913, 0.03065, 32259.68168366
1542672000, 20/11/2018, 00:00:00, 0.03064, 0.03091, 0.02885, 0.02932, 49040.72968722
1542758400, 21/11/2018, 00:00:00, 0.02932, 0.03014, 0.02882, 0.02965, 13172.72877976
1542844800, 22/11/2018, 00:00:00, 0.0297, 0.02985, 0.02892, 0.02893, 5722.71442895
1542931200, 23/11/2018, 00:00:00, 0.02892, 0.02916, 0.02794, 0.02833, 25794.75629222
1543017600, 24/11/2018, 00:00:00, 0.02833, 0.02937, 0.02817, 0.02926, 19502.69529469
1543104000, 25/11/2018, 00:00:00, 0.02926, 0.02942, 0.0279, 0.02904, 27219.00308827
1543190400, 26/11/2018, 00:00:00, 0.02904, 0.02917, 0.0284, 0.02866, 12669.67025509
1543276800, 27/11/2018, 00:00:00, 0.02866, 0.02906, 0.02775, 0.02876, 11769.99715592
1543363200, 28/11/2018, 00:00:00, 0.02877, 0.02911, 0.02792, 0.02883, 15914.64263516
1543449600, 29/11/2018, 00:00:00, 0.02883, 0.02892, 0.02738, 0.02746, 11451.79564878
1543536000, 30/11/2018, 00:00:00, 0.02747, 0.02854, 0.02732, 0.02815, 9476.10817442
1543622400, 01/12/2018, 00:00:00, 0.02815, 0.02877, 0.02778, 0.02817, 6818.61411241
1543708800, 02/12/2018, 00:00:00, 0.02817, 0.02833, 0.02793, 0.028, 5203.77320331
1543795200, 03/12/2018, 00:00:00, 0.028, 0.02845, 0.02772, 0.02794, 10499.45562992
1543881600, 04/12/2018, 00:00:00, 0.02796, 0.0281, 0.0277, 0.02782, 6541.87993363
1543968000, 05/12/2018, 00:00:00, 0.02784, 0.02795, 0.0272, 0.02724, 22291.10098323
1544054400, 06/12/2018, 00:00:00, 0.02725, 0.02727, 0.02555, 0.026, 46702.62209939
1544140800, 07/12/2018, 00:00:00, 0.02601, 0.02812, 0.02443, 0.02736, 51985.95350595
1544227200, 08/12/2018, 00:00:00, 0.02737, 0.02814, 0.02549, 0.02652, 23707.92748668
1544313600, 09/12/2018, 00:00:00, 0.02655, 0.0272, 0.02612, 0.02632, 9817.96762337
1544400000, 10/12/2018, 00:00:00, 0.02629, 0.02641, 0.02578, 0.02617, 7938.93026865
1544486400, 11/12/2018, 00:00:00, 0.02617, 0.02654, 0.02573, 0.02597, 14125.22906669
1544572800, 12/12/2018, 00:00:00, 0.02595, 0.02627, 0.02577, 0.02596, 9355.7986101
1544659200, 13/12/2018, 00:00:00, 0.02597, 0.02658, 0.02582, 0.02607, 20054.28598718
1544745600, 14/12/2018, 00:00:00, 0.02607, 0.02629, 0.02587, 0.02598, 23235.42207937
1544832000, 15/12/2018, 00:00:00, 0.02598, 0.02615, 0.02584, 0.02608, 15105.01152811
1544918400, 16/12/2018, 00:00:00, 0.02608, 0.02682, 0.02607, 0.02622, 13309.81409929
1545004800, 17/12/2018, 00:00:00, 0.02622, 0.02714, 0.02618, 0.02683, 17147.25439729
1545091200, 18/12/2018, 00:00:00, 0.02683, 0.02759, 0.02645, 0.02749, 12408.46177445
1545177600, 19/12/2018, 00:00:00, 0.02749, 0.02827, 0.02689, 0.02695, 26129.52583795
1545264000, 20/12/2018, 00:00:00, 0.02696, 0.02866, 0.02674, 0.02812, 27439.16855254
1545350400, 21/12/2018, 00:00:00, 0.02811, 0.02887, 0.02752, 0.02809, 30722.60864873
1545436800, 22/12/2018, 00:00:00, 0.02806, 0.02936, 0.02781, 0.02915, 11428.51035774
1545523200, 23/12/2018, 00:00:00, 0.02916, 0.03323, 0.02912, 0.03285, 43298.66394228
1545609600, 24/12/2018, 00:00:00, 0.03284, 0.03762, 0.03278, 0.03447, 68878.81682774
1545696000, 25/12/2018, 00:00:00, 0.03445, 0.03475, 0.03286, 0.03403, 35123.52282082
1545782400, 26/12/2018, 00:00:00, 0.03402, 0.03538, 0.03341, 0.03423, 19532.64540396
1545868800, 27/12/2018, 00:00:00, 0.03424, 0.03441, 0.03143, 0.03192, 23280.4667301
1545955200, 28/12/2018, 00:00:00, 0.03191, 0.03537, 0.03155, 0.03519, 31732.00722759
1546041600, 29/12/2018, 00:00:00, 0.0352, 0.0374, 0.03433, 0.03599, 30785.51688119
1546128000, 30/12/2018, 00:00:00, 0.036, 0.03654, 0.03503, 0.03623, 14296.11626854
1546214400, 31/12/2018, 00:00:00, 0.03622, 0.03629, 0.03527, 0.03548, 16581.98020641
1546300800, 01/01/2019, 00:00:00, 0.03548, 0.03757, 0.03534, 0.03657, 12696.30233104
1546387200, 02/01/2019, 00:00:00, 0.03657, 0.04003, 0.0365, 0.0394, 17848.92887426
1546473600, 03/01/2019, 00:00:00, 0.03943, 0.03982, 0.0382, 0.03886, 14452.84851103
1546560000, 04/01/2019, 00:00:00, 0.03886, 0.04099, 0.03861, 0.04013, 18147.13535725
1546646400, 05/01/2019, 00:00:00, 0.04013, 0.04165, 0.04012, 0.04055, 17552.8429549
1546732800, 06/01/2019, 00:00:00, 0.04056, 0.04069, 0.0384, 0.03852, 14287.74822943
1546819200, 07/01/2019, 00:00:00, 0.03853, 0.03865, 0.03728, 0.03759, 10783.40466506
1546905600, 08/01/2019, 00:00:00, 0.03758, 0.03772, 0.03681, 0.03728, 13778.38409604
1546992000, 09/01/2019, 00:00:00, 0.03728, 0.038, 0.03712, 0.03737, 9539.11435291
1547078400, 10/01/2019, 00:00:00, 0.03736, 0.03744, 0.03414, 0.03493, 25958.9027868
1547164800, 11/01/2019, 00:00:00, 0.03486, 0.03526, 0.03375, 0.0346, 13097.09878333
1547251200, 12/01/2019, 00:00:00, 0.03459, 0.03502, 0.0342, 0.03431, 5851.28190349
1547337600, 13/01/2019, 00:00:00, 0.0343, 0.03441, 0.03242, 0.03288, 10524.46325513
1547424000, 14/01/2019, 00:00:00, 0.03288, 0.03552, 0.03286, 0.03501, 15816.48886357
1547510400, 15/01/2019, 00:00:00, 0.03501, 0.03559, 0.03287, 0.03358, 18026.26020026
1547596800, 16/01/2019, 00:00:00, 0.03356, 0.03475, 0.03327, 0.03384, 10198.5744809
1547683200, 17/01/2019, 00:00:00, 0.03384, 0.03394, 0.03307, 0.03366, 8139.31788905
1547769600, 18/01/2019, 00:00:00, 0.03365, 0.0337, 0.03297, 0.03311, 4171.29848713
1547856000, 19/01/2019, 00:00:00, 0.03311, 0.03373, 0.03311, 0.03347, 5996.30352246
1547942400, 20/01/2019, 00:00:00, 0.03347, 0.03348, 0.03302, 0.03321, 4540.03907045
1548028800, 21/01/2019, 00:00:00, 0.03321, 0.03324, 0.03227, 0.03279, 8463.46864089
1548115200, 22/01/2019, 00:00:00, 0.03279, 0.03315, 0.03221, 0.03299, 7124.07045395
1548201600, 23/01/2019, 00:00:00, 0.03299, 0.03327, 0.03261, 0.03279, 3931.72545634
1548288000, 24/01/2019, 00:00:00, 0.03278, 0.03279, 0.03224, 0.03262, 2761.41711024
1548374400, 25/01/2019, 00:00:00, 0.03261, 0.03293, 0.03227, 0.0323, 6364.60872045
1548460800, 26/01/2019, 00:00:00, 0.0323, 0.03253, 0.03211, 0.03235, 3698.13655905
1548547200, 27/01/2019, 00:00:00, 0.03234, 0.03241, 0.03156, 0.03156, 5013.69964537
1548633600, 28/01/2019, 00:00:00, 0.03156, 0.03171, 0.02981, 0.03069, 10678.23749395
1548720000, 29/01/2019, 00:00:00, 0.0307, 0.03096, 0.03019, 0.0306, 4511.6337019
1548806400, 30/01/2019, 00:00:00, 0.0306, 0.03157, 0.03047, 0.03133, 8363.86104229
1548892800, 31/01/2019, 00:00:00, 0.03133, 0.03168, 0.03078, 0.03097, 10500.85573093
1548979200, 01/02/2019, 00:00:00, 0.03097, 0.03108, 0.03048, 0.03085, 8607.62206474
1549065600, 02/02/2019, 00:00:00, 0.03085, 0.03159, 0.03078, 0.03149, 2960.51721688
1549152000, 03/02/2019, 00:00:00, 0.03151, 0.03163, 0.03085, 0.031, 3651.07222925
1549238400, 04/02/2019, 00:00:00, 0.03101, 0.03133, 0.03089, 0.03104, 2783.28785622
1549324800, 05/02/2019, 00:00:00, 0.03105, 0.03111, 0.03084, 0.03095, 3245.82267691
1549411200, 06/02/2019, 00:00:00, 0.03093, 0.03103, 0.02988, 0.0307, 16539.43361979
1549497600, 07/02/2019, 00:00:00, 0.03069, 0.031, 0.03059, 0.0307, 12050.79446331
1549584000, 08/02/2019, 00:00:00, 0.0307, 0.03301, 0.0306, 0.03258, 21478.18963074
1549670400, 09/02/2019, 00:00:00, 0.03259, 0.03299, 0.03235, 0.03258, 4576.59931347
1549756800, 10/02/2019, 00:00:00, 0.03258, 0.03417, 0.03205, 0.03392, 14616.38780122
1549843200, 11/02/2019, 00:00:00, 0.03396, 0.034, 0.03301, 0.03331, 15050.23055223
1549929600, 12/02/2019, 00:00:00, 0.0333, 0.03383, 0.03292, 0.03366, 13041.57807525
1550016000, 13/02/2019, 00:00:00, 0.03366, 0.03444, 0.0335, 0.03376, 7914.81431486
1550102400, 14/02/2019, 00:00:00, 0.03376, 0.03431, 0.03351, 0.03353, 3627.39664013
1550188800, 15/02/2019, 00:00:00, 0.03353, 0.03413, 0.03352, 0.03377, 3391.69674968
1550275200, 16/02/2019, 00:00:00, 0.03377, 0.03421, 0.03374, 0.03395, 2220.11411153
1550361600, 17/02/2019, 00:00:00, 0.03393, 0.03696, 0.03386, 0.03646, 14898.11141461
1550448000, 18/02/2019, 00:00:00, 0.03647, 0.03828, 0.03623, 0.03737, 20779.64418245
1550534400, 19/02/2019, 00:00:00, 0.03737, 0.0379, 0.03665, 0.03667, 9802.11988364
1550620800, 20/02/2019, 00:00:00, 0.03666, 0.03767, 0.03597, 0.03742, 11097.78402239
1550707200, 21/02/2019, 00:00:00, 0.03742, 0.03752, 0.03655, 0.03697, 7983.16571626
1550793600, 22/02/2019, 00:00:00, 0.03698, 0.03732, 0.03664, 0.0372, 14604.38566803
1550880000, 23/02/2019, 00:00:00, 0.0372, 0.03939, 0.03675, 0.03828, 18704.89163
1550966400, 24/02/2019, 00:00:00, 0.03828, 0.03969, 0.03523, 0.03525, 44053.89936173
1551052800, 25/02/2019, 00:00:00, 0.03525, 0.03677, 0.0352, 0.03604, 15377.92646896
1551139200, 26/02/2019, 00:00:00, 0.03604, 0.03614, 0.03528, 0.0358, 6457.18239612
1551225600, 27/02/2019, 00:00:00, 0.03579, 0.03651, 0.03401, 0.03532, 11921.26098274
1551312000, 28/02/2019, 00:00:00, 0.03538, 0.03614, 0.03493, 0.03549, 16899.77654272
1551398400, 01/03/2019, 00:00:00, 0.03548, 0.03582, 0.03532, 0.0354, 5481.87149305
1551484800, 02/03/2019, 00:00:00, 0.03541, 0.03551, 0.03433, 0.03469, 7507.79186669
1551571200, 03/03/2019, 00:00:00, 0.03469, 0.03518, 0.03392, 0.03431, 9127.64258712
1551657600, 04/03/2019, 00:00:00, 0.03431, 0.03432, 0.03338, 0.03381, 10176.48502437
1551744000, 05/03/2019, 00:00:00, 0.03383, 0.03558, 0.03377, 0.03543, 8600.78651588
1551830400, 06/03/2019, 00:00:00, 0.03545, 0.03606, 0.03496, 0.03556, 9539.24887188
1551916800, 07/03/2019, 00:00:00, 0.03556, 0.0359, 0.03523, 0.0353, 4801.48120105
1552003200, 08/03/2019, 00:00:00, 0.03533, 0.03543, 0.03426, 0.03453, 18134.24579886
1552089600, 09/03/2019, 00:00:00, 0.0345, 0.03549, 0.03445, 0.0348, 6834.40657509
1552176000, 10/03/2019, 00:00:00, 0.03481, 0.03496, 0.03439, 0.03458, 15183.08687581
1552262400, 11/03/2019, 00:00:00, 0.03458, 0.03461, 0.034, 0.03423, 11134.53703062
1552348800, 12/03/2019, 00:00:00, 0.03424, 0.03479, 0.03363, 0.03439, 14570.35460168
1552435200, 13/03/2019, 00:00:00, 0.03439, 0.0344, 0.03397, 0.03405, 3942.43570889
1552521600, 14/03/2019, 00:00:00, 0.03406, 0.03449, 0.03385, 0.0341, 6189.36156433
1552608000, 15/03/2019, 00:00:00, 0.03409, 0.03502, 0.03409, 0.0348, 5182.53097092
1552694400, 16/03/2019, 00:00:00, 0.0348, 0.03609, 0.0348, 0.03523, 13549.54856568
1552780800, 17/03/2019, 00:00:00, 0.03522, 0.03522, 0.03458, 0.03483, 6318.77725848
1552867200, 18/03/2019, 00:00:00, 0.03482, 0.03522, 0.0344, 0.03453, 10719.82670743
1552953600, 19/03/2019, 00:00:00, 0.03453, 0.03474, 0.03443, 0.0345, 4908.25301076
1553040000, 20/03/2019, 00:00:00, 0.03449, 0.03451, 0.03415, 0.0344, 6045.96370411
1553126400, 21/03/2019, 00:00:00, 0.03439, 0.03442, 0.03375, 0.03386, 7623.42864125
1553212800, 22/03/2019, 00:00:00, 0.03385, 0.03429, 0.03381, 0.03411, 5113.93026416
1553299200, 23/03/2019, 00:00:00, 0.03412, 0.03445, 0.03407, 0.03424, 2885.38431266
1553385600, 24/03/2019, 00:00:00, 0.03424, 0.03428, 0.03383, 0.03408, 4803.7787981
1553472000, 25/03/2019, 00:00:00, 0.0341, 0.03422, 0.03367, 0.03402, 4342.99049904
1553558400, 26/03/2019, 00:00:00, 0.03403, 0.03415, 0.03385, 0.03395, 3590.03156099
1553644800, 27/03/2019, 00:00:00, 0.03397, 0.03458, 0.03396, 0.03452, 3708.02391193
1553731200, 28/03/2019, 00:00:00, 0.03452, 0.03456, 0.03409, 0.03424, 3174.20399937
1553817600, 29/03/2019, 00:00:00, 0.03423, 0.03491, 0.03409, 0.03489, 4663.84843624
1553904000, 30/03/2019, 00:00:00, 0.03488, 0.0354, 0.03454, 0.03466, 4638.06870217
1553990400, 31/03/2019, 00:00:00, 0.03469, 0.03469, 0.03428, 0.03448, 4356.18878166
1554076800, 01/04/2019, 00:00:00, 0.03448, 0.03459, 0.03385, 0.03415, 4592.13592153
1554163200, 02/04/2019, 00:00:00, 0.0341, 0.03411, 0.03034, 0.03357, 38101.04632442
1554249600, 03/04/2019, 00:00:00, 0.03357, 0.03488, 0.03118, 0.03238, 33673.64935599
1554336000, 04/04/2019, 00:00:00, 0.03239, 0.03257, 0.03141, 0.03215, 15928.95468809
1554422400, 05/04/2019, 00:00:00, 0.03212, 0.03337, 0.03199, 0.03296, 9885.75484048
1554508800, 06/04/2019, 00:00:00, 0.03294, 0.03345, 0.03224, 0.03281, 9753.23021724
1554595200, 07/04/2019, 00:00:00, 0.03283, 0.03404, 0.0325, 0.03372, 11815.14947219
1554681600, 08/04/2019, 00:00:00, 0.03372, 0.03527, 0.03364, 0.03418, 21714.25337833
1554768000, 09/04/2019, 00:00:00, 0.03416, 0.03441, 0.03373, 0.03388, 14151.29240961
1554854400, 10/04/2019, 00:00:00, 0.03388, 0.03472, 0.03268, 0.03337, 19985.20743149
1554940800, 11/04/2019, 00:00:00, 0.03332, 0.03333, 0.03217, 0.03271, 16317.61967041
1555027200, 12/04/2019, 00:00:00, 0.03271, 0.03286, 0.03218, 0.03236, 7241.79831352
1555113600, 13/04/2019, 00:00:00, 0.03236, 0.03249, 0.03204, 0.03233, 3568.14436444
1555200000, 14/04/2019, 00:00:00, 0.03233, 0.03277, 0.03212, 0.0326, 4569.4880097
1555286400, 15/04/2019, 00:00:00, 0.0326, 0.03272, 0.03108, 0.03185, 9556.20159498
1555372800, 16/04/2019, 00:00:00, 0.03184, 0.03232, 0.03177, 0.032, 4409.39049099
1555459200, 17/04/2019, 00:00:00, 0.03196, 0.03204, 0.03165, 0.03185, 3496.76119147
1555545600, 18/04/2019, 00:00:00, 0.03185, 0.03327, 0.03175, 0.03293, 11667.06091336
1555632000, 19/04/2019, 00:00:00, 0.03293, 0.03308, 0.03246, 0.03285, 7977.67332105
1555718400, 20/04/2019, 00:00:00, 0.03285, 0.03319, 0.03242, 0.03264, 4696.3846095
1555804800, 21/04/2019, 00:00:00, 0.03265, 0.03271, 0.03184, 0.03207, 5540.91856074
1555891200, 22/04/2019, 00:00:00, 0.03209, 0.03244, 0.0318, 0.03182, 6593.60051532
1555977600, 23/04/2019, 00:00:00, 0.03183, 0.03184, 0.03065, 0.03078, 14060.09736878
1556064000, 24/04/2019, 00:00:00, 0.03077, 0.03081, 0.0297, 0.03046, 13706.89913433
1556150400, 25/04/2019, 00:00:00, 0.03046, 0.03048, 0.02928, 0.02961, 18264.71429913
1556236800, 26/04/2019, 00:00:00, 0.02963, 0.02987, 0.0292, 0.02973, 11968.64397577
1556323200, 27/04/2019, 00:00:00, 0.02973, 0.03044, 0.02961, 0.03011, 4846.15919507
1556409600, 28/04/2019, 00:00:00, 0.03012, 0.03014, 0.02972, 0.02975, 4421.51702342
1556496000, 29/04/2019, 00:00:00, 0.02975, 0.02985, 0.02928, 0.02961, 6407.90563894
1556582400, 30/04/2019, 00:00:00, 0.02961, 0.03049, 0.02952, 0.03043, 11074.82317138
1556668800, 01/05/2019, 00:00:00, 0.03044, 0.03063, 0.02956, 0.02973, 4554.69074546
1556755200, 02/05/2019, 00:00:00, 0.02973, 0.02993, 0.02914, 0.02945, 6708.59268016
1556841600, 03/05/2019, 00:00:00, 0.02945, 0.0296, 0.02818, 0.02911, 16462.38007924
1556928000, 04/05/2019, 00:00:00, 0.02912, 0.02922, 0.02801, 0.02805, 10547.64005495
1557014400, 05/05/2019, 00:00:00, 0.02809, 0.02842, 0.02785, 0.02819, 11720.67754164
1557100800, 06/05/2019, 00:00:00, 0.02821, 0.0308, 0.02813, 0.03007, 24227.58116858
1557187200, 07/05/2019, 00:00:00, 0.03009, 0.03139, 0.02887, 0.02893, 33234.50951675
1557273600, 08/05/2019, 00:00:00, 0.02894, 0.02914, 0.02837, 0.02852, 20569.96285268
1557360000, 09/05/2019, 00:00:00, 0.02854, 0.02854, 0.02727, 0.02763, 26802.90227832
1557446400, 10/05/2019, 00:00:00, 0.02764, 0.02813, 0.02701, 0.02714, 29377.15899994
1557532800, 11/05/2019, 00:00:00, 0.02714, 0.02864, 0.0252, 0.02671, 68093.99599932
1557619200, 12/05/2019, 00:00:00, 0.02673, 0.02727, 0.0262, 0.02697, 38547.29619542
1557705600, 13/05/2019, 00:00:00, 0.02696, 0.02721, 0.02451, 0.02514, 50456.36894518
1557792000, 14/05/2019, 00:00:00, 0.02512, 0.02783, 0.0248, 0.02726, 65026.33831521
1557878400, 15/05/2019, 00:00:00, 0.02724, 0.03058, 0.02706, 0.03039, 88475.02724192
1557964800, 16/05/2019, 00:00:00, 0.03037, 0.03487, 0.03031, 0.03358, 165524.13595833
1558051200, 17/05/2019, 00:00:00, 0.03353, 0.03403, 0.03157, 0.03323, 82320.33744613
1558137600, 18/05/2019, 00:00:00, 0.0332, 0.03346, 0.03191, 0.03219, 15370.14127228
1558224000, 19/05/2019, 00:00:00, 0.0322, 0.03243, 0.0316, 0.03183, 25846.42352927
1558310400, 20/05/2019, 00:00:00, 0.0318, 0.03231, 0.03105, 0.03159, 22434.38853633
1558396800, 21/05/2019, 00:00:00, 0.03163, 0.03277, 0.03158, 0.03205, 19603.00589215
1558483200, 22/05/2019, 00:00:00, 0.03205, 0.03263, 0.03139, 0.03194, 30077.26457109
1558569600, 23/05/2019, 00:00:00, 0.03195, 0.03208, 0.03072, 0.03116, 18585.92429306
1558656000, 24/05/2019, 00:00:00, 0.03117, 0.03164, 0.03101, 0.0312, 11215.16883487
1558742400, 25/05/2019, 00:00:00, 0.03123, 0.03187, 0.03109, 0.0312, 9403.12391741
1558828800, 26/05/2019, 00:00:00, 0.0312, 0.03141, 0.03017, 0.03072, 20176.21222136
1558915200, 27/05/2019, 00:00:00, 0.03072, 0.03139, 0.03038, 0.03092, 26266.91540004
1559001600, 28/05/2019, 00:00:00, 0.03095, 0.03151, 0.03067, 0.03109, 16166.20951645
1559088000, 29/05/2019, 00:00:00, 0.0311, 0.03139, 0.0308, 0.0311, 14559.89424093
1559174400, 30/05/2019, 00:00:00, 0.03109, 0.03313, 0.02972, 0.03076, 49814.91303591
1559260800, 31/05/2019, 00:00:00, 0.03076, 0.03135, 0.0302, 0.03131, 14698.45496894
1559347200, 01/06/2019, 00:00:00, 0.03131, 0.0321, 0.03085, 0.03093, 20849.27836203
1559433600, 02/06/2019, 00:00:00, 0.03094, 0.0313, 0.03068, 0.03081, 6339.71637288
1559520000, 03/06/2019, 00:00:00, 0.0308, 0.0311, 0.03035, 0.03078, 13710.16801275
1559606400, 04/06/2019, 00:00:00, 0.03078, 0.03163, 0.03062, 0.03139, 24103.83256273
1559692800, 05/06/2019, 00:00:00, 0.0314, 0.03185, 0.03091, 0.03156, 8369.360541
1559779200, 06/06/2019, 00:00:00, 0.0316, 0.03209, 0.03126, 0.03193, 7571.38216733
1559865600, 07/06/2019, 00:00:00, 0.03195, 0.0321, 0.03109, 0.03118, 14186.22900625
1559952000, 08/06/2019, 00:00:00, 0.03118, 0.03136, 0.03076, 0.0308, 3844.06879716
1560038400, 09/06/2019, 00:00:00, 0.03078, 0.03095, 0.02999, 0.0303, 8500.63375896
1560124800, 10/06/2019, 00:00:00, 0.0303, 0.03111, 0.03018, 0.03091, 8154.21226228
1560211200, 11/06/2019, 00:00:00, 0.03091, 0.03125, 0.0307, 0.03098, 9716.96362066
1560297600, 12/06/2019, 00:00:00, 0.03099, 0.03224, 0.03082, 0.03215, 20089.19474389
1560384000, 13/06/2019, 00:00:00, 0.03217, 0.03229, 0.03078, 0.03098, 17809.63045867
1560470400, 14/06/2019, 00:00:00, 0.03099, 0.03118, 0.03022, 0.03033, 18427.72612087
1560556800, 15/06/2019, 00:00:00, 0.03035, 0.03088, 0.03017, 0.0304, 9992.38547008
1560643200, 16/06/2019, 00:00:00, 0.03037, 0.03044, 0.02931, 0.0299, 24138.55970302
1560729600, 17/06/2019, 00:00:00, 0.0299, 0.02995, 0.0291, 0.02933, 23345.92892099
1560816000, 18/06/2019, 00:00:00, 0.02935, 0.02952, 0.02885, 0.02911, 17121.25515794
1560902400, 19/06/2019, 00:00:00, 0.0291, 0.0294, 0.02891, 0.02896, 12156.38425505
1560988800, 20/06/2019, 00:00:00, 0.02896, 0.02905, 0.02805, 0.02852, 16180.3922795
1561075200, 21/06/2019, 00:00:00, 0.02855, 0.02987, 0.02851, 0.02898, 51926.1596692
1561161600, 22/06/2019, 00:00:00, 0.02896, 0.02973, 0.02772, 0.02893, 60685.1291385
1561248000, 23/06/2019, 00:00:00, 0.02894, 0.02955, 0.02809, 0.0283, 37166.89813205
1561334400, 24/06/2019, 00:00:00, 0.0283, 0.02863, 0.02797, 0.02818, 29914.51251184
1561420800, 25/06/2019, 00:00:00, 0.02818, 0.02821, 0.02685, 0.02693, 41422.14366262
1561507200, 26/06/2019, 00:00:00, 0.02693, 0.02791, 0.02525, 0.02591, 138468.67352435
1561593600, 27/06/2019, 00:00:00, 0.02591, 0.02732, 0.02562, 0.02634, 94807.42924611
1561680000, 28/06/2019, 00:00:00, 0.02635, 0.02709, 0.02488, 0.02503, 49245.09243988
1561766400, 29/06/2019, 00:00:00, 0.02503, 0.02712, 0.02499, 0.02669, 42250.42632754
1561852800, 30/06/2019, 00:00:00, 0.02669, 0.02706, 0.02608, 0.02696, 33240.44169207
1561939200, 01/07/2019, 00:00:00, 0.02698, 0.02803, 0.02664, 0.02776, 41553.9142787
1562025600, 02/07/2019, 00:00:00, 0.02779, 0.02835, 0.02656, 0.02689, 47905.11313634
1562112000, 03/07/2019, 00:00:00, 0.02687, 0.02689, 0.02517, 0.02523, 37983.0381735
1562198400, 04/07/2019, 00:00:00, 0.02523, 0.02567, 0.02482, 0.02536, 41835.21708268
1562284800, 05/07/2019, 00:00:00, 0.0254, 0.02642, 0.02514, 0.02621, 33607.82407081
1562371200, 06/07/2019, 00:00:00, 0.02611, 0.02611, 0.02529, 0.02564, 20130.11091327
1562457600, 07/07/2019, 00:00:00, 0.02568, 0.02707, 0.02552, 0.02669, 20926.53635178
1562544000, 08/07/2019, 00:00:00, 0.02669, 0.02691, 0.02525, 0.02549, 25489.29280365
1562630400, 09/07/2019, 00:00:00, 0.02546, 0.0256, 0.02434, 0.02451, 61589.66331826
1562716800, 10/07/2019, 00:00:00, 0.02449, 0.02461, 0.02285, 0.02387, 60585.58395283
1562803200, 11/07/2019, 00:00:00, 0.02386, 0.02425, 0.02304, 0.02369, 35512.66638749
1562889600, 12/07/2019, 00:00:00, 0.0237, 0.02406, 0.0232, 0.02334, 16290.55467731
1562976000, 13/07/2019, 00:00:00, 0.02333, 0.02436, 0.02326, 0.02366, 16488.17123658
1563062400, 14/07/2019, 00:00:00, 0.02366, 0.02407, 0.02202, 0.02218, 42873.8053359
1563148800, 15/07/2019, 00:00:00, 0.02218, 0.0223, 0.02032, 0.02104, 59035.34862678
1563235200, 16/07/2019, 00:00:00, 0.02104, 0.02143, 0.02007, 0.02109, 53225.98897776
1563321600, 17/07/2019, 00:00:00, 0.0211, 0.0224, 0.02095, 0.02181, 34887.02839613
1563408000, 18/07/2019, 00:00:00, 0.0218, 0.02239, 0.02101, 0.02125, 38924.75120773
1563494400, 19/07/2019, 00:00:00, 0.02125, 0.0213, 0.0208, 0.02101, 20164.3453214
1563580800, 20/07/2019, 00:00:00, 0.02102, 0.02189, 0.02102, 0.02125, 22344.90536134
1563667200, 21/07/2019, 00:00:00, 0.02125, 0.02142, 0.02096, 0.0213, 14133.13097681
1563753600, 22/07/2019, 00:00:00, 0.0213, 0.02138, 0.02082, 0.02104, 15388.60234091
1563840000, 23/07/2019, 00:00:00, 0.02103, 0.02162, 0.02097, 0.02154, 13651.02248033
1563926400, 24/07/2019, 00:00:00, 0.02154, 0.02246, 0.02086, 0.02215, 31617.11736065
1564012800, 25/07/2019, 00:00:00, 0.02215, 0.02237, 0.02194, 0.02218, 20890.35587223
1564099200, 26/07/2019, 00:00:00, 0.02218, 0.0224, 0.022, 0.02228, 13530.37898247
1564185600, 27/07/2019, 00:00:00, 0.02227, 0.0223, 0.02157, 0.02187, 19552.38075848
1564272000, 28/07/2019, 00:00:00, 0.02188, 0.02235, 0.02163, 0.02216, 12535.77390931
1564358400, 29/07/2019, 00:00:00, 0.02217, 0.02229, 0.02192, 0.02219, 13134.8834515
1564444800, 30/07/2019, 00:00:00, 0.0222, 0.02221, 0.02177, 0.0219, 11250.29120525
1564531200, 31/07/2019, 00:00:00, 0.02191, 0.02215, 0.02146, 0.02167, 12970.70426848
1564617600, 01/08/2019, 00:00:00, 0.02167, 0.02168, 0.02072, 0.02091, 16107.51261193
1564704000, 02/08/2019, 00:00:00, 0.0209, 0.02116, 0.02057, 0.0207, 18466.92228163
1564790400, 03/08/2019, 00:00:00, 0.0207, 0.02094, 0.02032, 0.0205, 10892.56748597
1564876800, 04/08/2019, 00:00:00, 0.02051, 0.0206, 0.02011, 0.02029, 7826.80402781
1564963200, 05/08/2019, 00:00:00, 0.02029, 0.02036, 0.0194, 0.01975, 20560.88260235
1565049600, 06/08/2019, 00:00:00, 0.01975, 0.01993, 0.01908, 0.0197, 29280.02049405
1565136000, 07/08/2019, 00:00:00, 0.0197, 0.01974, 0.01875, 0.01888, 21800.54414578
1565222400, 08/08/2019, 00:00:00, 0.01887, 0.0191, 0.01838, 0.01842, 22028.50818895
1565308800, 09/08/2019, 00:00:00, 0.01843, 0.01852, 0.01756, 0.01774, 26313.47914658
1565395200, 10/08/2019, 00:00:00, 0.01773, 0.01834, 0.01773, 0.01824, 20690.95842228
1565481600, 11/08/2019, 00:00:00, 0.01825, 0.01899, 0.01824, 0.01873, 18549.90035148
1565568000, 12/08/2019, 00:00:00, 0.01873, 0.01876, 0.01851, 0.01856, 9132.15307871
1565654400, 13/08/2019, 00:00:00, 0.01854, 0.01928, 0.01832, 0.0192, 18523.41204754
1565740800, 14/08/2019, 00:00:00, 0.0192, 0.0198, 0.01803, 0.0186, 43458.43603478
1565827200, 15/08/2019, 00:00:00, 0.01861, 0.01894, 0.018, 0.01826, 45171.57389319
1565913600, 16/08/2019, 00:00:00, 0.01827, 0.01855, 0.01763, 0.0179, 19132.87523958
1566000000, 17/08/2019, 00:00:00, 0.01791, 0.01827, 0.01778, 0.01822, 7184.80858193
1566086400, 18/08/2019, 00:00:00, 0.01824, 0.019, 0.01808, 0.01885, 14322.17904257
1566172800, 19/08/2019, 00:00:00, 0.01886, 0.01891, 0.01841, 0.01853, 13886.34570398
1566259200, 20/08/2019, 00:00:00, 0.01852, 0.01854, 0.01821, 0.01826, 13915.52059251
1566345600, 21/08/2019, 00:00:00, 0.01826, 0.01865, 0.01808, 0.01848, 19831.77792012
1566432000, 22/08/2019, 00:00:00, 0.01849, 0.01918, 0.01849, 0.01885, 13261.97975837
1566518400, 23/08/2019, 00:00:00, 0.01886, 0.01904, 0.01851, 0.01866, 10501.56670068
1566604800, 24/08/2019, 00:00:00, 0.01867, 0.01899, 0.01852, 0.01881, 6917.67740476
1566691200, 25/08/2019, 00:00:00, 0.01881, 0.01886, 0.01823, 0.01838, 7602.48247145
1566777600, 26/08/2019, 00:00:00, 0.01838, 0.01861, 0.01805, 0.01818, 16095.9623969
1566864000, 27/08/2019, 00:00:00, 0.01818, 0.01857, 0.01811, 0.0184, 8608.66679746
1566950400, 28/08/2019, 00:00:00, 0.01839, 0.01844, 0.01722, 0.01778, 18519.50315489
1567036800, 29/08/2019, 00:00:00, 0.01779, 0.01797, 0.01745, 0.0178, 15465.92758904
1567123200, 30/08/2019, 00:00:00, 0.01781, 0.01788, 0.01748, 0.01757, 9895.19212241
1567209600, 31/08/2019, 00:00:00, 0.01757, 0.01808, 0.01736, 0.01789, 5278.00766856
1567296000, 01/09/2019, 00:00:00, 0.01789, 0.01804, 0.01751, 0.01757, 4662.98812886
1567382400, 02/09/2019, 00:00:00, 0.01756, 0.01772, 0.01715, 0.0172, 10770.0610391
1567468800, 03/09/2019, 00:00:00, 0.0172, 0.01731, 0.01672, 0.01684, 21399.30854249
1567555200, 04/09/2019, 00:00:00, 0.01684, 0.01699, 0.01639, 0.01652, 16733.71027809
1567641600, 05/09/2019, 00:00:00, 0.01652, 0.01658, 0.01618, 0.01645, 14167.93192984
1567728000, 06/09/2019, 00:00:00, 0.01645, 0.01659, 0.01614, 0.01639, 18127.63091337
1567814400, 07/09/2019, 00:00:00, 0.0164, 0.01717, 0.01629, 0.01699, 14056.25606229
1567900800, 08/09/2019, 00:00:00, 0.01698, 0.01756, 0.01698, 0.01747, 15352.67124583
1567987200, 09/09/2019, 00:00:00, 0.01747, 0.01775, 0.01724, 0.01754, 11959.27384845
1568073600, 10/09/2019, 00:00:00, 0.01752, 0.01785, 0.01751, 0.01779, 7208.15517834
1568160000, 11/09/2019, 00:00:00, 0.01779, 0.01799, 0.01745, 0.01754, 10132.40803265
1568246400, 12/09/2019, 00:00:00, 0.01753, 0.01764, 0.01735, 0.01736, 6609.98889426
1568332800, 13/09/2019, 00:00:00, 0.01737, 0.01767, 0.0173, 0.01752, 7676.605228
1568419200, 14/09/2019, 00:00:00, 0.01753, 0.01826, 0.01746, 0.01822, 17116.66699688
1568505600, 15/09/2019, 00:00:00, 0.01823, 0.01845, 0.01805, 0.01836, 9171.77137076
1568592000, 16/09/2019, 00:00:00, 0.01837, 0.01981, 0.01837, 0.01926, 38262.12952867
1568678400, 17/09/2019, 00:00:00, 0.01927, 0.02102, 0.01917, 0.02041, 45822.98613611
1568764800, 18/09/2019, 00:00:00, 0.0204, 0.0213, 0.0204, 0.02069, 38858.45001883
1568851200, 19/09/2019, 00:00:00, 0.0207, 0.0223, 0.02027, 0.02151, 54195.42128422
1568937600, 20/09/2019, 00:00:00, 0.02149, 0.02156, 0.02107, 0.02146, 22378.14455435
1569024000, 21/09/2019, 00:00:00, 0.02144, 0.02184, 0.02141, 0.02153, 19479.16451515
1569110400, 22/09/2019, 00:00:00, 0.02154, 0.02156, 0.02063, 0.02104, 17023.2760012
1569196800, 23/09/2019, 00:00:00, 0.02104, 0.02135, 0.02052, 0.02074, 15978.10599926
1569283200, 24/09/2019, 00:00:00, 0.02073, 0.02078, 0.01887, 0.0195, 90721.12931669
1569369600, 25/09/2019, 00:00:00, 0.0195, 0.02035, 0.01943, 0.02016, 27457.30397345
1569456000, 26/09/2019, 00:00:00, 0.02015, 0.02065, 0.01964, 0.02057, 31973.53896268
1569542400, 27/09/2019, 00:00:00, 0.02058, 0.02164, 0.02044, 0.02124, 16745.48281934
1569628800, 28/09/2019, 00:00:00, 0.02125, 0.02148, 0.02095, 0.02115, 11820.21345275
1569715200, 29/09/2019, 00:00:00, 0.02117, 0.02122, 0.0207, 0.02103, 11548.59039408
1569801600, 30/09/2019, 00:00:00, 0.02105, 0.02187, 0.02102, 0.02181, 17427.87362538
1569888000, 01/10/2019, 00:00:00, 0.02181, 0.02211, 0.021, 0.02118, 9863.58673742
1569974400, 02/10/2019, 00:00:00, 0.02117, 0.0217, 0.02106, 0.02159, 8662.60189834
1570060800, 03/10/2019, 00:00:00, 0.02157, 0.02158, 0.021, 0.02125, 15111.4475028
1570147200, 04/10/2019, 00:00:00, 0.02126, 0.0218, 0.02125, 0.02155, 14574.8054301
1570233600, 05/10/2019, 00:00:00, 0.02153, 0.0218, 0.02139, 0.02169, 5394.6798643
1570320000, 06/10/2019, 00:00:00, 0.02169, 0.02196, 0.0214, 0.02165, 11718.97485337
1570406400, 07/10/2019, 00:00:00, 0.02165, 0.02209, 0.02159, 0.02198, 17039.33624407
1570492800, 08/10/2019, 00:00:00, 0.02199, 0.02232, 0.02179, 0.02209, 16557.08108688
1570579200, 09/10/2019, 00:00:00, 0.0221, 0.02304, 0.02202, 0.0225, 38363.09138018
1570665600, 10/10/2019, 00:00:00, 0.02249, 0.02264, 0.02201, 0.02233, 12784.0595824
1570752000, 11/10/2019, 00:00:00, 0.02234, 0.02269, 0.02159, 0.02185, 22048.82818513
1570838400, 12/10/2019, 00:00:00, 0.02186, 0.02215, 0.02135, 0.02163, 9401.1928298
1570924800, 13/10/2019, 00:00:00, 0.02163, 0.02198, 0.02159, 0.02187, 8581.49676836
1571011200, 14/10/2019, 00:00:00, 0.02188, 0.02246, 0.02186, 0.02235, 10564.62797167
1571097600, 15/10/2019, 00:00:00, 0.02241, 0.02249, 0.02184, 0.02213, 18251.46168666
1571184000, 16/10/2019, 00:00:00, 0.02213, 0.02219, 0.02171, 0.02182, 11817.80110599
1571270400, 17/10/2019, 00:00:00, 0.02182, 0.02208, 0.02176, 0.02195, 8885.15697995
1571356800, 18/10/2019, 00:00:00, 0.02196, 0.02206, 0.02148, 0.02177, 16793.66056053
1571443200, 19/10/2019, 00:00:00, 0.02175, 0.02194, 0.02141, 0.0216, 4977.98367268
1571529600, 20/10/2019, 00:00:00, 0.0216, 0.02172, 0.02121, 0.0213, 7785.19475142
1571616000, 21/10/2019, 00:00:00, 0.02127, 0.02147, 0.021, 0.0212, 16313.70200235
1571702400, 22/10/2019, 00:00:00, 0.02121, 0.02136, 0.02087, 0.02135, 9360.12291116
1571788800, 23/10/2019, 00:00:00, 0.02134, 0.02177, 0.02067, 0.02171, 30152.83248129
1571875200, 24/10/2019, 00:00:00, 0.02171, 0.02184, 0.02139, 0.02162, 21942.62438129
1571961600, 25/10/2019, 00:00:00, 0.02162, 0.02194, 0.02085, 0.02095, 21400.92529584
1572048000, 26/10/2019, 00:00:00, 0.02096, 0.02104, 0.01891, 0.01944, 32560.45634302
1572134400, 27/10/2019, 00:00:00, 0.01944, 0.01959, 0.0191, 0.01929, 12273.85697916
1572220800, 28/10/2019, 00:00:00, 0.01928, 0.01978, 0.01899, 0.01974, 14258.04134476
1572307200, 29/10/2019, 00:00:00, 0.01973, 0.02045, 0.01957, 0.02026, 18593.79383387
1572393600, 30/10/2019, 00:00:00, 0.02026, 0.02054, 0.0197, 0.02001, 20937.8105064
1572480000, 31/10/2019, 00:00:00, 0.02002, 0.02015, 0.01962, 0.01995, 12127.22833572
1572566400, 01/11/2019, 00:00:00, 0.01992, 0.02008, 0.01952, 0.01981, 16535.2933955
1572652800, 02/11/2019, 00:00:00, 0.01982, 0.01991, 0.0196, 0.01969, 8056.06998893
1572739200, 03/11/2019, 00:00:00, 0.01968, 0.01993, 0.0196, 0.01972, 3926.0965223
1572825600, 04/11/2019, 00:00:00, 0.01973, 0.02021, 0.01968, 0.01978, 9205.31985784
1572912000, 05/11/2019, 00:00:00, 0.01976, 0.02056, 0.01972, 0.02027, 9664.05635688
1572998400, 06/11/2019, 00:00:00, 0.02026, 0.02072, 0.02022, 0.02047, 8075.38405449
1573084800, 07/11/2019, 00:00:00, 0.02045, 0.02052, 0.02012, 0.02028, 8843.5761962
1573171200, 08/11/2019, 00:00:00, 0.02027, 0.02099, 0.02013, 0.02093, 12490.62401213
1573257600, 09/11/2019, 00:00:00, 0.02093, 0.02107, 0.0208, 0.02099, 5486.04950792
1573344000, 10/11/2019, 00:00:00, 0.021, 0.02161, 0.02082, 0.02091, 14063.11844214
1573430400, 11/11/2019, 00:00:00, 0.02091, 0.02148, 0.02089, 0.02116, 9292.79927381
1573516800, 12/11/2019, 00:00:00, 0.02116, 0.02142, 0.02106, 0.02123, 10391.67279073
1573603200, 13/11/2019, 00:00:00, 0.02122, 0.0216, 0.02116, 0.02143, 13259.49359865
1573689600, 14/11/2019, 00:00:00, 0.02143, 0.02151, 0.02123, 0.02137, 7554.23873759
1573776000, 15/11/2019, 00:00:00, 0.02138, 0.02149, 0.02095, 0.02125, 18063.76296699
1573862400, 16/11/2019, 00:00:00, 0.02126, 0.02162, 0.02123, 0.02149, 6281.51497033
1573948800, 17/11/2019, 00:00:00, 0.02148, 0.0217, 0.02135, 0.02162, 8443.41101803
1574035200, 18/11/2019, 00:00:00, 0.02162, 0.02179, 0.02145, 0.02176, 10553.722576
1574121600, 19/11/2019, 00:00:00, 0.02176, 0.02178, 0.0214, 0.02162, 7390.00226695
1574208000, 20/11/2019, 00:00:00, 0.02162, 0.02182, 0.02145, 0.02157, 6943.14420782
1574294400, 21/11/2019, 00:00:00, 0.02157, 0.02169, 0.02084, 0.02112, 15328.8474701
1574380800, 22/11/2019, 00:00:00, 0.02112, 0.02123, 0.0203, 0.02057, 23306.91260967
1574467200, 23/11/2019, 00:00:00, 0.02057, 0.02107, 0.0204, 0.02076, 8501.36541115
1574553600, 24/11/2019, 00:00:00, 0.02077, 0.02097, 0.02021, 0.02025, 8828.51482903
1574640000, 25/11/2019, 00:00:00, 0.02027, 0.0211, 0.02013, 0.02051, 20869.7976517
1574726400, 26/11/2019, 00:00:00, 0.02051, 0.02083, 0.02035, 0.02063, 8428.86646267
1574812800, 27/11/2019, 00:00:00, 0.02063, 0.02077, 0.02028, 0.02031, 10431.02059064
1574899200, 28/11/2019, 00:00:00, 0.02035, 0.02049, 0.02003, 0.0203, 7636.42172278
1574985600, 29/11/2019, 00:00:00, 0.02031, 0.02049, 0.01974, 0.01995, 9490.60480148
1575072000, 30/11/2019, 00:00:00, 0.01995, 0.02017, 0.01979, 0.02007, 7586.52528734
1575158400, 01/12/2019, 00:00:00, 0.02007, 0.02056, 0.01995, 0.02037, 10201.66973711
1575244800, 02/12/2019, 00:00:00, 0.02041, 0.02051, 0.02022, 0.02037, 7788.39133545
1575331200, 03/12/2019, 00:00:00, 0.02038, 0.02041, 0.02013, 0.0202, 8082.30040069
1575417600, 04/12/2019, 00:00:00, 0.02018, 0.02036, 0.01953, 0.02023, 10069.01297038
1575504000, 05/12/2019, 00:00:00, 0.02023, 0.02024, 0.01979, 0.02004, 6425.88096446
1575590400, 06/12/2019, 00:00:00, 0.02004, 0.02011, 0.01969, 0.01971, 8030.97850084
1575676800, 07/12/2019, 00:00:00, 0.01973, 0.0198, 0.01961, 0.01964, 4591.52105523
1575763200, 08/12/2019, 00:00:00, 0.01965, 0.02012, 0.01961, 0.02004, 5494.87974498
1575849600, 09/12/2019, 00:00:00, 0.02002, 0.02014, 0.01976, 0.02007, 8494.54040726
1575936000, 10/12/2019, 00:00:00, 0.02009, 0.02021, 0.01991, 0.02013, 6946.6143734
1576022400, 11/12/2019, 00:00:00, 0.02013, 0.0202, 0.01977, 0.0199, 6379.38625689
1576108800, 12/12/2019, 00:00:00, 0.01989, 0.02018, 0.01961, 0.02012, 10085.47837921
1576195200, 13/12/2019, 00:00:00, 0.02012, 0.02014, 0.01982, 0.01996, 9356.71577384
1576281600, 14/12/2019, 00:00:00, 0.01996, 0.02013, 0.01979, 0.02006, 5169.06455608
1576368000, 15/12/2019, 00:00:00, 0.02006, 0.02013, 0.01987, 0.02002, 5270.99721415
1576454400, 16/12/2019, 00:00:00, 0.02001, 0.02007, 0.01886, 0.01925, 19413.25047532
1576540800, 17/12/2019, 00:00:00, 0.01926, 0.01934, 0.01823, 0.01842, 25768.01219852
1576627200, 18/12/2019, 00:00:00, 0.01842, 0.01878, 0.018, 0.01823, 22311.17506344
1576713600, 19/12/2019, 00:00:00, 0.01825, 0.01833, 0.0176, 0.01792, 16273.90681457
1576800000, 20/12/2019, 00:00:00, 0.01794, 0.01797, 0.01774, 0.01786, 6519.33107869
1576886400, 21/12/2019, 00:00:00, 0.01785, 0.0179, 0.01773, 0.01781, 4581.72370061
1576972800, 22/12/2019, 00:00:00, 0.01781, 0.01817, 0.0176, 0.01761, 8115.87578253
1577059200, 23/12/2019, 00:00:00, 0.0176, 0.01775, 0.01725, 0.01749, 8777.61247288
1577145600, 24/12/2019, 00:00:00, 0.01748, 0.01775, 0.01737, 0.0176, 8075.82985744
1577232000, 25/12/2019, 00:00:00, 0.0176, 0.01762, 0.01716, 0.01736, 5990.99656918
1577318400, 26/12/2019, 00:00:00, 0.01736, 0.01779, 0.01729, 0.01745, 7575.68794412
1577404800, 27/12/2019, 00:00:00, 0.01744, 0.01752, 0.01726, 0.01742, 6123.19658301
1577491200, 28/12/2019, 00:00:00, 0.01741, 0.01766, 0.01737, 0.01752, 10169.45836439
1577577600, 29/12/2019, 00:00:00, 0.01752, 0.01831, 0.01748, 0.0182, 8225.34450394
1577664000, 30/12/2019, 00:00:00, 0.0182, 0.0184, 0.01792, 0.01816, 7662.06082163
1577750400, 31/12/2019, 00:00:00, 0.01817, 0.01828, 0.01785, 0.01794, 10795.79155641
1577836800, 01/01/2020, 00:00:00, 0.01794, 0.01835, 0.01791, 0.01813, 7545.06854638
1577923200, 02/01/2020, 00:00:00, 0.01815, 0.01832, 0.01797, 0.01826, 6013.71188455
1578009600, 03/01/2020, 00:00:00, 0.01825, 0.0184, 0.0178, 0.01831, 11075.66836592
1578096000, 04/01/2020, 00:00:00, 0.0183, 0.01837, 0.01815, 0.01826, 4675.33166902
1578182400, 05/01/2020, 00:00:00, 0.01828, 0.01865, 0.01816, 0.01841, 9917.41628267
1578268800, 06/01/2020, 00:00:00, 0.01841, 0.01888, 0.01834, 0.01858, 16242.17268823
1578355200, 07/01/2020, 00:00:00, 0.01858, 0.01858, 0.01752, 0.01753, 18237.25074645
1578441600, 08/01/2020, 00:00:00, 0.01752, 0.01753, 0.01696, 0.01748, 22691.72234873
1578528000, 09/01/2020, 00:00:00, 0.01749, 0.01771, 0.01732, 0.0176, 8781.21089352
1578614400, 10/01/2020, 00:00:00, 0.01761, 0.01793, 0.01746, 0.01769, 13399.50553251
1578700800, 11/01/2020, 00:00:00, 0.01766, 0.01806, 0.01751, 0.01776, 9350.64457136
1578787200, 12/01/2020, 00:00:00, 0.01778, 0.01792, 0.01761, 0.01791, 7135.9611058
1578873600, 13/01/2020, 00:00:00, 0.01792, 0.01795, 0.01759, 0.01772, 9027.43085155
1578960000, 14/01/2020, 00:00:00, 0.01771, 0.0193, 0.01737, 0.01881, 46188.8998265
1579046400, 15/01/2020, 00:00:00, 0.0188, 0.01946, 0.01844, 0.01887, 22269.01901023
1579132800, 16/01/2020, 00:00:00, 0.01887, 0.01894, 0.01842, 0.01885, 11253.14020003
1579219200, 17/01/2020, 00:00:00, 0.01885, 0.01943, 0.0187, 0.01908, 24919.36671158
1579305600, 18/01/2020, 00:00:00, 0.01908, 0.02002, 0.01872, 0.01953, 27342.23779038
1579392000, 19/01/2020, 00:00:00, 0.01953, 0.01967, 0.01889, 0.01918, 24825.46618116
1579478400, 20/01/2020, 00:00:00, 0.0192, 0.0194, 0.01888, 0.0193, 9561.49334411
1579564800, 21/01/2020, 00:00:00, 0.0193, 0.01952, 0.01919, 0.0194, 7687.29829903
1579651200, 22/01/2020, 00:00:00, 0.01943, 0.01953, 0.01921, 0.01936, 11920.98600171
1579737600, 23/01/2020, 00:00:00, 0.01936, 0.01954, 0.01911, 0.01939, 9164.84657252
1579824000, 24/01/2020, 00:00:00, 0.01938, 0.01942, 0.01885, 0.01927, 7926.03618549
1579910400, 25/01/2020, 00:00:00, 0.01926, 0.01937, 0.01899, 0.01924, 3821.20163228
1579996800, 26/01/2020, 00:00:00, 0.01923, 0.01954, 0.01916, 0.0195, 6599.07269846
1580083200, 27/01/2020, 00:00:00, 0.01947, 0.01954, 0.01904, 0.01908, 9651.11067756
1580169600, 28/01/2020, 00:00:00, 0.01908, 0.01916, 0.01871, 0.01874, 12621.43236474
1580256000, 29/01/2020, 00:00:00, 0.01872, 0.01906, 0.01861, 0.01862, 7114.65684484
1580342400, 30/01/2020, 00:00:00, 0.01865, 0.01953, 0.01852, 0.01942, 17235.01263125
1580428800, 31/01/2020, 00:00:00, 0.01943, 0.01955, 0.01902, 0.01923, 13453.45323927
1580515200, 01/02/2020, 00:00:00, 0.01923, 0.01989, 0.01919, 0.01957, 13243.23192061
1580601600, 02/02/2020, 00:00:00, 0.01958, 0.02044, 0.01944, 0.02021, 16441.91050085
1580688000, 03/02/2020, 00:00:00, 0.02019, 0.02055, 0.02015, 0.02042, 10582.9366326
1580774400, 04/02/2020, 00:00:00, 0.02041, 0.0206, 0.02015, 0.02054, 7749.27278698
1580860800, 05/02/2020, 00:00:00, 0.02055, 0.02145, 0.02043, 0.0212, 19798.47585748
1580947200, 06/02/2020, 00:00:00, 0.0212, 0.022, 0.02108, 0.02183, 28356.62083248
1581033600, 07/02/2020, 00:00:00, 0.02184, 0.02283, 0.02183, 0.02279, 25515.33007201
1581120000, 08/02/2020, 00:00:00, 0.02277, 0.02317, 0.0221, 0.02254, 18834.75230491
1581206400, 09/02/2020, 00:00:00, 0.02255, 0.02287, 0.02228, 0.0225, 12269.17322944
1581292800, 10/02/2020, 00:00:00, 0.0225, 0.0228, 0.02207, 0.02263, 14325.062639
1581379200, 11/02/2020, 00:00:00, 0.02265, 0.0233, 0.02236, 0.02317, 18686.87666695
1581465600, 12/02/2020, 00:00:00, 0.02319, 0.0265, 0.02317, 0.02571, 56609.13484139
1581552000, 13/02/2020, 00:00:00, 0.02573, 0.02683, 0.02514, 0.02624, 44665.65072159
1581638400, 14/02/2020, 00:00:00, 0.02625, 0.02776, 0.02576, 0.0276, 30890.00604807
1581724800, 15/02/2020, 00:00:00, 0.02757, 0.02784, 0.02658, 0.02675, 40823.47261938
1581811200, 16/02/2020, 00:00:00, 0.02675, 0.02731, 0.02452, 0.02611, 37980.21170325
1581897600, 17/02/2020, 00:00:00, 0.02612, 0.02767, 0.02491, 0.02762, 31594.63927909
1581984000, 18/02/2020, 00:00:00, 0.02762, 0.02851, 0.02697, 0.02778, 36196.790271
1582070400, 19/02/2020, 00:00:00, 0.02779, 0.02789, 0.0267, 0.02695, 43139.57209162
1582156800, 20/02/2020, 00:00:00, 0.02692, 0.02739, 0.02592, 0.0268, 26069.3698717
1582243200, 21/02/2020, 00:00:00, 0.02678, 0.02756, 0.02652, 0.02742, 20338.20124833
1582329600, 22/02/2020, 00:00:00, 0.02741, 0.02748, 0.02679, 0.0271, 10057.77968296
1582416000, 23/02/2020, 00:00:00, 0.02712, 0.02765, 0.027, 0.02764, 11882.09270531
1582502400, 24/02/2020, 00:00:00, 0.02763, 0.02778, 0.02707, 0.0275, 20198.53830685
1582588800, 25/02/2020, 00:00:00, 0.0275, 0.02753, 0.02644, 0.02647, 21447.88623039
1582675200, 26/02/2020, 00:00:00, 0.02645, 0.02669, 0.02482, 0.02549, 35989.9101068
1582761600, 27/02/2020, 00:00:00, 0.02547, 0.02663, 0.0246, 0.02578, 35606.75995686
1582848000, 28/02/2020, 00:00:00, 0.02582, 0.02636, 0.02529, 0.02611, 22996.84384237
1582934400, 29/02/2020, 00:00:00, 0.0261, 0.0266, 0.02548, 0.02552, 8586.56147444
1583020800, 01/03/2020, 00:00:00, 0.02548, 0.02605, 0.02514, 0.02551, 14517.73706448
1583107200, 02/03/2020, 00:00:00, 0.02552, 0.0263, 0.02539, 0.02604, 17101.14736635
1583193600, 03/03/2020, 00:00:00, 0.02602, 0.02615, 0.02542, 0.02556, 16275.06198257
1583280000, 04/03/2020, 00:00:00, 0.02554, 0.02595, 0.0254, 0.02562, 18402.29646215
1583366400, 05/03/2020, 00:00:00, 0.02563, 0.02576, 0.02503, 0.02521, 13676.56079297
1583452800, 06/03/2020, 00:00:00, 0.02523, 0.02685, 0.0252, 0.02682, 16247.88320397
1583539200, 07/03/2020, 00:00:00, 0.02684, 0.02754, 0.02663, 0.02669, 19947.35036855
1583625600, 08/03/2020, 00:00:00, 0.0267, 0.0267, 0.02449, 0.02481, 42397.12305771
1583712000, 09/03/2020, 00:00:00, 0.02482, 0.02616, 0.02471, 0.02557, 43288.63479671
1583798400, 10/03/2020, 00:00:00, 0.02554, 0.02572, 0.02505, 0.02543, 17995.03121719
1583884800, 11/03/2020, 00:00:00, 0.02543, 0.02557, 0.02392, 0.02451, 18022.59250776
1583971200, 12/03/2020, 00:00:00, 0.02453, 0.02455, 0.02108, 0.02259, 216717.03886797
1584057600, 13/03/2020, 00:00:00, 0.02256, 0.02522, 0.02178, 0.02403, 262412.8706759
1584144000, 14/03/2020, 00:00:00, 0.02403, 0.02444, 0.02345, 0.02368, 27826.491173
1584230400, 15/03/2020, 00:00:00, 0.02368, 0.0238, 0.02214, 0.02308, 48989.19679217
1584316800, 16/03/2020, 00:00:00, 0.02305, 0.02329, 0.0218, 0.02208, 82733.44286583
1584403200, 17/03/2020, 00:00:00, 0.02207, 0.02258, 0.02155, 0.02175, 15438.84599403
1584489600, 18/03/2020, 00:00:00, 0.02175, 0.02203, 0.0216, 0.02194, 18279.1480189
1584576000, 19/03/2020, 00:00:00, 0.02191, 0.02237, 0.02157, 0.02215, 34534.34980045
1584662400, 20/03/2020, 00:00:00, 0.02215, 0.02276, 0.0203, 0.02149, 43717.28411029
1584748800, 21/03/2020, 00:00:00, 0.02149, 0.0216, 0.02113, 0.02143, 11844.79528271
1584835200, 22/03/2020, 00:00:00, 0.02145, 0.02153, 0.02083, 0.02105, 13452.06494517
1584921600, 23/03/2020, 00:00:00, 0.02105, 0.02138, 0.02048, 0.02105, 17981.42505578
1585008000, 24/03/2020, 00:00:00, 0.02106, 0.02114, 0.02048, 0.02054, 25347.58900314
1585094400, 25/03/2020, 00:00:00, 0.02056, 0.02109, 0.02029, 0.02035, 16256.23249186
1585180800, 26/03/2020, 00:00:00, 0.02035, 0.02075, 0.02021, 0.02054, 17292.52315815
1585267200, 27/03/2020, 00:00:00, 0.02058, 0.02086, 0.02039, 0.02065, 12457.94862016
1585353600, 28/03/2020, 00:00:00, 0.02065, 0.02123, 0.02052, 0.02101, 13532.52566876
1585440000, 29/03/2020, 00:00:00, 0.02101, 0.02126, 0.02087, 0.02118, 13637.71977858
1585526400, 30/03/2020, 00:00:00, 0.02118, 0.0213, 0.02046, 0.02067, 16182.783295
1585612800, 31/03/2020, 00:00:00, 0.02063, 0.02085, 0.02041, 0.02072, 9966.31574658
1585699200, 01/04/2020, 00:00:00, 0.02071, 0.02117, 0.0204, 0.02049, 10917.42289829
1585785600, 02/04/2020, 00:00:00, 0.02055, 0.0211, 0.0204, 0.02079, 15369.41192046
1585872000, 03/04/2020, 00:00:00, 0.0208, 0.02109, 0.02077, 0.02099, 9524.87479496
1585958400, 04/04/2020, 00:00:00, 0.021, 0.02124, 0.02081, 0.02103, 13216.90078355
1586044800, 05/04/2020, 00:00:00, 0.02103, 0.02119, 0.02099, 0.02107, 7954.17127761
1586131200, 06/04/2020, 00:00:00, 0.02109, 0.02343, 0.02102, 0.02337, 33303.73791013
1586217600, 07/04/2020, 00:00:00, 0.02338, 0.0237, 0.02273, 0.02284, 49399.74992524
1586304000, 08/04/2020, 00:00:00, 0.02285, 0.02356, 0.02277, 0.02352, 12928.28641784
1586390400, 09/04/2020, 00:00:00, 0.02353, 0.02358, 0.02321, 0.02329, 10023.92287996
1586476800, 10/04/2020, 00:00:00, 0.02327, 0.02334, 0.02246, 0.02305, 25283.5148173
1586563200, 11/04/2020, 00:00:00, 0.02306, 0.02326, 0.02272, 0.02302, 6976.35338232
1586649600, 12/04/2020, 00:00:00, 0.02303, 0.0232, 0.02281, 0.02299, 8612.27100846
1586736000, 13/04/2020, 00:00:00, 0.02298, 0.02312, 0.0226, 0.02286, 14234.11181967
1586822400, 14/04/2020, 00:00:00, 0.02286, 0.02326, 0.02283, 0.02308, 9412.83601676
1586908800, 15/04/2020, 00:00:00, 0.02306, 0.0234, 0.02286, 0.02309, 9584.51615226
1586995200, 16/04/2020, 00:00:00, 0.02306, 0.02473, 0.02289, 0.02428, 23451.89857835
1587081600, 17/04/2020, 00:00:00, 0.02428, 0.02449, 0.02389, 0.02431, 10154.15960875
1587168000, 18/04/2020, 00:00:00, 0.02433, 0.02613, 0.02428, 0.02589, 29960.52202809
1587254400, 19/04/2020, 00:00:00, 0.02589, 0.02602, 0.02497, 0.02528, 17991.86381037
1587340800, 20/04/2020, 00:00:00, 0.02528, 0.02585, 0.02469, 0.02493, 20980.29708041
1587427200, 21/04/2020, 00:00:00, 0.02489, 0.0253, 0.02483, 0.02494, 10841.8595625
1587513600, 22/04/2020, 00:00:00, 0.02495, 0.02576, 0.0249, 0.02566, 8755.07440751
1587600000, 23/04/2020, 00:00:00, 0.02567, 0.02604, 0.02462, 0.02481, 23431.2283933
1587686400, 24/04/2020, 00:00:00, 0.0248, 0.02511, 0.02475, 0.025, 12469.30076454
1587772800, 25/04/2020, 00:00:00, 0.025, 0.02592, 0.02491, 0.02574, 24791.48790758
1587859200, 26/04/2020, 00:00:00, 0.02576, 0.02594, 0.0255, 0.02565, 13624.05170158
1587945600, 27/04/2020, 00:00:00, 0.02567, 0.02568, 0.02483, 0.02527, 12214.9494579
1588032000, 28/04/2020, 00:00:00, 0.02526, 0.02549, 0.02509, 0.02536, 10878.68177302
1588118400, 29/04/2020, 00:00:00, 0.02536, 0.026, 0.02422, 0.02453, 32244.01625398
1588204800, 30/04/2020, 00:00:00, 0.02452, 0.02465, 0.02361, 0.02391, 39280.10648513
1588291200, 01/05/2020, 00:00:00, 0.0239, 0.02436, 0.02386, 0.02403, 16109.86330588
1588377600, 02/05/2020, 00:00:00, 0.02402, 0.02417, 0.02377, 0.02385, 15470.20591151
1588464000, 03/05/2020, 00:00:00, 0.02385, 0.02401, 0.02345, 0.02359, 17267.66290537
1588550400, 04/05/2020, 00:00:00, 0.02358, 0.02367, 0.02274, 0.02327, 17054.61173354
1588636800, 05/05/2020, 00:00:00, 0.02328, 0.02344, 0.02273, 0.02276, 13495.0690691
1588723200, 06/05/2020, 00:00:00, 0.02276, 0.02309, 0.0217, 0.02174, 27360.29433565
1588809600, 07/05/2020, 00:00:00, 0.02171, 0.02225, 0.02103, 0.02122, 77936.30551408
1588896000, 08/05/2020, 00:00:00, 0.02122, 0.02166, 0.02117, 0.02156, 39366.06010024
1588982400, 09/05/2020, 00:00:00, 0.02156, 0.0224, 0.02149, 0.02203, 45574.46285704
1589068800, 10/05/2020, 00:00:00, 0.02201, 0.02298, 0.02136, 0.02149, 64285.08066933
1589155200, 11/05/2020, 00:00:00, 0.02152, 0.02182, 0.02096, 0.02165, 43160.72989839
1589241600, 12/05/2020, 00:00:00, 0.02169, 0.02183, 0.02133, 0.02154, 17976.86047544
1589328000, 13/05/2020, 00:00:00, 0.02153, 0.02173, 0.02111, 0.02144, 18774.79194541
1589414400, 14/05/2020, 00:00:00, 0.02146, 0.02146, 0.02048, 0.02076, 30774.15069222
1589500800, 15/05/2020, 00:00:00, 0.02075, 0.02131, 0.02068, 0.02091, 22103.7439131
1589587200, 16/05/2020, 00:00:00, 0.02091, 0.02154, 0.02087, 0.02138, 16422.60714501
1589673600, 17/05/2020, 00:00:00, 0.02137, 0.02151, 0.02094, 0.0214, 11897.98556906
1589760000, 18/05/2020, 00:00:00, 0.02139, 0.02227, 0.02131, 0.02208, 26085.58846034
1589846400, 19/05/2020, 00:00:00, 0.02208, 0.02215, 0.0218, 0.02194, 11463.3629702
1589932800, 20/05/2020, 00:00:00, 0.02196, 0.02216, 0.02163, 0.02208, 16845.3501441
1590019200, 21/05/2020, 00:00:00, 0.02208, 0.02223, 0.02175, 0.02192, 17313.71527296
1590105600, 22/05/2020, 00:00:00, 0.02192, 0.02274, 0.02184, 0.02261, 18628.01639978
1590192000, 23/05/2020, 00:00:00, 0.02261, 0.02279, 0.02245, 0.02251, 8393.1433601
1590278400, 24/05/2020, 00:00:00, 0.02251, 0.02317, 0.0225, 0.0229, 12699.46021116
1590364800, 25/05/2020, 00:00:00, 0.0229, 0.02324, 0.02288, 0.02293, 14498.93587294
1590451200, 26/05/2020, 00:00:00, 0.02294, 0.02302, 0.0226, 0.02274, 9970.59586185
1590537600, 27/05/2020, 00:00:00, 0.02273, 0.02303, 0.02243, 0.02265, 10163.90118839
1590624000, 28/05/2020, 00:00:00, 0.02263, 0.02302, 0.02215, 0.02302, 16028.69955169
1590710400, 29/05/2020, 00:00:00, 0.02301, 0.02355, 0.02301, 0.02342, 16031.13301165
1590796800, 30/05/2020, 00:00:00, 0.02342, 0.02561, 0.02334, 0.02513, 28640.38487081
1590883200, 31/05/2020, 00:00:00, 0.02513, 0.0254, 0.02444, 0.0245, 15908.73521829
1590969600, 01/06/2020, 00:00:00, 0.02451, 0.02525, 0.02414, 0.02433, 30642.50471251
1591056000, 02/06/2020, 00:00:00, 0.02434, 0.0254, 0.024, 0.02497, 33919.57980202
1591142400, 03/06/2020, 00:00:00, 0.02497, 0.02537, 0.02478, 0.0253, 9707.91399314
1591228800, 04/06/2020, 00:00:00, 0.0253, 0.02549, 0.02449, 0.02484, 17980.44626434
1591315200, 05/06/2020, 00:00:00, 0.02483, 0.02515, 0.02472, 0.02495, 12837.19908031
1591401600, 06/06/2020, 00:00:00, 0.02497, 0.02518, 0.02488, 0.02503, 7207.83141506
1591488000, 07/06/2020, 00:00:00, 0.02504, 0.02517, 0.02472, 0.02509, 10166.51767448
1591574400, 08/06/2020, 00:00:00, 0.02509, 0.02526, 0.02494, 0.02521, 9892.32201381
1591660800, 09/06/2020, 00:00:00, 0.02521, 0.02543, 0.02487, 0.02497, 15432.30917258
1591747200, 10/06/2020, 00:00:00, 0.02495, 0.02518, 0.02483, 0.02506, 16938.81086528
1591833600, 11/06/2020, 00:00:00, 0.02507, 0.02521, 0.02458, 0.02483, 25047.61911609
1591920000, 12/06/2020, 00:00:00, 0.02481, 0.0252, 0.02469, 0.02509, 8691.55054387
1592006400, 13/06/2020, 00:00:00, 0.02511, 0.02528, 0.02499, 0.02514, 5425.24326389
1592092800, 14/06/2020, 00:00:00, 0.02513, 0.02523, 0.0248, 0.0248, 9050.0032281
1592179200, 15/06/2020, 00:00:00, 0.0248, 0.02484, 0.02426, 0.02449, 17862.37515773
1592265600, 16/06/2020, 00:00:00, 0.02449, 0.02476, 0.0243, 0.02472, 8608.46420844
1592352000, 17/06/2020, 00:00:00, 0.02473, 0.02485, 0.02456, 0.02471, 9321.50533025
1592438400, 18/06/2020, 00:00:00, 0.02471, 0.02483, 0.02444, 0.02464, 7357.19305618
1592524800, 19/06/2020, 00:00:00, 0.02464, 0.02471, 0.02438, 0.0246, 7082.72842357
1592611200, 20/06/2020, 00:00:00, 0.02459, 0.02473, 0.02439, 0.02445, 7598.04844624
1592697600, 21/06/2020, 00:00:00, 0.02445, 0.02466, 0.02443, 0.02452, 6411.79329108
1592784000, 22/06/2020, 00:00:00, 0.02453, 0.02562, 0.02451, 0.02511, 16704.52908732
1592870400, 23/06/2020, 00:00:00, 0.0251, 0.02534, 0.02504, 0.02526, 11106.58559993
1592956800, 24/06/2020, 00:00:00, 0.02528, 0.02586, 0.02504, 0.02523, 23113.78798281
1593043200, 25/06/2020, 00:00:00, 0.02525, 0.02535, 0.02509, 0.02513, 9737.70912932
1593129600, 26/06/2020, 00:00:00, 0.02513, 0.02522, 0.02502, 0.02507, 9321.71156176
1593216000, 27/06/2020, 00:00:00, 0.02507, 0.02516, 0.02427, 0.02452, 13215.63524784
1593302400, 28/06/2020, 00:00:00, 0.02451, 0.02483, 0.02436, 0.02467, 9794.89017738
1593388800, 29/06/2020, 00:00:00, 0.02466, 0.02491, 0.02442, 0.0248, 8054.87974754
1593475200, 30/06/2020, 00:00:00, 0.02482, 0.02488, 0.02454, 0.02469, 8732.9818719
1593561600, 01/07/2020, 00:00:00, 0.02469, 0.02509, 0.02459, 0.02503, 14110.46391691
1593648000, 02/07/2020, 00:00:00, 0.02503, 0.02509, 0.02475, 0.02491, 12777.66096846
1593734400, 03/07/2020, 00:00:00, 0.02491, 0.02502, 0.02478, 0.02483, 7703.6464243
1593820800, 04/07/2020, 00:00:00, 0.02483, 0.02511, 0.02481, 0.02509, 5655.44409774
1593907200, 05/07/2020, 00:00:00, 0.02508, 0.02514, 0.02485, 0.02509, 6020.77591941
1593993600, 06/07/2020, 00:00:00, 0.02509, 0.02586, 0.02503, 0.02585, 15345.57152493
1594080000, 07/07/2020, 00:00:00, 0.02586, 0.02602, 0.02545, 0.02587, 12638.70575884
1594166400, 08/07/2020, 00:00:00, 0.02588, 0.02639, 0.02575, 0.02617, 26765.24999917
1594252800, 09/07/2020, 00:00:00, 0.02616, 0.0263, 0.02589, 0.0262, 17012.6383667
1594339200, 10/07/2020, 00:00:00, 0.02621, 0.02621, 0.02583, 0.02597, 10520.7839546
1594425600, 11/07/2020, 00:00:00, 0.02598, 0.02603, 0.02583, 0.0259, 6003.82055491
1594512000, 12/07/2020, 00:00:00, 0.02592, 0.02615, 0.02568, 0.0261, 10574.06323388
1594598400, 13/07/2020, 00:00:00, 0.02611, 0.02632, 0.0257, 0.02592, 21634.06457112
1594684800, 14/07/2020, 00:00:00, 0.02592, 0.02613, 0.02582, 0.026, 10449.07008553
1594771200, 15/07/2020, 00:00:00, 0.02599, 0.02603, 0.0258, 0.02593, 15824.79225307
1594857600, 16/07/2020, 00:00:00, 0.02593, 0.02598, 0.02532, 0.02558, 18595.76522299
1594944000, 17/07/2020, 00:00:00, 0.02558, 0.02565, 0.02539, 0.02542, 9854.49851582
1595030400, 18/07/2020, 00:00:00, 0.02542, 0.02577, 0.0254, 0.02571, 9134.95461062
1595116800, 19/07/2020, 00:00:00, 0.02572, 0.026, 0.02554, 0.02595, 8482.73073208
1595203200, 20/07/2020, 00:00:00, 0.02598, 0.02606, 0.02559, 0.02577, 11036.08481008
1595289600, 21/07/2020, 00:00:00, 0.02576, 0.02628, 0.02573, 0.02614, 19080.75053336
1595376000, 22/07/2020, 00:00:00, 0.02615, 0.0283, 0.026, 0.02772, 33858.79892136
1595462400, 23/07/2020, 00:00:00, 0.02772, 0.02937, 0.02744, 0.02867, 44635.45764166
1595548800, 24/07/2020, 00:00:00, 0.02865, 0.02984, 0.02827, 0.02928, 29815.10844295
1595635200, 25/07/2020, 00:00:00, 0.02932, 0.03178, 0.02931, 0.03148, 37426.50777875
1595721600, 26/07/2020, 00:00:00, 0.03148, 0.03277, 0.03059, 0.03133, 52631.89351583
1595808000, 27/07/2020, 00:00:00, 0.03133, 0.03263, 0.02855, 0.0292, 100615.1496804
1595894400, 28/07/2020, 00:00:00, 0.02919, 0.02931, 0.02846, 0.02905, 44319.86206242
1595980800, 29/07/2020, 00:00:00, 0.02904, 0.02939, 0.02852, 0.02863, 25369.02291318
1596067200, 30/07/2020, 00:00:00, 0.02862, 0.03068, 0.02862, 0.03016, 41827.9125033
1596153600, 31/07/2020, 00:00:00, 0.0302, 0.031, 0.02994, 0.03056, 34646.1969009
1596240000, 01/08/2020, 00:00:00, 0.03057, 0.03322, 0.03031, 0.03281, 47770.28363128
1596326400, 02/08/2020, 00:00:00, 0.0328, 0.03465, 0.0303, 0.03364, 90666.10251803
1596412800, 03/08/2020, 00:00:00, 0.03365, 0.03516, 0.03351, 0.03438, 30746.3617852
1596499200, 04/08/2020, 00:00:00, 0.03441, 0.03532, 0.03435, 0.03481, 30236.29229818
1596585600, 05/08/2020, 00:00:00, 0.03479, 0.03527, 0.03383, 0.03412, 33732.09104427
1596672000, 06/08/2020, 00:00:00, 0.03412, 0.03428, 0.03337, 0.03357, 21682.93615679
1596758400, 07/08/2020, 00:00:00, 0.03357, 0.03364, 0.03176, 0.03272, 33471.54304044
1596844800, 08/08/2020, 00:00:00, 0.03271, 0.03378, 0.03261, 0.03376, 12447.40647487
1596931200, 09/08/2020, 00:00:00, 0.03377, 0.03395, 0.03312, 0.03344, 18159.14016499
1597017600, 10/08/2020, 00:00:00, 0.03346, 0.03362, 0.03284, 0.03327, 22865.37443558
1597104000, 11/08/2020, 00:00:00, 0.03328, 0.03373, 0.03281, 0.03327, 20524.74859782
1597190400, 12/08/2020, 00:00:00, 0.03327, 0.0336, 0.03278, 0.0335, 20481.32268491
1597276800, 13/08/2020, 00:00:00, 0.03349, 0.03663, 0.03343, 0.03605, 39640.34535025
1597363200, 14/08/2020, 00:00:00, 0.03604, 0.03768, 0.03576, 0.03728, 36118.26830838
1597449600, 15/08/2020, 00:00:00, 0.03728, 0.03736, 0.03579, 0.03646, 35201.054121
1597536000, 16/08/2020, 00:00:00, 0.03648, 0.03674, 0.03521, 0.0364, 34719.56036295
1597622400, 17/08/2020, 00:00:00, 0.03642, 0.03646, 0.03468, 0.03508, 43123.03456621
1597708800, 18/08/2020, 00:00:00, 0.03505, 0.03564, 0.03477, 0.03531, 30453.62582925
1597795200, 19/08/2020, 00:00:00, 0.03532, 0.0355, 0.03388, 0.03469, 27086.39635575
1597881600, 20/08/2020, 00:00:00, 0.03471, 0.03528, 0.03445, 0.03508, 18045.44385834
1597968000, 21/08/2020, 00:00:00, 0.03508, 0.03525, 0.0335, 0.03363, 27866.34387902
1598054400, 22/08/2020, 00:00:00, 0.03364, 0.03403, 0.03332, 0.03389, 16778.08120877
1598140800, 23/08/2020, 00:00:00, 0.0339, 0.03399, 0.03328, 0.03355, 11484.96447386
1598227200, 24/08/2020, 00:00:00, 0.03355, 0.03482, 0.03344, 0.03472, 14352.08325455
1598313600, 25/08/2020, 00:00:00, 0.03472, 0.03479, 0.03283, 0.03384, 21585.19648888
1598400000, 26/08/2020, 00:00:00, 0.03384, 0.03417, 0.03351, 0.03366, 16186.34173054
1598486400, 27/08/2020, 00:00:00, 0.03367, 0.03426, 0.0333, 0.03381, 16307.51197754
1598572800, 28/08/2020, 00:00:00, 0.03381, 0.03451, 0.03366, 0.03426, 11140.38332187
1598659200, 29/08/2020, 00:00:00, 0.03428, 0.03522, 0.03417, 0.03475, 11199.60641609
1598745600, 30/08/2020, 00:00:00, 0.03475, 0.03672, 0.03475, 0.03663, 21553.53029803
1598832000, 31/08/2020, 00:00:00, 0.03662, 0.03749, 0.03606, 0.03725, 21292.91354374
1598918400, 01/09/2020, 00:00:00, 0.03726, 0.0406, 0.03706, 0.0399, 43943.62776184
1599004800, 02/09/2020, 00:00:00, 0.0399, 0.04046, 0.03745, 0.03859, 42438.33085212
1599091200, 03/09/2020, 00:00:00, 0.0386, 0.03944, 0.03515, 0.03758, 44709.46776412
1599177600, 04/09/2020, 00:00:00, 0.03758, 0.03812, 0.03615, 0.03705, 34028.35686113
1599264000, 05/09/2020, 00:00:00, 0.03707, 0.03737, 0.03122, 0.03294, 73278.62703627
1599350400, 06/09/2020, 00:00:00, 0.03293, 0.03484, 0.03163, 0.03442, 29398.47349775
1599436800, 07/09/2020, 00:00:00, 0.03438, 0.03477, 0.03274, 0.03408, 17591.10079646
1599523200, 08/09/2020, 00:00:00, 0.0341, 0.0342, 0.03296, 0.03332, 17077.07109881
1599609600, 09/09/2020, 00:00:00, 0.0333, 0.03475, 0.03312, 0.03433, 14357.18066587
1599696000, 10/09/2020, 00:00:00, 0.03431, 0.03607, 0.0343, 0.03557, 18375.23877575
1599782400, 11/09/2020, 00:00:00, 0.03557, 0.03611, 0.03487, 0.03598, 12274.24329495
1599868800, 12/09/2020, 00:00:00, 0.03599, 0.03716, 0.03542, 0.03714, 9113.70879273
1599955200, 13/09/2020, 00:00:00, 0.03712, 0.03713, 0.03459, 0.03546, 16242.83892232
1600041600, 14/09/2020, 00:00:00, 0.03546, 0.03587, 0.0347, 0.03533, 17371.37553537
1600128000, 15/09/2020, 00:00:00, 0.03532, 0.03544, 0.03359, 0.03376, 22089.66240392
1600214400, 16/09/2020, 00:00:00, 0.03376, 0.03384, 0.03314, 0.03333, 21899.44366786
1600300800, 17/09/2020, 00:00:00, 0.03332, 0.03608, 0.03324, 0.03558, 30301.98090055
1600387200, 18/09/2020, 00:00:00, 0.03556, 0.03582, 0.03471, 0.03513, 14051.87904507
1600473600, 19/09/2020, 00:00:00, 0.0351, 0.03517, 0.0345, 0.03476, 13114.16315206
1600560000, 20/09/2020, 00:00:00, 0.03478, 0.03487, 0.03377, 0.03397, 12574.29215568
1600646400, 21/09/2020, 00:00:00, 0.03397, 0.03434, 0.03201, 0.03266, 23028.8155304
1600732800, 22/09/2020, 00:00:00, 0.03267, 0.03305, 0.03231, 0.03269, 11229.96487347
1600819200, 23/09/2020, 00:00:00, 0.03268, 0.03273, 0.03088, 0.03128, 17528.00943251
1600905600, 24/09/2020, 00:00:00, 0.03132, 0.0329, 0.03105, 0.0325, 16836.89432485
1600992000, 25/09/2020, 00:00:00, 0.03248, 0.0333, 0.03188, 0.03293, 11414.24891844
1601078400, 26/09/2020, 00:00:00, 0.03293, 0.03313, 0.03243, 0.03303, 6816.83924366
1601164800, 27/09/2020, 00:00:00, 0.03305, 0.03356, 0.03276, 0.03319, 6612.87853149
1601251200, 28/09/2020, 00:00:00, 0.03319, 0.0337, 0.03274, 0.03304, 12249.75747901
1601337600, 29/09/2020, 00:00:00, 0.03306, 0.03331, 0.03286, 0.0332, 10480.90509843
1601424000, 30/09/2020, 00:00:00, 0.03319, 0.03355, 0.03295, 0.03341, 5607.29071547
1601510400, 01/10/2020, 00:00:00, 0.03339, 0.03386, 0.03298, 0.03324, 14102.27066126
1601596800, 02/10/2020, 00:00:00, 0.0332, 0.03331, 0.03221, 0.03271, 13929.75320904
1601683200, 03/10/2020, 00:00:00, 0.0327, 0.03316, 0.03262, 0.0328, 5436.41023623
1601769600, 04/10/2020, 00:00:00, 0.03279, 0.03318, 0.03262, 0.03303, 7885.55294437
1601856000, 05/10/2020, 00:00:00, 0.03305, 0.03319, 0.0327, 0.03277, 7291.41154714
1601942400, 06/10/2020, 00:00:00, 0.03277, 0.03303, 0.03197, 0.03215, 13266.44688788
1602028800, 07/10/2020, 00:00:00, 0.03215, 0.03221, 0.03157, 0.03205, 15623.79385371
1602115200, 08/10/2020, 00:00:00, 0.03206, 0.03241, 0.03167, 0.03211, 8229.54791492
1602201600, 09/10/2020, 00:00:00, 0.03208, 0.03323, 0.03205, 0.03303, 13239.87479376
1602288000, 10/10/2020, 00:00:00, 0.03303, 0.03328, 0.03272, 0.0328, 10306.00918261
1602374400, 11/10/2020, 00:00:00, 0.03281, 0.03326, 0.03268, 0.03291, 7288.4958894
1602460800, 12/10/2020, 00:00:00, 0.03291, 0.03379, 0.03253, 0.03352, 16783.32976219
1602547200, 13/10/2020, 00:00:00, 0.03352, 0.03369, 0.0331, 0.0334, 13098.13456655
1602633600, 14/10/2020, 00:00:00, 0.03336, 0.03363, 0.033, 0.03317, 9120.30420585
1602720000, 15/10/2020, 00:00:00, 0.03316, 0.03334, 0.03278, 0.03282, 11535.87756123
1602806400, 16/10/2020, 00:00:00, 0.03282, 0.03292, 0.03221, 0.03229, 12256.2846466
1602892800, 17/10/2020, 00:00:00, 0.0323, 0.03248, 0.03218, 0.03241, 6942.35014433
1602979200, 18/10/2020, 00:00:00, 0.03241, 0.03297, 0.03237, 0.03286, 7373.55574224
1603065600, 19/10/2020, 00:00:00, 0.03285, 0.03292, 0.03215, 0.03226, 6998.58285621
1603152000, 20/10/2020, 00:00:00, 0.03226, 0.03238, 0.03083, 0.03093, 35005.80834284
1603238400, 21/10/2020, 00:00:00, 0.03094, 0.03116, 0.03024, 0.03054, 37544.67331308
1603324800, 22/10/2020, 00:00:00, 0.03053, 0.03216, 0.03045, 0.03193, 29093.39822277
1603411200, 23/10/2020, 00:00:00, 0.03191, 0.03222, 0.0311, 0.03166, 18518.55672563
1603497600, 24/10/2020, 00:00:00, 0.03165, 0.03191, 0.03127, 0.03142, 8523.92955928
1603584000, 25/10/2020, 00:00:00, 0.03142, 0.0317, 0.03111, 0.03115, 11182.34863403
1603670400, 26/10/2020, 00:00:00, 0.03115, 0.03134, 0.02983, 0.03009, 18743.16908806
1603756800, 27/10/2020, 00:00:00, 0.03009, 0.03031, 0.0293, 0.02946, 22454.30228333
1603843200, 28/10/2020, 00:00:00, 0.02946, 0.02978, 0.02879, 0.02927, 19541.57876934
1603929600, 29/10/2020, 00:00:00, 0.02927, 0.02955, 0.0286, 0.02878, 11226.95780582
1604016000, 30/10/2020, 00:00:00, 0.0288, 0.02898, 0.02804, 0.02821, 17416.46319904
1604102400, 31/10/2020, 00:00:00, 0.02822, 0.02846, 0.02792, 0.02802, 16601.2389552
1604188800, 01/11/2020, 00:00:00, 0.02803, 0.02888, 0.02802, 0.02884, 16467.54558856
1604275200, 02/11/2020, 00:00:00, 0.02884, 0.02935, 0.02809, 0.02823, 22637.67970611
1604361600, 03/11/2020, 00:00:00, 0.02824, 0.0284, 0.02766, 0.02767, 17749.45087384
1604448000, 04/11/2020, 00:00:00, 0.02766, 0.02876, 0.02753, 0.02847, 27531.11597168
1604534400, 05/11/2020, 00:00:00, 0.02847, 0.02864, 0.02658, 0.02672, 55976.17456832
1604620800, 06/11/2020, 00:00:00, 0.02672, 0.02948, 0.02665, 0.02926, 60684.18196415
1604707200, 07/11/2020, 00:00:00, 0.02928, 0.02994, 0.02893, 0.02936, 33128.60532626
1604793600, 08/11/2020, 00:00:00, 0.02936, 0.02964, 0.02912, 0.02934, 11161.19770004
1604880000, 09/11/2020, 00:00:00, 0.02934, 0.02947, 0.02894, 0.029, 13525.30418241
1604966400, 10/11/2020, 00:00:00, 0.02897, 0.02958, 0.02883, 0.02944, 12888.12759332
1605052800, 11/11/2020, 00:00:00, 0.02944, 0.03018, 0.02941, 0.02953, 23989.01868982
1605139200, 12/11/2020, 00:00:00, 0.02954, 0.02957, 0.02827, 0.02837, 39179.56338938
1605225600, 13/11/2020, 00:00:00, 0.02837, 0.02926, 0.02817, 0.0292, 20230.61708061
1605312000, 14/11/2020, 00:00:00, 0.02921, 0.02926, 0.02866, 0.02866, 10381.88959246
1605398400, 15/11/2020, 00:00:00, 0.02866, 0.02885, 0.02785, 0.0281, 7141.53355747
1605484800, 16/11/2020, 00:00:00, 0.0281, 0.0282, 0.02744, 0.02756, 20937.38384063
1605571200, 17/11/2020, 00:00:00, 0.02756, 0.02801, 0.02686, 0.02729, 35658.51467771
1605657600, 18/11/2020, 00:00:00, 0.02729, 0.02755, 0.02629, 0.02693, 42933.18303881
1605744000, 19/11/2020, 00:00:00, 0.02695, 0.02706, 0.02629, 0.02647, 17516.94269246
1605830400, 20/11/2020, 00:00:00, 0.02647, 0.02791, 0.02641, 0.02734, 44514.61192775
1605916800, 21/11/2020, 00:00:00, 0.02732, 0.02959, 0.02709, 0.02954, 47747.33266237
1606003200, 22/11/2020, 00:00:00, 0.02955, 0.03116, 0.029, 0.03041, 50808.98049252
1606089600, 23/11/2020, 00:00:00, 0.03044, 0.03317, 0.03037, 0.03316, 63977.03748563
1606176000, 24/11/2020, 00:00:00, 0.03318, 0.03371, 0.03072, 0.03157, 78953.6163735
1606262400, 25/11/2020, 00:00:00, 0.03156, 0.03172, 0.02994, 0.03041, 27591.16491794
1606348800, 26/11/2020, 00:00:00, 0.0304, 0.03111, 0.02905, 0.03031, 61257.94945219
1606435200, 27/11/2020, 00:00:00, 0.03034, 0.03069, 0.02998, 0.03025, 16790.75227569
1606521600, 28/11/2020, 00:00:00, 0.03027, 0.03078, 0.03, 0.03033, 13076.53844593
1606608000, 29/11/2020, 00:00:00, 0.03034, 0.03169, 0.03026, 0.03167, 16113.08557851
1606694400, 30/11/2020, 00:00:00, 0.03167, 0.03228, 0.03066, 0.03131, 40134.88326044
1606780800, 01/12/2020, 00:00:00, 0.0313, 0.03219, 0.03013, 0.0312, 47806.31762427
1606867200, 02/12/2020, 00:00:00, 0.03119, 0.03162, 0.03097, 0.0311, 15147.8509355
1606953600, 03/12/2020, 00:00:00, 0.03109, 0.03182, 0.03096, 0.03171, 16180.3363675
1607040000, 04/12/2020, 00:00:00, 0.0317, 0.03176, 0.03038, 0.03042, 19018.06579843
1607126400, 05/12/2020, 00:00:00, 0.03039, 0.0312, 0.0303, 0.0312, 8255.55226499
1607212800, 06/12/2020, 00:00:00, 0.03122, 0.03146, 0.03091, 0.03106, 8379.16639954
1607299200, 07/12/2020, 00:00:00, 0.03108, 0.03108, 0.03071, 0.03084, 11623.85185977
1607385600, 08/12/2020, 00:00:00, 0.03082, 0.03086, 0.02995, 0.0303, 16439.06937958
1607472000, 09/12/2020, 00:00:00, 0.03028, 0.03138, 0.02999, 0.03091, 12903.31350153
1607558400, 10/12/2020, 00:00:00, 0.03091, 0.03102, 0.03048, 0.03063, 8592.56127427
1607644800, 11/12/2020, 00:00:00, 0.03062, 0.0307, 0.03014, 0.03016, 10351.39025382
1607731200, 12/12/2020, 00:00:00, 0.03016, 0.03052, 0.02991, 0.0302, 10976.54382861
1607817600, 13/12/2020, 00:00:00, 0.0302, 0.03095, 0.03003, 0.03081, 7403.9171822
1607904000, 14/12/2020, 00:00:00, 0.03083, 0.03083, 0.03022, 0.03042, 7680.39078068
1607990400, 15/12/2020, 00:00:00, 0.03041, 0.03055, 0.03012, 0.0303, 9579.81773762
1608076800, 16/12/2020, 00:00:00, 0.03031, 0.03035, 0.0295, 0.02988, 28262.36090458
1608163200, 17/12/2020, 00:00:00, 0.02988, 0.03035, 0.02761, 0.02818, 53300.07895766
1608249600, 18/12/2020, 00:00:00, 0.0282, 0.0287, 0.02794, 0.0283, 22601.3896708
1608336000, 19/12/2020, 00:00:00, 0.0283, 0.02856, 0.0274, 0.02761, 20950.96142617
1608422400, 20/12/2020, 00:00:00, 0.02761, 0.02791, 0.0268, 0.0272, 22360.01459412
1608508800, 21/12/2020, 00:00:00, 0.02717, 0.02731, 0.0263, 0.02673, 36961.88332539
1608595200, 22/12/2020, 00:00:00, 0.02671, 0.02706, 0.0262, 0.02674, 19955.62747614
1608681600, 23/12/2020, 00:00:00, 0.02673, 0.02677, 0.0242, 0.0252, 39973.09739686
1608768000, 24/12/2020, 00:00:00, 0.02521, 0.02596, 0.02478, 0.02582, 30413.97107357
1608854400, 25/12/2020, 00:00:00, 0.02582, 0.02612, 0.02523, 0.02536, 22992.63548664
1608940800, 26/12/2020, 00:00:00, 0.02536, 0.0255, 0.02377, 0.02405, 44120.86213044
1609027200, 27/12/2020, 00:00:00, 0.02405, 0.02646, 0.02276, 0.0261, 118424.770629
1609113600, 28/12/2020, 00:00:00, 0.02611, 0.02776, 0.02577, 0.02702, 73156.47789087
1609200000, 29/12/2020, 00:00:00, 0.027, 0.02743, 0.0263, 0.02672, 33918.77358146
1609286400, 30/12/2020, 00:00:00, 0.02673, 0.02699, 0.02578, 0.02604, 36509.94215921
1609372800, 31/12/2020, 00:00:00, 0.02605, 0.02609, 0.02535, 0.02545, 35933.00394003
1609459200, 01/01/2021, 00:00:00, 0.02546, 0.02552, 0.0248, 0.02485, 26980.346808
1609545600, 02/01/2021, 00:00:00, 0.02484, 0.025, 0.02334, 0.02406, 77643.69729823
1609632000, 03/01/2021, 00:00:00, 0.02406, 0.0305, 0.02309, 0.02962, 181096.22269874
1609718400, 04/01/2021, 00:00:00, 0.02963, 0.03546, 0.02893, 0.03254, 192959.17585002
1609804800, 05/01/2021, 00:00:00, 0.03253, 0.03457, 0.03104, 0.03244, 111582.2249149
1609891200, 06/01/2021, 00:00:00, 0.03242, 0.03458, 0.03122, 0.03286, 91197.72364569
1609977600, 07/01/2021, 00:00:00, 0.03291, 0.033, 0.03093, 0.03106, 73856.97504812
1610064000, 08/01/2021, 00:00:00, 0.03106, 0.03116, 0.029, 0.02996, 92535.71236551
1610150400, 09/01/2021, 00:00:00, 0.02995, 0.03222, 0.02944, 0.03182, 64319.07762576
1610236800, 10/01/2021, 00:00:00, 0.03184, 0.03417, 0.03157, 0.03287, 126126.06416927
1610323200, 11/01/2021, 00:00:00, 0.0329, 0.03304, 0.02969, 0.03069, 173667.3564524
1610409600, 12/01/2021, 00:00:00, 0.0307, 0.03218, 0.03027, 0.03085, 53241.26729002
1610496000, 13/01/2021, 00:00:00, 0.03085, 0.03135, 0.02985, 0.03022, 32019.35058957
1610582400, 14/01/2021, 00:00:00, 0.03025, 0.03152, 0.02942, 0.03143, 45531.40737651
1610668800, 15/01/2021, 00:00:00, 0.03146, 0.03257, 0.03111, 0.03181, 59459.44066196
1610755200, 16/01/2021, 00:00:00, 0.03181, 0.03484, 0.03169, 0.03411, 51009.55325012
1610841600, 17/01/2021, 00:00:00, 0.03412, 0.03489, 0.03378, 0.03442, 42704.0575106
1610928000, 18/01/2021, 00:00:00, 0.03442, 0.03464, 0.03335, 0.03435, 31790.2089395
1611014400, 19/01/2021, 00:00:00, 0.03437, 0.03891, 0.03425, 0.0381, 88288.35182133
1611100800, 20/01/2021, 00:00:00, 0.03809, 0.039, 0.03624, 0.03881, 56141.99025714
1611187200, 21/01/2021, 00:00:00, 0.03881, 0.039, 0.03602, 0.03605, 62571.13367294
1611273600, 22/01/2021, 00:00:00, 0.03605, 0.03862, 0.0355, 0.03739, 55885.95562177
1611360000, 23/01/2021, 00:00:00, 0.0374, 0.03917, 0.03719, 0.03846, 24673.84235189
1611446400, 24/01/2021, 00:00:00, 0.03848, 0.04339, 0.03846, 0.04316, 55792.98553361
1611532800, 25/01/2021, 00:00:00, 0.04316, 0.04513, 0.04033, 0.04087, 77680.30080784
1611619200, 26/01/2021, 00:00:00, 0.04086, 0.04229, 0.0401, 0.04206, 42566.47826268
1611705600, 27/01/2021, 00:00:00, 0.04206, 0.04261, 0.04039, 0.04083, 47686.83931606
1611792000, 28/01/2021, 00:00:00, 0.0408, 0.04244, 0.03981, 0.03982, 44972.19933962
1611878400, 29/01/2021, 00:00:00, 0.03982, 0.04082, 0.0362, 0.04028, 114293.86711168
1611964800, 30/01/2021, 00:00:00, 0.04027, 0.0405, 0.0392, 0.0402, 31597.11471147
1612051200, 31/01/2021, 00:00:00, 0.04022, 0.04047, 0.03959, 0.03966, 24220.95455297
1612137600, 01/02/2021, 00:00:00, 0.03967, 0.04106, 0.0385, 0.04101, 43058.42590507
1612224000, 02/02/2021, 00:00:00, 0.04104, 0.04334, 0.04052, 0.04262, 82862.39004078
1612310400, 03/02/2021, 00:00:00, 0.04262, 0.04449, 0.04175, 0.04428, 52210.36153308
1612396800, 04/02/2021, 00:00:00, 0.04428, 0.04473, 0.0428, 0.04318, 48541.32643386
1612483200, 05/02/2021, 00:00:00, 0.0432, 0.04624, 0.04318, 0.04492, 71974.01490879
1612569600, 06/02/2021, 00:00:00, 0.0449, 0.04534, 0.04056, 0.04278, 99279.75839688
1612656000, 07/02/2021, 00:00:00, 0.04277, 0.04318, 0.03995, 0.04156, 41879.80516562
1612742400, 08/02/2021, 00:00:00, 0.04155, 0.04228, 0.03731, 0.03774, 94709.68592376
1612828800, 09/02/2021, 00:00:00, 0.03774, 0.03896, 0.03654, 0.03809, 80035.04130161
1612915200, 10/02/2021, 00:00:00, 0.0381, 0.03941, 0.03755, 0.03885, 61882.71760855
1613001600, 11/02/2021, 00:00:00, 0.03885, 0.0393, 0.03689, 0.03725, 46238.11038582
1613088000, 12/02/2021, 00:00:00, 0.03725, 0.0393, 0.03672, 0.03888, 58643.33571115
1613174400, 13/02/2021, 00:00:00, 0.03891, 0.03929, 0.03809, 0.0385, 34797.43401731
1613260800, 14/02/2021, 00:00:00, 0.03849, 0.03882, 0.03683, 0.03705, 35194.68029802
1613347200, 15/02/2021, 00:00:00, 0.03705, 0.03799, 0.03609, 0.03712, 35402.03362743
1613433600, 16/02/2021, 00:00:00, 0.03714, 0.03753, 0.03577, 0.03625, 36588.78641386
1613520000, 17/02/2021, 00:00:00, 0.03626, 0.03627, 0.03493, 0.0355, 50446.48008765
1613606400, 18/02/2021, 00:00:00, 0.03549, 0.03763, 0.03537, 0.0376, 51045.3079304
1613692800, 19/02/2021, 00:00:00, 0.0376, 0.03772, 0.03481, 0.035, 52743.08479114
1613779200, 20/02/2021, 00:00:00, 0.035, 0.03663, 0.0335, 0.03424, 60279.04131439
1613865600, 21/02/2021, 00:00:00, 0.03424, 0.03456, 0.03328, 0.03368, 30191.46152395
1613952000, 22/02/2021, 00:00:00, 0.03368, 0.03386, 0.0318, 0.03285, 65096.8110083
1614038400, 23/02/2021, 00:00:00, 0.03286, 0.03315, 0.03012, 0.03228, 75629.08256531
1614124800, 24/02/2021, 00:00:00, 0.03226, 0.03356, 0.03192, 0.03268, 40185.8261374
1614211200, 25/02/2021, 00:00:00, 0.03269, 0.03291, 0.03106, 0.03148, 30451.15135232
1614297600, 26/02/2021, 00:00:00, 0.03148, 0.03254, 0.03114, 0.03119, 33306.91169005
1614384000, 27/02/2021, 00:00:00, 0.0312, 0.03234, 0.03097, 0.03162, 22008.43693099
1614470400, 28/02/2021, 00:00:00, 0.03161, 0.03172, 0.03, 0.03144, 33038.67994546
1614556800, 01/03/2021, 00:00:00, 0.03146, 0.03225, 0.03093, 0.03165, 26171.13942942
1614643200, 02/03/2021, 00:00:00, 0.03165, 0.0322, 0.03069, 0.0307, 20346.34798383
1614729600, 03/03/2021, 00:00:00, 0.03069, 0.03188, 0.03069, 0.03112, 23281.2732169
1614816000, 04/03/2021, 00:00:00, 0.03115, 0.0325, 0.03107, 0.03181, 24283.32457753
1614902400, 05/03/2021, 00:00:00, 0.03181, 0.03194, 0.03077, 0.03136, 19037.60047425
1614988800, 06/03/2021, 00:00:00, 0.03135, 0.03439, 0.03133, 0.03378, 37652.78762107
1615075200, 07/03/2021, 00:00:00, 0.03378, 0.03433, 0.03241, 0.03389, 26788.87799888
1615161600, 08/03/2021, 00:00:00, 0.03389, 0.03529, 0.03359, 0.035, 30122.74485019
1615248000, 09/03/2021, 00:00:00, 0.03502, 0.03521, 0.03346, 0.03408, 24192.01553399
1615334400, 10/03/2021, 00:00:00, 0.0341, 0.03413, 0.03173, 0.03212, 28326.38805242
1615420800, 11/03/2021, 00:00:00, 0.03213, 0.03245, 0.03134, 0.03161, 25583.734097
1615507200, 12/03/2021, 00:00:00, 0.03161, 0.03193, 0.03048, 0.03087, 19347.28790671
1615593600, 13/03/2021, 00:00:00, 0.03088, 0.03186, 0.03064, 0.0314, 25768.95244178
1615680000, 14/03/2021, 00:00:00, 0.03141, 0.03144, 0.03087, 0.03133, 18218.2141766
1615766400, 15/03/2021, 00:00:00, 0.03135, 0.03225, 0.03073, 0.03223, 26654.46504374
1615852800, 16/03/2021, 00:00:00, 0.03224, 0.03272, 0.0315, 0.03173, 24693.58258778
1615939200, 17/03/2021, 00:00:00, 0.03174, 0.03246, 0.03092, 0.03095, 20267.22995406
1616025600, 18/03/2021, 00:00:00, 0.03095, 0.03131, 0.03045, 0.0308, 21416.40697947
1616112000, 19/03/2021, 00:00:00, 0.03082, 0.03122, 0.03068, 0.03118, 14074.54498373
1616198400, 20/03/2021, 00:00:00, 0.03119, 0.03149, 0.03094, 0.03108, 13589.64788717
1616284800, 21/03/2021, 00:00:00, 0.03109, 0.03163, 0.03081, 0.0311, 13584.15670906
1616371200, 22/03/2021, 00:00:00, 0.0311, 0.03143, 0.03057, 0.03109, 15660.54734707
1616457600, 23/03/2021, 00:00:00, 0.03109, 0.03138, 0.03051, 0.03069, 15550.36017445
1616544000, 24/03/2021, 00:00:00, 0.0307, 0.03106, 0.02954, 0.03025, 23383.98350918
1616630400, 25/03/2021, 00:00:00, 0.03026, 0.03132, 0.02993, 0.03092, 20246.60603165
1616716800, 26/03/2021, 00:00:00, 0.03093, 0.03125, 0.03029, 0.03087, 15873.094861
1616803200, 27/03/2021, 00:00:00, 0.03087, 0.03107, 0.03037, 0.03068, 10088.17651133
1616889600, 28/03/2021, 00:00:00, 0.03069, 0.03077, 0.03021, 0.03022, 18797.06971819
1616976000, 29/03/2021, 00:00:00, 0.03023, 0.03179, 0.0302, 0.03154, 20877.26679582
1617062400, 30/03/2021, 00:00:00, 0.03157, 0.03172, 0.03102, 0.03134, 20213.87360668
1617148800, 31/03/2021, 00:00:00, 0.03133, 0.03305, 0.03093, 0.03266, 25243.4573326
1617235200, 01/04/2021, 00:00:00, 0.03268, 0.0337, 0.03242, 0.03352, 28898.18293877
1617321600, 02/04/2021, 00:00:00, 0.03353, 0.03811, 0.03314, 0.03621, 47073.557479
1617408000, 03/04/2021, 00:00:00, 0.0362, 0.03625, 0.0346, 0.0352, 22219.82157773
1617494400, 04/04/2021, 00:00:00, 0.03519, 0.03596, 0.03492, 0.03569, 14291.28929052
1617580800, 05/04/2021, 00:00:00, 0.03568, 0.03619, 0.03521, 0.03565, 19384.96153919
1617667200, 06/04/2021, 00:00:00, 0.03564, 0.0366, 0.03561, 0.03643, 22383.82862829
1617753600, 07/04/2021, 00:00:00, 0.03643, 0.03659, 0.03471, 0.03508, 25035.78404288
1617840000, 08/04/2021, 00:00:00, 0.03508, 0.03592, 0.03499, 0.03585, 13272.65719855
1617926400, 09/04/2021, 00:00:00, 0.03584, 0.03598, 0.03531, 0.03557, 11197.72154964
1618012800, 10/04/2021, 00:00:00, 0.03554, 0.03635, 0.03547, 0.03569, 19947.87899585
1618099200, 11/04/2021, 00:00:00, 0.03569, 0.0361, 0.03542, 0.03587, 10357.46637918
1618185600, 12/04/2021, 00:00:00, 0.03587, 0.03607, 0.03517, 0.03572, 14621.4600552
1618272000, 13/04/2021, 00:00:00, 0.03573, 0.03657, 0.0348, 0.03617, 22729.24618624
1618358400, 14/04/2021, 00:00:00, 0.03619, 0.03889, 0.03609, 0.03864, 39534.16918608
1618444800, 15/04/2021, 00:00:00, 0.03864, 0.04017, 0.03834, 0.03982, 29207.0366686
1618531200, 16/04/2021, 00:00:00, 0.03981, 0.04021, 0.03818, 0.03951, 25117.1593044
1618617600, 17/04/2021, 00:00:00, 0.03951, 0.04017, 0.03857, 0.0386, 14849.55436922
1618704000, 18/04/2021, 00:00:00, 0.03862, 0.0404, 0.037, 0.03984, 46091.03015349
1618790400, 19/04/2021, 00:00:00, 0.03983, 0.03997, 0.0383, 0.03885, 27632.48367342
1618876800, 20/04/2021, 00:00:00, 0.03884, 0.04138, 0.03802, 0.04129, 28841.30875403
1618963200, 21/04/2021, 00:00:00, 0.0413, 0.0444, 0.04102, 0.04382, 42838.86407017
1619049600, 22/04/2021, 00:00:00, 0.04383, 0.0482, 0.0435, 0.0464, 98562.34130572
1619136000, 23/04/2021, 00:00:00, 0.0464, 0.047, 0.0435, 0.04632, 73574.18650676
1619222400, 24/04/2021, 00:00:00, 0.04632, 0.04632, 0.04411, 0.04424, 19398.14192347
1619308800, 25/04/2021, 00:00:00, 0.04424, 0.0478, 0.04393, 0.04727, 26691.17941163
1619395200, 26/04/2021, 00:00:00, 0.04729, 0.048, 0.04596, 0.0469, 28509.20022907
1619481600, 27/04/2021, 00:00:00, 0.04691, 0.04867, 0.04646, 0.04842, 24477.16306496
1619568000, 28/04/2021, 00:00:00, 0.04843, 0.05037, 0.04755, 0.05012, 53992.33103657
1619654400, 29/04/2021, 00:00:00, 0.05012, 0.052, 0.0495, 0.05149, 49220.9982331
1619740800, 30/04/2021, 00:00:00, 0.05148, 0.05174, 0.0465, 0.04805, 56286.14122199
1619827200, 01/05/2021, 00:00:00, 0.04803, 0.05124, 0.04735, 0.05097, 35346.12265484
1619913600, 02/05/2021, 00:00:00, 0.05097, 0.05265, 0.05081, 0.05214, 24833.56987272
1620000000, 03/05/2021, 00:00:00, 0.05213, 0.06085, 0.0518, 0.06005, 82298.67039441
1620086400, 04/05/2021, 00:00:00, 0.06005, 0.06349, 0.05734, 0.0609, 104076.97634151
1620172800, 05/05/2021, 00:00:00, 0.06088, 0.06198, 0.05667, 0.06135, 62838.96052241
1620259200, 06/05/2021, 00:00:00, 0.06136, 0.06341, 0.05966, 0.06188, 44356.14310168
1620345600, 07/05/2021, 00:00:00, 0.06189, 0.06217, 0.06014, 0.06073, 26095.76965838
1620432000, 08/05/2021, 00:00:00, 0.06073, 0.06737, 0.05983, 0.06645, 50810.73766244
1620518400, 09/05/2021, 00:00:00, 0.06646, 0.06891, 0.06533, 0.06737, 43196.440482
1620604800, 10/05/2021, 00:00:00, 0.06735, 0.07378, 0.06608, 0.07072, 83001.24934808
1620691200, 11/05/2021, 00:00:00, 0.07071, 0.07368, 0.069, 0.07364, 39175.63285153
1620777600, 12/05/2021, 00:00:00, 0.07366, 0.08078, 0.07273, 0.0772, 72248.89003331
1620864000, 13/05/2021, 00:00:00, 0.0772, 0.08097, 0.07348, 0.07486, 84661.70958265
1620950400, 14/05/2021, 00:00:00, 0.07487, 0.08208, 0.07446, 0.08177, 39425.17506504
1621036800, 15/05/2021, 00:00:00, 0.08176, 0.0824, 0.0776, 0.07799, 37740.40929453
1621123200, 16/05/2021, 00:00:00, 0.078, 0.08021, 0.07441, 0.07719, 45730.36695171
1621209600, 17/05/2021, 00:00:00, 0.07716, 0.07879, 0.07395, 0.07534, 49622.05056346
1621296000, 18/05/2021, 00:00:00, 0.07534, 0.08005, 0.07498, 0.07878, 37187.35735078
1621382400, 19/05/2021, 00:00:00, 0.07872, 0.07946, 0.061, 0.06644, 128832.99284613
1621468800, 20/05/2021, 00:00:00, 0.06647, 0.071, 0.061, 0.06833, 123862.43124248
1621555200, 21/05/2021, 00:00:00, 0.06832, 0.07036, 0.06266, 0.06521, 76918.44806059
1621641600, 22/05/2021, 00:00:00, 0.06523, 0.06548, 0.06, 0.06128, 45525.3622736
1621728000, 23/05/2021, 00:00:00, 0.06128, 0.06242, 0.055, 0.06047, 90686.114017
1621814400, 24/05/2021, 00:00:00, 0.06047, 0.0685, 0.05987, 0.06823, 94260.16160197
1621900800, 25/05/2021, 00:00:00, 0.06823, 0.07108, 0.06489, 0.07055, 52945.53103305
1621987200, 26/05/2021, 00:00:00, 0.07059, 0.07358, 0.06932, 0.07355, 35864.18605961
1622073600, 27/05/2021, 00:00:00, 0.07355, 0.07364, 0.07038, 0.07119, 23198.94457403
1622160000, 28/05/2021, 00:00:00, 0.07119, 0.07156, 0.067, 0.06764, 30530.22437121
1622246400, 29/05/2021, 00:00:00, 0.06762, 0.06999, 0.06505, 0.06585, 21815.79271916
1622332800, 30/05/2021, 00:00:00, 0.0658, 0.06851, 0.0651, 0.06695, 16467.7263111
1622419200, 31/05/2021, 00:00:00, 0.06695, 0.07273, 0.066, 0.07264, 28963.48044529
1622505600, 01/06/2021, 00:00:00, 0.07263, 0.07284, 0.0704, 0.07182, 18461.93099505
1622592000, 02/06/2021, 00:00:00, 0.0718, 0.07354, 0.0709, 0.07203, 15676.33084582
1622678400, 03/06/2021, 00:00:00, 0.07203, 0.074, 0.07158, 0.07282, 10256.5265267
1622764800, 04/06/2021, 00:00:00, 0.07281, 0.07357, 0.07117, 0.073, 9640.24128024
1622851200, 05/06/2021, 00:00:00, 0.07301, 0.07489, 0.07262, 0.07399, 14959.86319238
1622937600, 06/06/2021, 00:00:00, 0.07399, 0.07595, 0.07362, 0.07573, 9503.28035817
1623024000, 07/06/2021, 00:00:00, 0.07576, 0.07786, 0.07551, 0.07723, 20310.48548141
1623110400, 08/06/2021, 00:00:00, 0.07721, 0.07752, 0.07434, 0.07515, 16790.0708625
1623196800, 09/06/2021, 00:00:00, 0.07511, 0.07532, 0.06931, 0.06979, 22128.82007027
1623283200, 10/06/2021, 00:00:00, 0.06977, 0.06992, 0.06674, 0.06736, 21957.34834434
1623369600, 11/06/2021, 00:00:00, 0.06734, 0.06744, 0.06266, 0.06303, 16833.39335077
1623456000, 12/06/2021, 00:00:00, 0.06306, 0.06818, 0.06281, 0.06669, 14721.72592239
1623542400, 13/06/2021, 00:00:00, 0.0667, 0.06759, 0.06355, 0.0643, 10780.53974694
1623628800, 14/06/2021, 00:00:00, 0.06431, 0.06447, 0.062, 0.0637, 18837.84937178
1623715200, 15/06/2021, 00:00:00, 0.06372, 0.06515, 0.06297, 0.06332, 12571.65887604
1623801600, 16/06/2021, 00:00:00, 0.06334, 0.06338, 0.06144, 0.06173, 11728.05109639
1623888000, 17/06/2021, 00:00:00, 0.06176, 0.06276, 0.06097, 0.0623, 13191.70662516
1623974400, 18/06/2021, 00:00:00, 0.0623, 0.06245, 0.06036, 0.06236, 15617.35539752
1624060800, 19/06/2021, 00:00:00, 0.06237, 0.06312, 0.06102, 0.06102, 9213.26386392
1624147200, 20/06/2021, 00:00:00, 0.06102, 0.06356, 0.06092, 0.06316, 13376.94319317
1624233600, 21/06/2021, 00:00:00, 0.06317, 0.06346, 0.05908, 0.05965, 32982.32717233
1624320000, 22/06/2021, 00:00:00, 0.05965, 0.06096, 0.05744, 0.05779, 31058.79033733
1624406400, 23/06/2021, 00:00:00, 0.05778, 0.05961, 0.05703, 0.05843, 18154.62655256
1624492800, 24/06/2021, 00:00:00, 0.05841, 0.0588, 0.05698, 0.0574, 7839.85045218
1624579200, 25/06/2021, 00:00:00, 0.05741, 0.0584, 0.05498, 0.0573, 79757.15536626
1624665600, 26/06/2021, 00:00:00, 0.05731, 0.05755, 0.0561, 0.0567, 23022.85772931
1624752000, 27/06/2021, 00:00:00, 0.05671, 0.05724, 0.05521, 0.05716, 19026.99609009
1624838400, 28/06/2021, 00:00:00, 0.05717, 0.062, 0.05697, 0.06042, 25929.96522758
1624924800, 29/06/2021, 00:00:00, 0.06045, 0.06172, 0.06019, 0.06031, 19374.81668224
1625011200, 30/06/2021, 00:00:00, 0.0603, 0.06535, 0.05998, 0.06495, 17339.50982777
1625097600, 01/07/2021, 00:00:00, 0.06494, 0.06497, 0.06268, 0.06288, 14625.87011261
1625184000, 02/07/2021, 00:00:00, 0.06288, 0.06403, 0.06152, 0.06377, 11697.11687293
1625270400, 03/07/2021, 00:00:00, 0.06378, 0.06449, 0.06337, 0.06422, 6284.17947408
1625356800, 04/07/2021, 00:00:00, 0.06425, 0.06663, 0.06366, 0.06582, 12546.79619505
1625443200, 05/07/2021, 00:00:00, 0.06583, 0.0669, 0.06476, 0.06518, 10089.8567052
1625529600, 06/07/2021, 00:00:00, 0.06512, 0.06858, 0.06511, 0.06787, 12460.4754312
1625616000, 07/07/2021, 00:00:00, 0.06786, 0.06903, 0.06746, 0.06842, 8315.52326818
1625702400, 08/07/2021, 00:00:00, 0.06841, 0.06889, 0.06415, 0.06437, 15699.85646019
1625788800, 09/07/2021, 00:00:00, 0.06438, 0.06511, 0.06316, 0.06349, 13010.97291117
1625875200, 10/07/2021, 00:00:00, 0.06348, 0.06407, 0.06211, 0.06299, 7857.49752123
1625961600, 11/07/2021, 00:00:00, 0.063, 0.06332, 0.06236, 0.06243, 4401.15003404
1626048000, 12/07/2021, 00:00:00, 0.06248, 0.06298, 0.06106, 0.06143, 8246.4502508
1626134400, 13/07/2021, 00:00:00, 0.06145, 0.06155, 0.05928, 0.05929, 13109.01872713
1626220800, 14/07/2021, 00:00:00, 0.05927, 0.06141, 0.05842, 0.06077, 11720.7725402
1626307200, 15/07/2021, 00:00:00, 0.06077, 0.06165, 0.05969, 0.06026, 8337.60916564
1626393600, 16/07/2021, 00:00:00, 0.06026, 0.06134, 0.05913, 0.05978, 8105.41872938
1626480000, 17/07/2021, 00:00:00, 0.05979, 0.06027, 0.05909, 0.06027, 7156.20069704
1626566400, 18/07/2021, 00:00:00, 0.06027, 0.06207, 0.0595, 0.0595, 7449.51871206
1626652800, 19/07/2021, 00:00:00, 0.05951, 0.06021, 0.0588, 0.05898, 8505.06324689
1626739200, 20/07/2021, 00:00:00, 0.05899, 0.06065, 0.05782, 0.05995, 12378.57689092
1626825600, 21/07/2021, 00:00:00, 0.05995, 0.06221, 0.05947, 0.06206, 12663.41083345
1626912000, 22/07/2021, 00:00:00, 0.06207, 0.06286, 0.06143, 0.0627, 10782.2234839
1626998400, 23/07/2021, 00:00:00, 0.06272, 0.06385, 0.06226, 0.06318, 9605.706632
1627084800, 24/07/2021, 00:00:00, 0.06316, 0.06408, 0.06283, 0.06377, 6342.82148982
1627171200, 25/07/2021, 00:00:00, 0.06378, 0.06385, 0.0619, 0.0619, 5382.79702816
1627257600, 26/07/2021, 00:00:00, 0.06189, 0.06257, 0.05849, 0.05981, 25759.3974109
1627344000, 27/07/2021, 00:00:00, 0.05981, 0.06036, 0.05828, 0.05828, 12825.83008811
1627430400, 28/07/2021, 00:00:00, 0.05826, 0.05843, 0.05704, 0.05747, 13011.41787914
1627516800, 29/07/2021, 00:00:00, 0.05748, 0.0597, 0.05722, 0.05958, 9818.25024642
1627603200, 30/07/2021, 00:00:00, 0.05959, 0.06094, 0.05832, 0.05833, 16194.08248065
1627689600, 31/07/2021, 00:00:00, 0.05833, 0.06121, 0.05813, 0.06104, 10815.25876888
1627776000, 01/08/2021, 00:00:00, 0.06105, 0.06508, 0.06104, 0.06411, 17880.82384707
1627862400, 02/08/2021, 00:00:00, 0.06411, 0.06707, 0.06355, 0.06662, 17810.30977024
1627948800, 03/08/2021, 00:00:00, 0.06659, 0.06673, 0.06394, 0.06566, 14442.12981198
1628035200, 04/08/2021, 00:00:00, 0.06568, 0.06936, 0.06524, 0.06861, 16889.94571312
1628121600, 05/08/2021, 00:00:00, 0.06861, 0.07328, 0.06758, 0.06922, 29982.81849623
1628208000, 06/08/2021, 00:00:00, 0.06921, 0.06965, 0.06659, 0.0675, 23849.36426037
1628294400, 07/08/2021, 00:00:00, 0.06749, 0.07151, 0.06705, 0.07087, 30191.7328852
1628380800, 08/08/2021, 00:00:00, 0.07086, 0.072, 0.06786, 0.06876, 19381.25751806
1628467200, 09/08/2021, 00:00:00, 0.06877, 0.0691, 0.06688, 0.06837, 17434.6035807
1628553600, 10/08/2021, 00:00:00, 0.06834, 0.07014, 0.06767, 0.0689, 12223.89138856
1628640000, 11/08/2021, 00:00:00, 0.06891, 0.07027, 0.06883, 0.06942, 10452.43060672
1628726400, 12/08/2021, 00:00:00, 0.06944, 0.07032, 0.06784, 0.06861, 13257.78127656
1628812800, 13/08/2021, 00:00:00, 0.06861, 0.07039, 0.06848, 0.06949, 12855.584752
1628899200, 14/08/2021, 00:00:00, 0.0695, 0.06998, 0.06907, 0.06933, 7297.73899398
1628985600, 15/08/2021, 00:00:00, 0.06933, 0.07045, 0.06812, 0.07043, 11815.18346498
1629072000, 16/08/2021, 00:00:00, 0.07043, 0.07052, 0.06853, 0.06856, 10135.26494472
1629158400, 17/08/2021, 00:00:00, 0.06853, 0.06994, 0.0672, 0.06738, 13251.95812269
1629244800, 18/08/2021, 00:00:00, 0.06738, 0.06804, 0.06652, 0.06741, 10239.00259629
1629331200, 19/08/2021, 00:00:00, 0.06742, 0.0682, 0.06631, 0.0682, 10565.16520331
1629417600, 20/08/2021, 00:00:00, 0.06821, 0.06872, 0.06622, 0.06662, 9653.65293043
1629504000, 21/08/2021, 00:00:00, 0.06658, 0.06755, 0.06555, 0.066, 8762.4871385
1629590400, 22/08/2021, 00:00:00, 0.06603, 0.06649, 0.06488, 0.06578, 5936.63880608
1629676800, 23/08/2021, 00:00:00, 0.06577, 0.06761, 0.06541, 0.0671, 11269.15184734
1629763200, 24/08/2021, 00:00:00, 0.06716, 0.06771, 0.0658, 0.0665, 8558.66470144
1629849600, 25/08/2021, 00:00:00, 0.06652, 0.06682, 0.06523, 0.06589, 7891.33925922
1629936000, 26/08/2021, 00:00:00, 0.06591, 0.06662, 0.0654, 0.06605, 9922.7695263
1630022400, 27/08/2021, 00:00:00, 0.06604, 0.06744, 0.06572, 0.06674, 7663.18694653
1630108800, 28/08/2021, 00:00:00, 0.06674, 0.06689, 0.06599, 0.06638, 6121.55328917
1630195200, 29/08/2021, 00:00:00, 0.06636, 0.06659, 0.06562, 0.06612, 6757.36960621
1630281600, 30/08/2021, 00:00:00, 0.06615, 0.06918, 0.06578, 0.06871, 11825.67874181
1630368000, 31/08/2021, 00:00:00, 0.06875, 0.07293, 0.06831, 0.07283, 32794.42680896
1630454400, 01/09/2021, 00:00:00, 0.07281, 0.07861, 0.07248, 0.07842, 27839.66435456
1630540800, 02/09/2021, 00:00:00, 0.07839, 0.07842, 0.07456, 0.07686, 19165.16938274
1630627200, 03/09/2021, 00:00:00, 0.07688, 0.07948, 0.0764, 0.07877, 16929.12767817
1630713600, 04/09/2021, 00:00:00, 0.07878, 0.07923, 0.07703, 0.07784, 12076.59340564
1630800000, 05/09/2021, 00:00:00, 0.07786, 0.07875, 0.07603, 0.07631, 8526.71858862
1630886400, 06/09/2021, 00:00:00, 0.07629, 0.0768, 0.07445, 0.07454, 9150.85587405
1630972800, 07/09/2021, 00:00:00, 0.07455, 0.07522, 0.06941, 0.07328, 29014.63495373
1631059200, 08/09/2021, 00:00:00, 0.0733, 0.07638, 0.0722, 0.07598, 23452.69692336
1631145600, 09/09/2021, 00:00:00, 0.07599, 0.07669, 0.07369, 0.07378, 12462.35265359
1631232000, 10/09/2021, 00:00:00, 0.07382, 0.07476, 0.07088, 0.07159, 13264.33844153
1631318400, 11/09/2021, 00:00:00, 0.07155, 0.07314, 0.0715, 0.07234, 7933.93420909
1631404800, 12/09/2021, 00:00:00, 0.07231, 0.07524, 0.07205, 0.07398, 9496.14499076
1631491200, 13/09/2021, 00:00:00, 0.07398, 0.07414, 0.07129, 0.07308, 24698.96895222
1631577600, 14/09/2021, 00:00:00, 0.07308, 0.0737, 0.07158, 0.0729, 14302.09634284
1631664000, 15/09/2021, 00:00:00, 0.0729, 0.0751, 0.07164, 0.0751, 19095.43399515
1631750400, 16/09/2021, 00:00:00, 0.07511, 0.07609, 0.07404, 0.07474, 17865.13451628
1631836800, 17/09/2021, 00:00:00, 0.07472, 0.07489, 0.07151, 0.07186, 9569.40865256
1631923200, 18/09/2021, 00:00:00, 0.07186, 0.07275, 0.07028, 0.07112, 7860.90118912
1632009600, 19/09/2021, 00:00:00, 0.07111, 0.0717, 0.06979, 0.07045, 5723.67721566
1632096000, 20/09/2021, 00:00:00, 0.07046, 0.0709, 0.06871, 0.06923, 16584.73679212
1632182400, 21/09/2021, 00:00:00, 0.06919, 0.07118, 0.06696, 0.0679, 26698.24640317
1632268800, 22/09/2021, 00:00:00, 0.06791, 0.07066, 0.06741, 0.07066, 9775.08392016
1632355200, 23/09/2021, 00:00:00, 0.07065, 0.07126, 0.06988, 0.07025, 7193.21009142
1632441600, 24/09/2021, 00:00:00, 0.07023, 0.07029, 0.06651, 0.06841, 15217.10401394
1632528000, 25/09/2021, 00:00:00, 0.06838, 0.06918, 0.06726, 0.06851, 8478.82919946
1632614400, 26/09/2021, 00:00:00, 0.06849, 0.07119, 0.06668, 0.07091, 9673.8394716
1632700800, 27/09/2021, 00:00:00, 0.0709, 0.07166, 0.06917, 0.06942, 7543.58829151
1632787200, 28/09/2021, 00:00:00, 0.06939, 0.06992, 0.06798, 0.06839, 7959.48877291
1632873600, 29/09/2021, 00:00:00, 0.06841, 0.06947, 0.06794, 0.06865, 10421.4316835
1632960000, 30/09/2021, 00:00:00, 0.06862, 0.06975, 0.06834, 0.06848, 9635.87924105
1633046400, 01/10/2021, 00:00:00, 0.06846, 0.06971, 0.06738, 0.06873, 14446.2582021
1633132800, 02/10/2021, 00:00:00, 0.06874, 0.07196, 0.06843, 0.0711, 10525.06014993
1633219200, 03/10/2021, 00:00:00, 0.07111, 0.07175, 0.07045, 0.0709, 8038.11226055
1633305600, 04/10/2021, 00:00:00, 0.0709, 0.07102, 0.06872, 0.06877, 16935.5594075
1633392000, 05/10/2021, 00:00:00, 0.06878, 0.06918, 0.06795, 0.0683, 37052.24494224
1633478400, 06/10/2021, 00:00:00, 0.0683, 0.06881, 0.0645, 0.06463, 23158.53578715
1633564800, 07/10/2021, 00:00:00, 0.06461, 0.06727, 0.06403, 0.06672, 17268.86893382
1633651200, 08/10/2021, 00:00:00, 0.0667, 0.06699, 0.065, 0.06604, 11428.8349568
1633737600, 09/10/2021, 00:00:00, 0.06605, 0.0675, 0.06496, 0.06505, 6535.45120899
1633824000, 10/10/2021, 00:00:00, 0.06503, 0.06511, 0.06245, 0.06245, 10349.37303491
1633910400, 11/10/2021, 00:00:00, 0.06246, 0.064, 0.06084, 0.06161, 17477.56870969
1633996800, 12/10/2021, 00:00:00, 0.06163, 0.06339, 0.05994, 0.06233, 15858.82831704
1634083200, 13/10/2021, 00:00:00, 0.06235, 0.06324, 0.06121, 0.06288, 12185.90444613
1634169600, 14/10/2021, 00:00:00, 0.06291, 0.0669, 0.06205, 0.06609, 17570.21593243
1634256000, 15/10/2021, 00:00:00, 0.0661, 0.06621, 0.06192, 0.06272, 24636.35066364
1634342400, 16/10/2021, 00:00:00, 0.06271, 0.06447, 0.06192, 0.06291, 11037.24651822
1634428800, 17/10/2021, 00:00:00, 0.06293, 0.06444, 0.06175, 0.06251, 9128.47537965
1634515200, 18/10/2021, 00:00:00, 0.06253, 0.06271, 0.06016, 0.06035, 13677.09302191
1634601600, 19/10/2021, 00:00:00, 0.06035, 0.0614, 0.0593, 0.0603, 20872.80419039
1634688000, 20/10/2021, 00:00:00, 0.06032, 0.06316, 0.06004, 0.06306, 21531.24337989
1634774400, 21/10/2021, 00:00:00, 0.06309, 0.0663, 0.06289, 0.06517, 29930.09176459
1634860800, 22/10/2021, 00:00:00, 0.06517, 0.06595, 0.06459, 0.06544, 14477.15857637
1634947200, 23/10/2021, 00:00:00, 0.06544, 0.06808, 0.06519, 0.06801, 11143.83035776
1635033600, 24/10/2021, 00:00:00, 0.06799, 0.06816, 0.06624, 0.0671, 8924.1387644
1635120000, 25/10/2021, 00:00:00, 0.06712, 0.06723, 0.06531, 0.06693, 10884.11216342
1635206400, 26/10/2021, 00:00:00, 0.06693, 0.06938, 0.0668, 0.06846, 13633.70894736
1635292800, 27/10/2021, 00:00:00, 0.06847, 0.07033, 0.067, 0.06712, 22798.36450047
1635379200, 28/10/2021, 00:00:00, 0.06712, 0.07136, 0.06697, 0.07075, 23700.2526245
1635465600, 29/10/2021, 00:00:00, 0.07077, 0.07179, 0.0702, 0.07096, 19174.43994384
1635552000, 30/10/2021, 00:00:00, 0.07099, 0.07111, 0.06932, 0.06987, 8886.31484748
1635638400, 31/10/2021, 00:00:00, 0.06988, 0.07121, 0.06912, 0.06993, 9771.76836692
1635724800, 01/11/2021, 00:00:00, 0.06994, 0.07132, 0.06916, 0.07092, 24140.36435101
1635811200, 02/11/2021, 00:00:00, 0.07094, 0.07307, 0.06998, 0.07262, 36025.62798176
1635897600, 03/11/2021, 00:00:00, 0.07263, 0.07464, 0.07222, 0.07319, 20115.80676978
1635984000, 04/11/2021, 00:00:00, 0.07318, 0.07399, 0.07262, 0.07385, 12228.15314842
1636070400, 05/11/2021, 00:00:00, 0.07384, 0.07387, 0.07283, 0.07341, 9761.60679465
1636156800, 06/11/2021, 00:00:00, 0.07342, 0.07376, 0.07203, 0.07352, 7202.58894783
1636243200, 07/11/2021, 00:00:00, 0.0735, 0.07478, 0.0729, 0.07293, 8816.45802449
1636329600, 08/11/2021, 00:00:00, 0.0729, 0.07294, 0.07093, 0.07121, 14897.52053634
1636416000, 09/11/2021, 00:00:00, 0.07121, 0.0718, 0.07022, 0.07069, 10811.18650072
1636502400, 10/11/2021, 00:00:00, 0.0707, 0.07146, 0.0701, 0.07136, 11847.20814889
1636588800, 11/11/2021, 00:00:00, 0.07137, 0.07344, 0.07105, 0.07283, 12324.38694321
1636675200, 12/11/2021, 00:00:00, 0.07286, 0.07371, 0.07171, 0.07278, 11316.36562105
1636761600, 13/11/2021, 00:00:00, 0.07276, 0.07307, 0.07197, 0.07207, 5356.15554248
1636848000, 14/11/2021, 00:00:00, 0.07207, 0.07211, 0.0706, 0.07063, 7539.9879582
1636934400, 15/11/2021, 00:00:00, 0.07065, 0.07253, 0.0704, 0.07173, 12307.61780675
1637020800, 16/11/2021, 00:00:00, 0.07175, 0.07192, 0.06972, 0.07004, 21120.7774257
1637107200, 17/11/2021, 00:00:00, 0.07004, 0.07117, 0.06937, 0.07106, 12558.23436642
1637193600, 18/11/2021, 00:00:00, 0.07105, 0.07162, 0.06969, 0.07025, 17147.22339893
1637280000, 19/11/2021, 00:00:00, 0.07024, 0.0743, 0.07006, 0.07398, 13465.95416854
1637366400, 20/11/2021, 00:00:00, 0.07398, 0.07442, 0.07304, 0.07391, 7513.92940244
1637452800, 21/11/2021, 00:00:00, 0.07391, 0.0742, 0.07251, 0.07265, 6088.9094385
1637539200, 22/11/2021, 00:00:00, 0.07266, 0.0735, 0.07191, 0.07266, 11222.16950068
1637625600, 23/11/2021, 00:00:00, 0.07266, 0.076, 0.07244, 0.07543, 17333.35057784
1637712000, 24/11/2021, 00:00:00, 0.0754, 0.07599, 0.07401, 0.07476, 10555.1804959
1637798400, 25/11/2021, 00:00:00, 0.0747, 0.07687, 0.07416, 0.07678, 8817.34494553
1637884800, 26/11/2021, 00:00:00, 0.07678, 0.0771, 0.07313, 0.07521, 22558.15873096
1637971200, 27/11/2021, 00:00:00, 0.07517, 0.07603, 0.07462, 0.07486, 6421.44828522
1638057600, 28/11/2021, 00:00:00, 0.07486, 0.07578, 0.0741, 0.07499, 11604.72482
1638144000, 29/11/2021, 00:00:00, 0.07499, 0.07696, 0.07491, 0.0769, 8281.90241967
1638230400, 30/11/2021, 00:00:00, 0.07693, 0.08154, 0.07691, 0.08135, 38351.53890055
1638316800, 01/12/2021, 00:00:00, 0.08131, 0.08356, 0.07969, 0.08017, 29789.94948582
1638403200, 02/12/2021, 00:00:00, 0.08017, 0.08087, 0.0789, 0.07989, 14338.06415712
1638489600, 03/12/2021, 00:00:00, 0.07988, 0.0811, 0.07738, 0.07864, 19049.82678564
1638576000, 04/12/2021, 00:00:00, 0.07861, 0.08426, 0.07784, 0.08374, 34272.26168074
1638662400, 05/12/2021, 00:00:00, 0.08376, 0.08574, 0.08357, 0.08496, 11839.19591294
1638748800, 06/12/2021, 00:00:00, 0.08497, 0.08736, 0.08277, 0.08615, 17330.0432839
1638835200, 07/12/2021, 00:00:00, 0.08619, 0.08632, 0.08423, 0.08511, 8011.73237567
1638921600, 08/12/2021, 00:00:00, 0.08513, 0.08807, 0.08504, 0.08794, 13206.35653407
1639008000, 09/12/2021, 00:00:00, 0.08793, 0.08864, 0.08597, 0.0863, 11641.27861427
1639094400, 10/12/2021, 00:00:00, 0.08633, 0.08665, 0.08246, 0.0827, 15002.89147766
1639180800, 11/12/2021, 00:00:00, 0.08268, 0.08384, 0.08152, 0.08277, 8033.222824
1639267200, 12/12/2021, 00:00:00, 0.08279, 0.08284, 0.08085, 0.08253, 7123.71542122
1639353600, 13/12/2021, 00:00:00, 0.08252, 0.08258, 0.07992, 0.08099, 14077.31518831
1639440000, 14/12/2021, 00:00:00, 0.08102, 0.08159, 0.07936, 0.07983, 15193.07528533
1639526400, 15/12/2021, 00:00:00, 0.07985, 0.08317, 0.07827, 0.08227, 16873.32149881
1639612800, 16/12/2021, 00:00:00, 0.08225, 0.08485, 0.08198, 0.08307, 9851.55588005
1639699200, 17/12/2021, 00:00:00, 0.08309, 0.08402, 0.08043, 0.08399, 10651.21438826
1639785600, 18/12/2021, 00:00:00, 0.08399, 0.08515, 0.08271, 0.08454, 6957.65460527
1639872000, 19/12/2021, 00:00:00, 0.08456, 0.08471, 0.08254, 0.08404, 6295.94346005
1639958400, 20/12/2021, 00:00:00, 0.0841, 0.08463, 0.08199, 0.08409, 8081.84434537
1640044800, 21/12/2021, 00:00:00, 0.08409, 0.0847, 0.08084, 0.08213, 8269.55905625
1640131200, 22/12/2021, 00:00:00, 0.08212, 0.08289, 0.08116, 0.08191, 6083.64895668
1640217600, 23/12/2021, 00:00:00, 0.08192, 0.08236, 0.0806, 0.0809, 8873.4630816
1640304000, 24/12/2021, 00:00:00, 0.08089, 0.08105, 0.07936, 0.07963, 5358.79867899
1640390400, 25/12/2021, 00:00:00, 0.07964, 0.08126, 0.07932, 0.08125, 4215.37183384
1640476800, 26/12/2021, 00:00:00, 0.08125, 0.08141, 0.07985, 0.08001, 3917.06865778
1640563200, 27/12/2021, 00:00:00, 0.08002, 0.08035, 0.0792, 0.07962, 6139.89214945
1640649600, 28/12/2021, 00:00:00, 0.07959, 0.08027, 0.07899, 0.07978, 7186.98892067
1640736000, 29/12/2021, 00:00:00, 0.07979, 0.08001, 0.07807, 0.07812, 6913.16267607
1640822400, 30/12/2021, 00:00:00, 0.07812, 0.07926, 0.07794, 0.07872, 7251.93695661
1640908800, 31/12/2021, 00:00:00, 0.07872, 0.07979, 0.07836, 0.07956, 7942.89187383
1640995200, 01/01/2022, 00:00:00, 0.07955, 0.0799, 0.07851, 0.0789, 4913.87122351
1641081600, 02/01/2022, 00:00:00, 0.0789, 0.08125, 0.0789, 0.08097, 7215.49739619
1641168000, 03/01/2022, 00:00:00, 0.08096, 0.08149, 0.08045, 0.08107, 6708.23162524
1641254400, 04/01/2022, 00:00:00, 0.08107, 0.08293, 0.08071, 0.08261, 9625.98712131
1641340800, 05/01/2022, 00:00:00, 0.08261, 0.08261, 0.08023, 0.08147, 13002.95716574
1641427200, 06/01/2022, 00:00:00, 0.08144, 0.08145, 0.07764, 0.07907, 12653.01481793
1641513600, 07/01/2022, 00:00:00, 0.07908, 0.07952, 0.07532, 0.07694, 18061.62299427
1641600000, 08/01/2022, 00:00:00, 0.07697, 0.07711, 0.07344, 0.07391, 10209.52670924
1641686400, 09/01/2022, 00:00:00, 0.07387, 0.07557, 0.07376, 0.07527, 7256.73516155
1641772800, 10/01/2022, 00:00:00, 0.07526, 0.07556, 0.07283, 0.07374, 17234.06478322
1641859200, 11/01/2022, 00:00:00, 0.07374, 0.07619, 0.07331, 0.07581, 10018.99262845
1641945600, 12/01/2022, 00:00:00, 0.07583, 0.07743, 0.07544, 0.07681, 7035.44951549
1642032000, 13/01/2022, 00:00:00, 0.0768, 0.07698, 0.0761, 0.07613, 6669.03444081
1642118400, 14/01/2022, 00:00:00, 0.07612, 0.07713, 0.07597, 0.07681, 5850.91854002
1642204800, 15/01/2022, 00:00:00, 0.07683, 0.07775, 0.07657, 0.07722, 4772.36480725
1642291200, 16/01/2022, 00:00:00, 0.07721, 0.07809, 0.07678, 0.0777, 3950.84097131
1642377600, 17/01/2022, 00:00:00, 0.0777, 0.07782, 0.07549, 0.07606, 6062.11952231
1642464000, 18/01/2022, 00:00:00, 0.07607, 0.07646, 0.07443, 0.07463, 7154.26704266
1642550400, 19/01/2022, 00:00:00, 0.07463, 0.07493, 0.0738, 0.07405, 7863.10014655
1642636800, 20/01/2022, 00:00:00, 0.07408, 0.07543, 0.07365, 0.07381, 7458.41729807
1642723200, 21/01/2022, 00:00:00, 0.0738, 0.07404, 0.06879, 0.07045, 23509.42821434
1642809600, 22/01/2022, 00:00:00, 0.07045, 0.07166, 0.06732, 0.06878, 27874.40837869
1642896000, 23/01/2022, 00:00:00, 0.06878, 0.07078, 0.0683, 0.07005, 13997.8795896
1642982400, 24/01/2022, 00:00:00, 0.07004, 0.07009, 0.06464, 0.06656, 42483.50242477
1643068800, 25/01/2022, 00:00:00, 0.06656, 0.06708, 0.0656, 0.06652, 10002.56487312
1643155200, 26/01/2022, 00:00:00, 0.06654, 0.06996, 0.06555, 0.06691, 22506.18197157
1643241600, 27/01/2022, 00:00:00, 0.06691, 0.06801, 0.06469, 0.06522, 17904.59012299
1643328000, 28/01/2022, 00:00:00, 0.06525, 0.06763, 0.06448, 0.0675, 15602.6361527
1643414400, 29/01/2022, 00:00:00, 0.06747, 0.06871, 0.06702, 0.06814, 8441.86183515
1643500800, 30/01/2022, 00:00:00, 0.06816, 0.06917, 0.06763, 0.06866, 8958.15699482
1643587200, 31/01/2022, 00:00:00, 0.06869, 0.07021, 0.0673, 0.06988, 10858.06943549
1643673600, 01/02/2022, 00:00:00, 0.06986, 0.07222, 0.06979, 0.07206, 12776.37628527
1643760000, 02/02/2022, 00:00:00, 0.07204, 0.07315, 0.07087, 0.07263, 11770.06535896
1643846400, 03/02/2022, 00:00:00, 0.07264, 0.07362, 0.07088, 0.07226, 8148.12932857
1643932800, 04/02/2022, 00:00:00, 0.07226, 0.07508, 0.07162, 0.07206, 11714.44505834
1644019200, 05/02/2022, 00:00:00, 0.07205, 0.07319, 0.07151, 0.07281, 4888.30791985
1644105600, 06/02/2022, 00:00:00, 0.07279, 0.07303, 0.07154, 0.07211, 4397.33584574
1644192000, 07/02/2022, 00:00:00, 0.07207, 0.07257, 0.07106, 0.07163, 7143.96000822
1644278400, 08/02/2022, 00:00:00, 0.07164, 0.0718, 0.07032, 0.07077, 7471.55308549
1644364800, 09/02/2022, 00:00:00, 0.07075, 0.0733, 0.07056, 0.07311, 6962.25083221
1644451200, 10/02/2022, 00:00:00, 0.07309, 0.0733, 0.07017, 0.07065, 9301.06448052
1644537600, 11/02/2022, 00:00:00, 0.07064, 0.07167, 0.06833, 0.06907, 7491.37321082
1644624000, 12/02/2022, 00:00:00, 0.06905, 0.06991, 0.06817, 0.06911, 4689.71386462
1644710400, 13/02/2022, 00:00:00, 0.06914, 0.06935, 0.0677, 0.0683, 3653.71918905
1644796800, 14/02/2022, 00:00:00, 0.0683, 0.06941, 0.06784, 0.06889, 4498.07617073
1644883200, 15/02/2022, 00:00:00, 0.06889, 0.07174, 0.06851, 0.07146, 7077.60786668
1644969600, 16/02/2022, 00:00:00, 0.07146, 0.07191, 0.07012, 0.07117, 6696.15555555
1645056000, 17/02/2022, 00:00:00, 0.07116, 0.07162, 0.06995, 0.07137, 8295.42342181
1645142400, 18/02/2022, 00:00:00, 0.07138, 0.072, 0.06909, 0.06951, 6966.12432926
1645228800, 19/02/2022, 00:00:00, 0.0695, 0.07037, 0.068, 0.06896, 4859.75889792
1645315200, 20/02/2022, 00:00:00, 0.06896, 0.0695, 0.06737, 0.06829, 6180.83943889
1645401600, 21/02/2022, 00:00:00, 0.06829, 0.07055, 0.06817, 0.06938, 10096.90118036
1645488000, 22/02/2022, 00:00:00, 0.06938, 0.06999, 0.06804, 0.06897, 6984.52509751
1645574400, 23/02/2022, 00:00:00, 0.06896, 0.0707, 0.06869, 0.06926, 7037.61669954
1645660800, 24/02/2022, 00:00:00, 0.06926, 0.07034, 0.06668, 0.06777, 16423.59416699
1645747200, 25/02/2022, 00:00:00, 0.0678, 0.0717, 0.06738, 0.07056, 7093.65705364
1645833600, 26/02/2022, 00:00:00, 0.07059, 0.07213, 0.07054, 0.07106, 7716.069163
1645920000, 27/02/2022, 00:00:00, 0.07107, 0.0717, 0.06888, 0.06937, 7907.31805976
1646006400, 28/02/2022, 00:00:00, 0.06937, 0.07003, 0.06648, 0.06767, 9577.26853688
1646092800, 01/03/2022, 00:00:00, 0.06769, 0.06822, 0.06578, 0.067, 8555.05727211
1646179200, 02/03/2022, 00:00:00, 0.06701, 0.0684, 0.06634, 0.06713, 6224.54333166
1646265600, 03/03/2022, 00:00:00, 0.06712, 0.06745, 0.06593, 0.06676, 3878.05276422
1646352000, 04/03/2022, 00:00:00, 0.06676, 0.06713, 0.06516, 0.06696, 6179.94949512
1646438400, 05/03/2022, 00:00:00, 0.06696, 0.06805, 0.0669, 0.06763, 2941.14473627
1646524800, 06/03/2022, 00:00:00, 0.06761, 0.06812, 0.06637, 0.06641, 3520.02219141
1646611200, 07/03/2022, 00:00:00, 0.0664, 0.06752, 0.06528, 0.06558, 6696.72202677
1646697600, 08/03/2022, 00:00:00, 0.06559, 0.06679, 0.06548, 0.0665, 6762.38980833
1646784000, 09/03/2022, 00:00:00, 0.06652, 0.06697, 0.06409, 0.065, 8075.62170427
1646870400, 10/03/2022, 00:00:00, 0.06501, 0.06658, 0.06468, 0.06613, 7163.14342245
1646956800, 11/03/2022, 00:00:00, 0.06615, 0.06691, 0.06575, 0.06603, 4835.12508028
1647043200, 12/03/2022, 00:00:00, 0.06605, 0.06665, 0.06583, 0.06618, 2495.70346048
1647129600, 13/03/2022, 00:00:00, 0.0662, 0.06706, 0.06571, 0.0666, 3650.38770174
1647216000, 14/03/2022, 00:00:00, 0.06658, 0.06719, 0.06488, 0.06529, 4639.04146138
1647302400, 15/03/2022, 00:00:00, 0.06529, 0.06704, 0.06522, 0.06665, 6078.88128873
1647388800, 16/03/2022, 00:00:00, 0.06666, 0.06758, 0.06547, 0.06748, 10901.73923075
1647475200, 17/03/2022, 00:00:00, 0.06748, 0.06937, 0.06693, 0.06872, 6152.42138101
1647561600, 18/03/2022, 00:00:00, 0.06871, 0.07103, 0.06828, 0.07036, 8798.26313978
1647648000, 19/03/2022, 00:00:00, 0.07037, 0.07104, 0.06936, 0.06992, 5827.22175968
1647734400, 20/03/2022, 00:00:00, 0.06991, 0.07011, 0.06881, 0.06933, 6768.8867833
1647820800, 21/03/2022, 00:00:00, 0.06933, 0.07185, 0.06915, 0.07048, 13139.92065982
1647907200, 22/03/2022, 00:00:00, 0.07046, 0.07146, 0.06995, 0.07008, 8073.13045451
1647993600, 23/03/2022, 00:00:00, 0.07008, 0.07123, 0.06968, 0.07081, 7220.9830443
1648080000, 24/03/2022, 00:00:00, 0.07079, 0.07145, 0.0703, 0.07071, 6109.9312253
1648166400, 25/03/2022, 00:00:00, 0.07072, 0.07143, 0.06978, 0.07002, 5545.85137924
1648252800, 26/03/2022, 00:00:00, 0.07003, 0.07076, 0.06981, 0.07068, 1644.25171613
1648339200, 27/03/2022, 00:00:00, 0.07068, 0.07094, 0.06974, 0.07038, 3962.11401071
1648425600, 28/03/2022, 00:00:00, 0.07035, 0.07153, 0.06977, 0.07073, 5897.41537624
1648512000, 29/03/2022, 00:00:00, 0.07073, 0.07253, 0.07068, 0.0717, 13955.0730763
1648598400, 30/03/2022, 00:00:00, 0.07168, 0.07233, 0.07121, 0.07193, 4005.40457877
1648684800, 31/03/2022, 00:00:00, 0.07193, 0.07258, 0.0715, 0.0721, 4375.42296804
1648771200, 01/04/2022, 00:00:00, 0.07213, 0.0749, 0.07204, 0.07466, 12388.99393786
1648857600, 02/04/2022, 00:00:00, 0.07463, 0.07563, 0.07433, 0.07519, 4738.95398013
1648944000, 03/04/2022, 00:00:00, 0.07519, 0.07597, 0.07485, 0.07588, 4540.19299122
1649030400, 04/04/2022, 00:00:00, 0.0759, 0.07618, 0.07493, 0.07553, 8358.47491833
1649116800, 05/04/2022, 00:00:00, 0.07553, 0.07568, 0.07472, 0.07491, 5695.30311334
1649203200, 06/04/2022, 00:00:00, 0.07488, 0.07488, 0.0731, 0.07337, 10006.07791832
1649289600, 07/04/2022, 00:00:00, 0.07336, 0.0745, 0.07327, 0.07429, 3714.6065634
1649376000, 08/04/2022, 00:00:00, 0.0743, 0.07601, 0.07419, 0.07556, 4530.95588621
1649462400, 09/04/2022, 00:00:00, 0.07556, 0.07658, 0.07538, 0.07625, 1934.41397533
1649548800, 10/04/2022, 00:00:00, 0.07624, 0.0768, 0.07587, 0.07596, 3874.59807908
1649635200, 11/04/2022, 00:00:00, 0.07596, 0.07606, 0.07348, 0.07535, 8680.13078451
1649721600, 12/04/2022, 00:00:00, 0.07539, 0.07601, 0.07497, 0.07561, 3478.53116277
1649808000, 13/04/2022, 00:00:00, 0.07563, 0.07634, 0.07495, 0.0758, 3828.47518738
1649894400, 14/04/2022, 00:00:00, 0.07581, 0.07592, 0.07495, 0.07566, 2698.3144981
1649980800, 15/04/2022, 00:00:00, 0.07565, 0.07577, 0.07475, 0.07499, 2201.66089688
1650067200, 16/04/2022, 00:00:00, 0.07501, 0.07588, 0.0749, 0.07579, 1599.02816348
1650153600, 17/04/2022, 00:00:00, 0.07578, 0.07633, 0.07523, 0.07531, 2264.49675697
1650240000, 18/04/2022, 00:00:00, 0.07529, 0.07536, 0.07358, 0.07489, 4391.76383482
1650326400, 19/04/2022, 00:00:00, 0.07489, 0.07534, 0.0745, 0.07472, 1686.20649105
1650412800, 20/04/2022, 00:00:00, 0.07472, 0.07508, 0.07412, 0.07438, 2628.46452611
1650499200, 21/04/2022, 00:00:00, 0.07438, 0.07444, 0.07332, 0.07369, 4316.33557569
1650585600, 22/04/2022, 00:00:00, 0.07372, 0.07519, 0.07372, 0.07462, 2798.17284866
1650672000, 23/04/2022, 00:00:00, 0.07458, 0.07493, 0.0741, 0.07432, 1559.28322103
1650758400, 24/04/2022, 00:00:00, 0.07432, 0.07484, 0.07396, 0.07407, 1914.31913677
1650844800, 25/04/2022, 00:00:00, 0.074, 0.07506, 0.07287, 0.07437, 6471.12881718
1650931200, 26/04/2022, 00:00:00, 0.07438, 0.07491, 0.07324, 0.0737, 4385.3602155
1651017600, 27/04/2022, 00:00:00, 0.07372, 0.07447, 0.07324, 0.07358, 3314.0285694
1651104000, 28/04/2022, 00:00:00, 0.07359, 0.07424, 0.07302, 0.07389, 4071.41463598
1651190400, 29/04/2022, 00:00:00, 0.07391, 0.07411, 0.07265, 0.07299, 4508.84819865
1651276800, 30/04/2022, 00:00:00, 0.07298, 0.07347, 0.07221, 0.07246, 1568.43996577
1651363200, 01/05/2022, 00:00:00, 0.07245, 0.07374, 0.07237, 0.07346, 1597.92068425
1651449600, 02/05/2022, 00:00:00, 0.07345, 0.07437, 0.07236, 0.07418, 3927.61859704
1651536000, 03/05/2022, 00:00:00, 0.07419, 0.07423, 0.07339, 0.07373, 1453.5559464
1651622400, 04/05/2022, 00:00:00, 0.07371, 0.07433, 0.07275, 0.07409, 2169.56920752
1651708800, 05/05/2022, 00:00:00, 0.07409, 0.07572, 0.07382, 0.07519, 3412.44041739
1651795200, 06/05/2022, 00:00:00, 0.0752, 0.07553, 0.07416, 0.07476, 2209.54208951
1651881600, 07/05/2022, 00:00:00, 0.07475, 0.07535, 0.07412, 0.07436, 1889.19205113
1651968000, 08/05/2022, 00:00:00, 0.07437, 0.07486, 0.07305, 0.07402, 3986.07549773
1652054400, 09/05/2022, 00:00:00, 0.07404, 0.07443, 0.07206, 0.07413, 11726.94519051
1652140800, 10/05/2022, 00:00:00, 0.0741, 0.07628, 0.07358, 0.07552, 9515.57863374
1652227200, 11/05/2022, 00:00:00, 0.07551, 0.0769, 0.07144, 0.0716, 24430.87557898
1652313600, 12/05/2022, 00:00:00, 0.07162, 0.07272, 0.06635, 0.06746, 31239.27158143
1652400000, 13/05/2022, 00:00:00, 0.0675, 0.06954, 0.06731, 0.06861, 15067.16056067
1652486400, 14/05/2022, 00:00:00, 0.06861, 0.06952, 0.0678, 0.06834, 7742.33878618
1652572800, 15/05/2022, 00:00:00, 0.06838, 0.0693, 0.06759, 0.0684, 4427.84948354
1652659200, 16/05/2022, 00:00:00, 0.06838, 0.0686, 0.06731, 0.06773, 4220.56114996
1652745600, 17/05/2022, 00:00:00, 0.06771, 0.06902, 0.06771, 0.06869, 4662.44811765
1652832000, 18/05/2022, 00:00:00, 0.06868, 0.06893, 0.06656, 0.06668, 4469.66145906
1652918400, 19/05/2022, 00:00:00, 0.0667, 0.06718, 0.06615, 0.06659, 8166.69031823
1653004800, 20/05/2022, 00:00:00, 0.0666, 0.06761, 0.06651, 0.0671, 3836.65377805
1653091200, 21/05/2022, 00:00:00, 0.06711, 0.06755, 0.06683, 0.0671, 1421.41591866
1653177600, 22/05/2022, 00:00:00, 0.0671, 0.06762, 0.06698, 0.06741, 1358.52317303
1653264000, 23/05/2022, 00:00:00, 0.06741, 0.0683, 0.06721, 0.06776, 1860.44093285
1653350400, 24/05/2022, 00:00:00, 0.06778, 0.06798, 0.06641, 0.06673, 1767.69310839
1653436800, 25/05/2022, 00:00:00, 0.06675, 0.06701, 0.06563, 0.06576, 2257.13219027
1653523200, 26/05/2022, 00:00:00, 0.06581, 0.06594, 0.06129, 0.0614, 27543.30301265
1653609600, 27/05/2022, 00:00:00, 0.0614, 0.06233, 0.05977, 0.06031, 6616.94085592
1653696000, 28/05/2022, 00:00:00, 0.06037, 0.06221, 0.06014, 0.06174, 2768.75098737
1653782400, 29/05/2022, 00:00:00, 0.06174, 0.06201, 0.06106, 0.06151, 1785.60093114
1653868800, 30/05/2022, 00:00:00, 0.0615, 0.0631, 0.06142, 0.06296, 2575.11763146
1653955200, 31/05/2022, 00:00:00, 0.06297, 0.06327, 0.06092, 0.06105, 1724.79118151
1654041600, 01/06/2022, 00:00:00, 0.06107, 0.06194, 0.06014, 0.06099, 3266.09428852
1654128000, 02/06/2022, 00:00:00, 0.06097, 0.06144, 0.05991, 0.06022, 1914.02115669
1654214400, 03/06/2022, 00:00:00, 0.0602, 0.06026, 0.05893, 0.05983, 1384.4140321
1654300800, 04/06/2022, 00:00:00, 0.05981, 0.0606, 0.05926, 0.06041, 896.00636696
1654387200, 05/06/2022, 00:00:00, 0.06051, 0.06082, 0.06003, 0.06037, 2029.22136827
1654473600, 06/06/2022, 00:00:00, 0.06036, 0.061, 0.05903, 0.05928, 1448.63201825
1654560000, 07/06/2022, 00:00:00, 0.05927, 0.05993, 0.05755, 0.05827, 6542.58530311
1654646400, 08/06/2022, 00:00:00, 0.05827, 0.05969, 0.0581, 0.05936, 1881.50651041
1654732800, 09/06/2022, 00:00:00, 0.05937, 0.05987, 0.05911, 0.05939, 689.85767631
1654819200, 10/06/2022, 00:00:00, 0.05936, 0.05967, 0.057, 0.05712, 4051.94642419
1654905600, 11/06/2022, 00:00:00, 0.05714, 0.05751, 0.05301, 0.05385, 6231.9697723
1654992000, 12/06/2022, 00:00:00, 0.05391, 0.05477, 0.05227, 0.05397, 3309.46862268
1655078400, 13/06/2022, 00:00:00, 0.05397, 0.05416, 0.04903, 0.05378, 22351.00723691
1655164800, 14/06/2022, 00:00:00, 0.05377, 0.05564, 0.05106, 0.05458, 11218.23550227
1655251200, 15/06/2022, 00:00:00, 0.05461, 0.05578, 0.05035, 0.05487, 12379.18868813
1655337600, 16/06/2022, 00:00:00, 0.05488, 0.05518, 0.05195, 0.05241, 3847.28647165
1655424000, 17/06/2022, 00:00:00, 0.05229, 0.05332, 0.05172, 0.05309, 3653.59930072
1655510400, 18/06/2022, 00:00:00, 0.05303, 0.05308, 0.0499, 0.05244, 11510.20411849
1655596800, 19/06/2022, 00:00:00, 0.05246, 0.05605, 0.05153, 0.05487, 7720.56421798
1655683200, 20/06/2022, 00:00:00, 0.05487, 0.05584, 0.05349, 0.05482, 4523.80150933
1655769600, 21/06/2022, 00:00:00, 0.05483, 0.05522, 0.05355, 0.05432, 3134.74090759
1655856000, 22/06/2022, 00:00:00, 0.05432, 0.05443, 0.05252, 0.05253, 6811.88216878
1655942400, 23/06/2022, 00:00:00, 0.05256, 0.0547, 0.05256, 0.05426, 3374.73822703
1656028800, 24/06/2022, 00:00:00, 0.05422, 0.05831, 0.05422, 0.05768, 4934.25546213
1656115200, 25/06/2022, 00:00:00, 0.05769, 0.05853, 0.05632, 0.05779, 2685.05548976
1656201600, 26/06/2022, 00:00:00, 0.05779, 0.05889, 0.05691, 0.05693, 1993.30834058
1656288000, 27/06/2022, 00:00:00, 0.05693, 0.05813, 0.0569, 0.05749, 1804.77531794
1656374400, 28/06/2022, 00:00:00, 0.05747, 0.05857, 0.05623, 0.05641, 2620.64972986
1656460800, 29/06/2022, 00:00:00, 0.05641, 0.05675, 0.05441, 0.05467, 3374.86845397
1656547200, 30/06/2022, 00:00:00, 0.05467, 0.05491, 0.05307, 0.05364, 4230.10035698
1656633600, 01/07/2022, 00:00:00, 0.05363, 0.05556, 0.05322, 0.05498, 4066.54793546
1656720000, 02/07/2022, 00:00:00, 0.05495, 0.0556, 0.05409, 0.05543, 2762.16985509
1656806400, 03/07/2022, 00:00:00, 0.05542, 0.05611, 0.0549, 0.05561, 5496.39900025
1656892800, 04/07/2022, 00:00:00, 0.05563, 0.05728, 0.05477, 0.05687, 3292.23359939
1656979200, 05/07/2022, 00:00:00, 0.05689, 0.05754, 0.05575, 0.05616, 2604.74337754
1657065600, 06/07/2022, 00:00:00, 0.05615, 0.05835, 0.05598, 0.05771, 4417.3199298
1657152000, 07/07/2022, 00:00:00, 0.05773, 0.05878, 0.05676, 0.05723, 3437.7763116
1657238400, 08/07/2022, 00:00:00, 0.05724, 0.05737, 0.05593, 0.0562, 5978.74250285
1657324800, 09/07/2022, 00:00:00, 0.05625, 0.05661, 0.05605, 0.05637, 891.67780839
1657411200, 10/07/2022, 00:00:00, 0.05637, 0.05675, 0.05543, 0.05601, 1310.02273835
1657497600, 11/07/2022, 00:00:00, 0.05603, 0.05627, 0.05464, 0.05488, 5127.70391771
1657584000, 12/07/2022, 00:00:00, 0.05488, 0.055, 0.05347, 0.05375, 3784.79199155
1657670400, 13/07/2022, 00:00:00, 0.0538, 0.05523, 0.05227, 0.05508, 6061.84793026
1657756800, 14/07/2022, 00:00:00, 0.05507, 0.05813, 0.05451, 0.05794, 4442.33258394
1657843200, 15/07/2022, 00:00:00, 0.05794, 0.06077, 0.05778, 0.05911, 7425.47072845
1657929600, 16/07/2022, 00:00:00, 0.05912, 0.06646, 0.05794, 0.06396, 11234.3572828
1658016000, 17/07/2022, 00:00:00, 0.06399, 0.06525, 0.06273, 0.06435, 15623.27016544
1658102400, 18/07/2022, 00:00:00, 0.06438, 0.07083, 0.06434, 0.07047, 14684.06915935
1658188800, 19/07/2022, 00:00:00, 0.07046, 0.07103, 0.06567, 0.06593, 9495.15546452
1658275200, 20/07/2022, 00:00:00, 0.06593, 0.06785, 0.06485, 0.0655, 7801.50624897
1658361600, 21/07/2022, 00:00:00, 0.06553, 0.06897, 0.06455, 0.06804, 3282.21368508
1658448000, 22/07/2022, 00:00:00, 0.06805, 0.07024, 0.0673, 0.06766, 5470.86989662
1658534400, 23/07/2022, 00:00:00, 0.06769, 0.06951, 0.06749, 0.06899, 3158.53625507
1658620800, 24/07/2022, 00:00:00, 0.06901, 0.07233, 0.06901, 0.0708, 5589.26780446
1658707200, 25/07/2022, 00:00:00, 0.07082, 0.07098, 0.06746, 0.06762, 6554.85749961
1658793600, 26/07/2022, 00:00:00, 0.06758, 0.06829, 0.06514, 0.06818, 8129.09696089
1658880000, 27/07/2022, 00:00:00, 0.0682, 0.07167, 0.06752, 0.07128, 10014.0793318
1658966400, 28/07/2022, 00:00:00, 0.0713, 0.07393, 0.07013, 0.07236, 4455.71257897
1659052800, 29/07/2022, 00:00:00, 0.07235, 0.07322, 0.07051, 0.07243, 9033.74105788
1659139200, 30/07/2022, 00:00:00, 0.07244, 0.07258, 0.06993, 0.07169, 2525.35246661
1659225600, 31/07/2022, 00:00:00, 0.07167, 0.07286, 0.0712, 0.07199, 2524.21244739
1659312000, 01/08/2022, 00:00:00, 0.07198, 0.07266, 0.06983, 0.07009, 3244.13025335
1659398400, 02/08/2022, 00:00:00, 0.07009, 0.07184, 0.0688, 0.07094, 7149.99099803
1659484800, 03/08/2022, 00:00:00, 0.07098, 0.07138, 0.07, 0.0709, 1416.14373648
1659571200, 04/08/2022, 00:00:00, 0.07087, 0.07183, 0.07009, 0.07113, 1577.69332983
1659657600, 05/08/2022, 00:00:00, 0.07113, 0.07469, 0.07101, 0.0745, 6585.89570801
1659744000, 06/08/2022, 00:00:00, 0.07447, 0.075, 0.07331, 0.07364, 2739.7036311
1659830400, 07/08/2022, 00:00:00, 0.07365, 0.07408, 0.07294, 0.07337, 5583.41574194
1659916800, 08/08/2022, 00:00:00, 0.07335, 0.07496, 0.07255, 0.07464, 2472.35876348
1660003200, 09/08/2022, 00:00:00, 0.07456, 0.07491, 0.0728, 0.07354, 5782.47396542
1660089600, 10/08/2022, 00:00:00, 0.07346, 0.07791, 0.07277, 0.07738, 6951.98800603
1660176000, 11/08/2022, 00:00:00, 0.07735, 0.07876, 0.07665, 0.07859, 3843.8166364
1660262400, 12/08/2022, 00:00:00, 0.07859, 0.08043, 0.07818, 0.08027, 2250.75274823
1660348800, 13/08/2022, 00:00:00, 0.08024, 0.08166, 0.07972, 0.0811, 2683.25579374
1660435200, 14/08/2022, 00:00:00, 0.08112, 0.0814, 0.07893, 0.07965, 1980.2985756
1660521600, 15/08/2022, 00:00:00, 0.07962, 0.08061, 0.07826, 0.0788, 3050.87525381
1660608000, 16/08/2022, 00:00:00, 0.07877, 0.07952, 0.07794, 0.07871, 2767.07986525
1660694400, 17/08/2022, 00:00:00, 0.07871, 0.08009, 0.07792, 0.0786, 3727.29041112
1660780800, 18/08/2022, 00:00:00, 0.0786, 0.08029, 0.07821, 0.07964, 1993.91880882
1660867200, 19/08/2022, 00:00:00, 0.07965, 0.08105, 0.07701, 0.07722, 7746.85438467
1660953600, 20/08/2022, 00:00:00, 0.07722, 0.07772, 0.07339, 0.07457, 3249.83502173
1661040000, 21/08/2022, 00:00:00, 0.07457, 0.07604, 0.07418, 0.07517, 1630.58883769
1661126400, 22/08/2022, 00:00:00, 0.07522, 0.07604, 0.07311, 0.07595, 1636.08892575
1661212800, 23/08/2022, 00:00:00, 0.07593, 0.07751, 0.07458, 0.07734, 1647.67653521
1661299200, 24/08/2022, 00:00:00, 0.07737, 0.078, 0.07579, 0.07753, 1366.43125752
1661385600, 25/08/2022, 00:00:00, 0.07753, 0.07938, 0.07748, 0.07861, 1233.91265888
1661472000, 26/08/2022, 00:00:00, 0.07868, 0.07868, 0.07396, 0.07451, 3106.39709562
1661558400, 27/08/2022, 00:00:00, 0.07441, 0.07476, 0.07298, 0.0744, 2087.04339688
1661644800, 28/08/2022, 00:00:00, 0.0744, 0.075, 0.07286, 0.07293, 827.93855899
1661731200, 29/08/2022, 00:00:00, 0.07294, 0.07689, 0.07273, 0.07648, 37132.59887015
1661817600, 30/08/2022, 00:00:00, 0.07645, 0.07829, 0.07535, 0.07714, 21777.87104992
1661904000, 31/08/2022, 00:00:00, 0.07716, 0.07925, 0.0769, 0.07755, 2646.15828762
1661990400, 01/09/2022, 00:00:00, 0.07752, 0.07923, 0.07682, 0.07879, 3003.05783121
1662076800, 02/09/2022, 00:00:00, 0.07877, 0.08079, 0.0781, 0.0789, 2600.78951296
1662163200, 03/09/2022, 00:00:00, 0.0788, 0.07895, 0.07766, 0.07846, 964.75802918
1662249600, 04/09/2022, 00:00:00, 0.0785, 0.07939, 0.07836, 0.07896, 651.42325233
1662336000, 05/09/2022, 00:00:00, 0.07904, 0.08205, 0.079, 0.08174, 2542.04827267
1662422400, 06/09/2022, 00:00:00, 0.08171, 0.085, 0.08169, 0.08296, 10591.49641229
1662508800, 07/09/2022, 00:00:00, 0.08296, 0.08565, 0.08022, 0.08448, 3944.56831297
1662595200, 08/09/2022, 00:00:00, 0.08458, 0.08558, 0.08371, 0.08465, 2215.44497518
1662681600, 09/09/2022, 00:00:00, 0.08467, 0.08494, 0.0801, 0.08038, 3011.12516699
1662768000, 10/09/2022, 00:00:00, 0.08038, 0.08216, 0.08025, 0.08193, 1166.92696693
1662854400, 11/09/2022, 00:00:00, 0.08195, 0.08224, 0.07995, 0.08083, 1038.18137171
1662940800, 12/09/2022, 00:00:00, 0.08076, 0.0809, 0.07635, 0.07665, 2746.92948629
1663027200, 13/09/2022, 00:00:00, 0.07656, 0.07997, 0.07508, 0.0781, 3772.69912122
1663113600, 14/09/2022, 00:00:00, 0.07805, 0.08105, 0.07744, 0.08085, 2653.71477314
1663200000, 15/09/2022, 00:00:00, 0.08078, 0.08161, 0.07426, 0.07482, 7764.72369052
1663286400, 16/09/2022, 00:00:00, 0.07484, 0.0749, 0.07226, 0.07238, 2663.23307801
1663372800, 17/09/2022, 00:00:00, 0.07238, 0.07346, 0.0713, 0.07308, 1096.36079761
1663459200, 18/09/2022, 00:00:00, 0.07308, 0.07308, 0.06802, 0.0687, 1369.84603327
1663545600, 19/09/2022, 00:00:00, 0.06866, 0.0709, 0.06831, 0.07049, 2012.5416425
1663632000, 20/09/2022, 00:00:00, 0.07048, 0.07175, 0.06966, 0.07008, 1355.60296826
1663718400, 21/09/2022, 00:00:00, 0.07008, 0.07134, 0.06709, 0.06746, 2805.04686772
1663804800, 22/09/2022, 00:00:00, 0.06751, 0.06914, 0.0666, 0.06835, 2544.72637097
1663891200, 23/09/2022, 00:00:00, 0.06838, 0.07, 0.06795, 0.06882, 1173.58466713
1663977600, 24/09/2022, 00:00:00, 0.06884, 0.07051, 0.06858, 0.0697, 480.21921636
1664064000, 25/09/2022, 00:00:00, 0.06966, 0.06987, 0.06791, 0.06884, 771.69087795
1664150400, 26/09/2022, 00:00:00, 0.06886, 0.06967, 0.06824, 0.06944, 1033.99256632
1664236800, 27/09/2022, 00:00:00, 0.06944, 0.06996, 0.0682, 0.06963, 1103.90556839
1664323200, 28/09/2022, 00:00:00, 0.06974, 0.06984, 0.0675, 0.06887, 1409.3748305
1664409600, 29/09/2022, 00:00:00, 0.06897, 0.06919, 0.06807, 0.06818, 728.53264404
1664496000, 30/09/2022, 00:00:00, 0.06818, 0.06911, 0.06762, 0.06836, 1152.68761743
1664582400, 01/10/2022, 00:00:00, 0.06834, 0.06893, 0.06783, 0.06792, 364.88769694
1664668800, 02/10/2022, 00:00:00, 0.0679, 0.06814, 0.0669, 0.06701, 590.28434673
1664755200, 03/10/2022, 00:00:00, 0.06698, 0.06825, 0.06658, 0.06741, 775.82508055
1664841600, 04/10/2022, 00:00:00, 0.06741, 0.06799, 0.06675, 0.06696, 808.85144915
1664928000, 05/10/2022, 00:00:00, 0.06697, 0.06736, 0.06634, 0.06709, 832.07218441
1665014400, 06/10/2022, 00:00:00, 0.06709, 0.06827, 0.06694, 0.06775, 1004.68656065
1665100800, 07/10/2022, 00:00:00, 0.06773, 0.06833, 0.06745, 0.06815, 838.32581213
1665187200, 08/10/2022, 00:00:00, 0.06816, 0.06844, 0.06763, 0.06771, 582.3691972
1665273600, 09/10/2022, 00:00:00, 0.0677, 0.06805, 0.0675, 0.06805, 232.02785391
1665360000, 10/10/2022, 00:00:00, 0.06805, 0.06855, 0.06734, 0.06739, 935.18517292
1665446400, 11/10/2022, 00:00:00, 0.06733, 0.06768, 0.06685, 0.06711, 795.75685747
1665532800, 12/10/2022, 00:00:00, 0.06709, 0.06809, 0.06703, 0.06756, 448.00833785
1665619200, 13/10/2022, 00:00:00, 0.06755, 0.06783, 0.06545, 0.06641, 2684.59787388
1665705600, 14/10/2022, 00:00:00, 0.06638, 0.06789, 0.06636, 0.0676, 1074.22054852
1665792000, 15/10/2022, 00:00:00, 0.06762, 0.06778, 0.06654, 0.06686, 760.10956594
1665878400, 16/10/2022, 00:00:00, 0.06688, 0.06795, 0.06683, 0.06779, 524.88971198
1665964800, 17/10/2022, 00:00:00, 0.06779, 0.06827, 0.06753, 0.06811, 943.13621273
1666051200, 18/10/2022, 00:00:00, 0.06813, 0.06844, 0.06712, 0.06783, 635.54106608
1666137600, 19/10/2022, 00:00:00, 0.06786, 0.06792, 0.06705, 0.06716, 899.50866876
1666224000, 20/10/2022, 00:00:00, 0.06718, 0.06793, 0.067, 0.06736, 670.78109907
1666310400, 21/10/2022, 00:00:00, 0.06736, 0.06805, 0.06705, 0.06783, 795.31819208
1666396800, 22/10/2022, 00:00:00, 0.06783, 0.06871, 0.06766, 0.0684, 945.38409231
1666483200, 23/10/2022, 00:00:00, 0.06839, 0.06982, 0.06803, 0.06971, 1256.09792802
1666569600, 24/10/2022, 00:00:00, 0.0697, 0.07, 0.069, 0.06952, 1054.12431848
1666656000, 25/10/2022, 00:00:00, 0.06952, 0.07566, 0.06934, 0.07267, 4260.83350008
1666742400, 26/10/2022, 00:00:00, 0.07266, 0.076, 0.07266, 0.07538, 3930.08354159
1666828800, 27/10/2022, 00:00:00, 0.07538, 0.07606, 0.0744, 0.0746, 3250.19042656
1666915200, 28/10/2022, 00:00:00, 0.07462, 0.07594, 0.07394, 0.07553, 2659.76111149
1667001600, 29/10/2022, 00:00:00, 0.07545, 0.07927, 0.07528, 0.07782, 3438.7226656
1667088000, 30/10/2022, 00:00:00, 0.07779, 0.07839, 0.07661, 0.07711, 2361.57020746
1667174400, 31/10/2022, 00:00:00, 0.07709, 0.07854, 0.07611, 0.07676, 2912.11007283
1667260800, 01/11/2022, 00:00:00, 0.07673, 0.07797, 0.07671, 0.07713, 3250.22287989
1667347200, 02/11/2022, 00:00:00, 0.07713, 0.07818, 0.07473, 0.07534, 3794.7548179
1667433600, 03/11/2022, 00:00:00, 0.07534, 0.07659, 0.0753, 0.07574, 2187.25014197
1667520000, 04/11/2022, 00:00:00, 0.07575, 0.07891, 0.07573, 0.07778, 3004.46847761
1667606400, 05/11/2022, 00:00:00, 0.07778, 0.07805, 0.07632, 0.07637, 1636.69744998
1667692800, 06/11/2022, 00:00:00, 0.07632, 0.07692, 0.07489, 0.075, 1219.4074702
1667779200, 07/11/2022, 00:00:00, 0.07498, 0.07711, 0.07498, 0.07614, 2837.26814488
1667865600, 08/11/2022, 00:00:00, 0.07613, 0.07714, 0.07057, 0.0719, 12344.75939603
1667952000, 09/11/2022, 00:00:00, 0.07192, 0.0722, 0.06594, 0.0692, 13443.57532283
1668038400, 10/11/2022, 00:00:00, 0.06911, 0.07564, 0.06878, 0.07383, 11686.68663448
1668124800, 11/11/2022, 00:00:00, 0.07382, 0.07616, 0.0721, 0.07554, 9428.72163176
1668211200, 12/11/2022, 00:00:00, 0.07554, 0.07594, 0.0743, 0.07479, 2543.15723753
1668297600, 13/11/2022, 00:00:00, 0.07479, 0.07527, 0.07335, 0.07485, 2428.31934831
1668384000, 14/11/2022, 00:00:00, 0.07486, 0.07552, 0.07353, 0.07482, 3747.6834988
1668470400, 15/11/2022, 00:00:00, 0.07484, 0.07548, 0.07363, 0.07416, 3533.62095851
1668556800, 16/11/2022, 00:00:00, 0.07413, 0.07486, 0.07238, 0.07297, 2900.23375897
1668643200, 17/11/2022, 00:00:00, 0.07295, 0.07335, 0.07175, 0.07191, 2757.43597967
1668729600, 18/11/2022, 00:00:00, 0.07191, 0.07296, 0.0716, 0.07262, 3337.88123529
1668816000, 19/11/2022, 00:00:00, 0.07264, 0.07333, 0.07233, 0.07301, 893.26609498
1668902400, 20/11/2022, 00:00:00, 0.07296, 0.07321, 0.06982, 0.07015, 3279.53825742
1668988800, 21/11/2022, 00:00:00, 0.07019, 0.07073, 0.06696, 0.07009, 6913.95756672
1669075200, 22/11/2022, 00:00:00, 0.07011, 0.07044, 0.06863, 0.07027, 5118.92307773
1669161600, 23/11/2022, 00:00:00, 0.07028, 0.07159, 0.06957, 0.07134, 3020.82234649
1669248000, 24/11/2022, 00:00:00, 0.07133, 0.0728, 0.07131, 0.0725, 2459.68489569
1669334400, 25/11/2022, 00:00:00, 0.07251, 0.07278, 0.07145, 0.07259, 3594.09185597
1669420800, 26/11/2022, 00:00:00, 0.0726, 0.074, 0.07249, 0.07325, 2201.36603282
1669507200, 27/11/2022, 00:00:00, 0.07324, 0.07375, 0.07243, 0.07265, 1158.21548725
1669593600, 28/11/2022, 00:00:00, 0.07264, 0.07278, 0.07158, 0.07204, 2619.48215378
1669680000, 29/11/2022, 00:00:00, 0.07203, 0.07435, 0.07178, 0.074, 4564.93089949
1669766400, 30/11/2022, 00:00:00, 0.07397, 0.07603, 0.0738, 0.07541, 7867.14020538
1669852800, 01/12/2022, 00:00:00, 0.07545, 0.07553, 0.07442, 0.0752, 2892.1555035
1669939200, 02/12/2022, 00:00:00, 0.07516, 0.07607, 0.07506, 0.0758, 2359.17888175
1670025600, 03/12/2022, 00:00:00, 0.0758, 0.07616, 0.07331, 0.07349, 2240.59279612
1670112000, 04/12/2022, 00:00:00, 0.07349, 0.07499, 0.07349, 0.07479, 2204.90005595
1670198400, 05/12/2022, 00:00:00, 0.07476, 0.07531, 0.07374, 0.07421, 2612.87787143
1670284800, 06/12/2022, 00:00:00, 0.0742, 0.07456, 0.07339, 0.0744, 2257.89528723
1670371200, 07/12/2022, 00:00:00, 0.07436, 0.07453, 0.0728, 0.07315, 3120.9525859
1670457600, 08/12/2022, 00:00:00, 0.07315, 0.07476, 0.07279, 0.07429, 3800.72437087
1670544000, 09/12/2022, 00:00:00, 0.07431, 0.07487, 0.07353, 0.07373, 2348.94264998
1670630400, 10/12/2022, 00:00:00, 0.07373, 0.07448, 0.0716, 0.07393, 1667.62129607
1670716800, 11/12/2022, 00:00:00, 0.07394, 0.07443, 0.0735, 0.07391, 1030.8635773
1670803200, 12/12/2022, 00:00:00, 0.07389, 0.07433, 0.07337, 0.07411, 1332.25876538
1670889600, 13/12/2022, 00:00:00, 0.07413, 0.07502, 0.0733, 0.07428, 6615.34931956
1670976000, 14/12/2022, 00:00:00, 0.07429, 0.07448, 0.07278, 0.07343, 7922.61344227
1671062400, 15/12/2022, 00:00:00, 0.07343, 0.07348, 0.07256, 0.07297, 7006.67987099
1671148800, 16/12/2022, 00:00:00, 0.07295, 0.07321, 0.06985, 0.07015, 12545.51124952
1671235200, 17/12/2022, 00:00:00, 0.07015, 0.07098, 0.07001, 0.07073, 5087.63452042
1671321600, 18/12/2022, 00:00:00, 0.07074, 0.07122, 0.0703, 0.07068, 3926.04353296
1671408000, 19/12/2022, 00:00:00, 0.07068, 0.0712, 0.07045, 0.07102, 7472.13210276
1671494400, 20/12/2022, 00:00:00, 0.07102, 0.07232, 0.07091, 0.07201, 7962.75444287
1671580800, 21/12/2022, 00:00:00, 0.07202, 0.07233, 0.07171, 0.07212, 4788.66080289
1671667200, 22/12/2022, 00:00:00, 0.07215, 0.07351, 0.07119, 0.0724, 5439.59502163
1671753600, 23/12/2022, 00:00:00, 0.07241, 0.07282, 0.07224, 0.07271, 3620.29559884
1671840000, 24/12/2022, 00:00:00, 0.07272, 0.07281, 0.07226, 0.0725, 1612.27030629
1671926400, 25/12/2022, 00:00:00, 0.0725, 0.07268, 0.07132, 0.07241, 4104.34394566
1672012800, 26/12/2022, 00:00:00, 0.07241, 0.07269, 0.07199, 0.07256, 2919.33370388
1672099200, 27/12/2022, 00:00:00, 0.07259, 0.07272, 0.07202, 0.07252, 4449.16118552
1672185600, 28/12/2022, 00:00:00, 0.07253, 0.07259, 0.0715, 0.07194, 7063.00987434
1672272000, 29/12/2022, 00:00:00, 0.07196, 0.07242, 0.07184, 0.07215, 7481.73205126
1672358400, 30/12/2022, 00:00:00, 0.07215, 0.07249, 0.0719, 0.07224, 7804.04489761
1672444800, 31/12/2022, 00:00:00, 0.07224, 0.07263, 0.07209, 0.07232, 2883.9788835
1672531200, 01/01/2023, 00:00:00, 0.07233, 0.07251, 0.0721, 0.07223, 2397.74283714
1672617600, 02/01/2023, 00:00:00, 0.07222, 0.07304, 0.07205, 0.07283, 3864.65920761
1672704000, 03/01/2023, 00:00:00, 0.07284, 0.07288, 0.07248, 0.07285, 3472.89795998
1672790400, 04/01/2023, 00:00:00, 0.07285, 0.07507, 0.07282, 0.07456, 9426.49855614
1672876800, 05/01/2023, 00:00:00, 0.07456, 0.07465, 0.07405, 0.07436, 6264.23928907
1672963200, 06/01/2023, 00:00:00, 0.07437, 0.07544, 0.07408, 0.07487, 10470.64213917
1673049600, 07/01/2023, 00:00:00, 0.07484, 0.07489, 0.07451, 0.0746, 2898.03170437
1673136000, 08/01/2023, 00:00:00, 0.0746, 0.0756, 0.07439, 0.07532, 6510.90195703
1673222400, 09/01/2023, 00:00:00, 0.0753, 0.07756, 0.07511, 0.07685, 22507.86844592
1673308800, 10/01/2023, 00:00:00, 0.07684, 0.07731, 0.0765, 0.07654, 14783.86546599
1673395200, 11/01/2023, 00:00:00, 0.07656, 0.07797, 0.07615, 0.07745, 13777.09437826
1673481600, 12/01/2023, 00:00:00, 0.07743, 0.07799, 0.07502, 0.07511, 11972.45959956
1673568000, 13/01/2023, 00:00:00, 0.07508, 0.07509, 0.0728, 0.07282, 9822.53081902
1673654400, 14/01/2023, 00:00:00, 0.07282, 0.07552, 0.07202, 0.07396, 12383.1381048
1673740800, 15/01/2023, 00:00:00, 0.07393, 0.0746, 0.07344, 0.07438, 3301.06056777
1673827200, 16/01/2023, 00:00:00, 0.07439, 0.07515, 0.07364, 0.07439, 3748.16822337
1673913600, 17/01/2023, 00:00:00, 0.07435, 0.07475, 0.07378, 0.07408, 3326.31126995
1674000000, 18/01/2023, 00:00:00, 0.07413, 0.07457, 0.07301, 0.07306, 4471.80006329
1674086400, 19/01/2023, 00:00:00, 0.07309, 0.07393, 0.07309, 0.07356, 3023.93553759
1674172800, 20/01/2023, 00:00:00, 0.07356, 0.07469, 0.07282, 0.07316, 3512.64214088
1674259200, 21/01/2023, 00:00:00, 0.07317, 0.07394, 0.07111, 0.07138, 5391.73224974
1674345600, 22/01/2023, 00:00:00, 0.07136, 0.07249, 0.07071, 0.07168, 2608.04418309
1674432000, 23/01/2023, 00:00:00, 0.07168, 0.07217, 0.0705, 0.07098, 1877.38408198
1674518400, 24/01/2023, 00:00:00, 0.07097, 0.07113, 0.0676, 0.06873, 4357.25534335
1674604800, 25/01/2023, 00:00:00, 0.06876, 0.06992, 0.06792, 0.06992, 3534.11594614
1674691200, 26/01/2023, 00:00:00, 0.06993, 0.0702, 0.069, 0.06959, 1483.93638094
1674777600, 27/01/2023, 00:00:00, 0.06958, 0.06967, 0.06831, 0.06925, 2048.59440914
1674864000, 28/01/2023, 00:00:00, 0.06927, 0.06941, 0.06785, 0.06827, 922.16479
1674950400, 29/01/2023, 00:00:00, 0.06826, 0.06963, 0.06821, 0.06928, 1796.59372777
1675036800, 30/01/2023, 00:00:00, 0.06925, 0.06931, 0.0677, 0.06862, 1770.66349519
1675123200, 31/01/2023, 00:00:00, 0.06862, 0.06914, 0.06833, 0.06853, 1107.32012289
1675209600, 01/02/2023, 00:00:00, 0.06855, 0.06976, 0.06817, 0.06917, 2165.16188434
1675296000, 02/02/2023, 00:00:00, 0.06923, 0.07109, 0.06917, 0.0699, 3404.90440773
1675382400, 03/02/2023, 00:00:00, 0.06993, 0.07127, 0.06958, 0.07103, 2314.85711498
1675468800, 04/02/2023, 00:00:00, 0.07101, 0.07207, 0.07068, 0.07142, 2123.73167493
1675555200, 05/02/2023, 00:00:00, 0.07141, 0.07157, 0.0706, 0.07101, 2297.78287822
1675641600, 06/02/2023, 00:00:00, 0.07106, 0.07175, 0.07081, 0.07091, 2198.87686636
1675728000, 07/02/2023, 00:00:00, 0.07091, 0.072, 0.07091, 0.07188, 3088.27220236
1675814400, 08/02/2023, 00:00:00, 0.0719, 0.07273, 0.0718, 0.07189, 3629.50896
1675900800, 09/02/2023, 00:00:00, 0.07186, 0.07229, 0.07011, 0.07092, 4583.37628637
1675987200, 10/02/2023, 00:00:00, 0.07091, 0.07107, 0.06954, 0.06994, 2925.2751971
1676073600, 11/02/2023, 00:00:00, 0.06999, 0.07058, 0.06959, 0.07034, 1085.38498241
1676160000, 12/02/2023, 00:00:00, 0.07034, 0.07039, 0.06905, 0.06952, 950.73577052
1676246400, 13/02/2023, 00:00:00, 0.06952, 0.06972, 0.06824, 0.06916, 10809.69006569
1676332800, 14/02/2023, 00:00:00, 0.06916, 0.07037, 0.06884, 0.07015, 4321.37653562
1676419200, 15/02/2023, 00:00:00, 0.07015, 0.07016, 0.06858, 0.06883, 3776.45676147
1676505600, 16/02/2023, 00:00:00, 0.06885, 0.06966, 0.06826, 0.06962, 3801.49816204
1676592000, 17/02/2023, 00:00:00, 0.06966, 0.07019, 0.06873, 0.06895, 3513.42206861
1676678400, 18/02/2023, 00:00:00, 0.06899, 0.06916, 0.06839, 0.06867, 887.08391987
1676764800, 19/02/2023, 00:00:00, 0.06868, 0.06928, 0.06839, 0.0692, 2393.82257103
1676851200, 20/02/2023, 00:00:00, 0.06914, 0.06963, 0.06827, 0.06859, 2107.86022148
1676937600, 21/02/2023, 00:00:00, 0.06856, 0.06865, 0.06769, 0.06786, 3061.20863486
1677024000, 22/02/2023, 00:00:00, 0.06786, 0.06848, 0.06764, 0.06793, 1368.21961722
1677110400, 23/02/2023, 00:00:00, 0.06794, 0.06939, 0.06782, 0.06891, 2100.20142007
1677196800, 24/02/2023, 00:00:00, 0.06892, 0.07, 0.0683, 0.06935, 2566.1245152
1677283200, 25/02/2023, 00:00:00, 0.06935, 0.06974, 0.0683, 0.06883, 807.69236003
1677369600, 26/02/2023, 00:00:00, 0.06884, 0.0698, 0.06881, 0.06967, 1226.61014448
1677456000, 27/02/2023, 00:00:00, 0.06967, 0.07036, 0.06938, 0.06957, 1807.08497338
1677542400, 28/02/2023, 00:00:00, 0.06954, 0.07012, 0.06921, 0.06935, 1288.17128734
1677628800, 01/03/2023, 00:00:00, 0.06937, 0.07046, 0.06922, 0.07046, 1598.77606877
1677715200, 02/03/2023, 00:00:00, 0.07046, 0.07062, 0.06968, 0.07021, 1374.35509558
1677801600, 03/03/2023, 00:00:00, 0.07027, 0.07042, 0.06959, 0.07021, 2245.21607257
1677888000, 04/03/2023, 00:00:00, 0.07021, 0.07044, 0.06995, 0.07016, 505.29515971
1677974400, 05/03/2023, 00:00:00, 0.07019, 0.07047, 0.06961, 0.06975, 911.94049508
1678060800, 06/03/2023, 00:00:00, 0.06975, 0.07007, 0.06965, 0.06985, 1740.74776888
1678147200, 07/03/2023, 00:00:00, 0.06987, 0.07041, 0.06958, 0.0704, 1071.84037541
1678233600, 08/03/2023, 00:00:00, 0.07039, 0.0718, 0.07035, 0.07059, 2408.71618203
1678320000, 09/03/2023, 00:00:00, 0.07061, 0.07179, 0.07016, 0.07053, 2966.00089206
1678406400, 10/03/2023, 00:00:00, 0.07052, 0.07131, 0.06963, 0.07073, 3620.61458446
1678492800, 11/03/2023, 00:00:00, 0.07078, 0.0723, 0.07067, 0.07192, 6098.49620912
1678579200, 12/03/2023, 00:00:00, 0.07193, 0.07354, 0.07134, 0.07174, 3873.10927775
1678665600, 13/03/2023, 00:00:00, 0.07174, 0.07201, 0.06888, 0.06941, 4468.85951709
1678752000, 14/03/2023, 00:00:00, 0.06936, 0.06967, 0.06679, 0.06885, 7433.57063146
1678838400, 15/03/2023, 00:00:00, 0.06883, 0.0692, 0.06652, 0.06796, 7723.45994434
1678924800, 16/03/2023, 00:00:00, 0.06798, 0.06809, 0.06657, 0.06695, 1879.28369078
1679011200, 17/03/2023, 00:00:00, 0.06694, 0.067, 0.06407, 0.06533, 8160.53857552
1679097600, 18/03/2023, 00:00:00, 0.06532, 0.06674, 0.06503, 0.06537, 2772.75678107
1679184000, 19/03/2023, 00:00:00, 0.06535, 0.06579, 0.06361, 0.06367, 1892.93251119
1679270400, 20/03/2023, 00:00:00, 0.06367, 0.06443, 0.06222, 0.06252, 5347.32979402
1679356800, 21/03/2023, 00:00:00, 0.06253, 0.06527, 0.06243, 0.06409, 6227.70598711
1679443200, 22/03/2023, 00:00:00, 0.06408, 0.06439, 0.06243, 0.06367, 5494.64075242
1679529600, 23/03/2023, 00:00:00, 0.06365, 0.06475, 0.0632, 0.06409, 7141.25355212
1679616000, 24/03/2023, 00:00:00, 0.06411, 0.06435, 0.06266, 0.06373, 4529.47360911
1679702400, 25/03/2023, 00:00:00, 0.06373, 0.06384, 0.0631, 0.06343, 2024.49023592
1679788800, 26/03/2023, 00:00:00, 0.06344, 0.06609, 0.06323, 0.06346, 3429.68269801
1679875200, 27/03/2023, 00:00:00, 0.06346, 0.06391, 0.06293, 0.06323, 4218.21048931
1679961600, 28/03/2023, 00:00:00, 0.06324, 0.06529, 0.06323, 0.06506, 5655.71973226
1680048000, 29/03/2023, 00:00:00, 0.06506, 0.0653, 0.06304, 0.06325, 3490.7661818
1680134400, 30/03/2023, 00:00:00, 0.06326, 0.06411, 0.06249, 0.06402, 3197.40698202
1680220800, 31/03/2023, 00:00:00, 0.06401, 0.06479, 0.06385, 0.06398, 2518.15484798
1680307200, 01/04/2023, 00:00:00, 0.06398, 0.06435, 0.06379, 0.06399, 1179.36021368
1680393600, 02/04/2023, 00:00:00, 0.06398, 0.06428, 0.06351, 0.06369, 1042.66970519
1680480000, 03/04/2023, 00:00:00, 0.0637, 0.06526, 0.06364, 0.06513, 3256.08590648
1680566400, 04/04/2023, 00:00:00, 0.06512, 0.06662, 0.06464, 0.06641, 6206.83111994
1680652800, 05/04/2023, 00:00:00, 0.06641, 0.06798, 0.06637, 0.06777, 9051.69001277
1680739200, 06/04/2023, 00:00:00, 0.06776, 0.06784, 0.06654, 0.06678, 3598.33591116
1680825600, 07/04/2023, 00:00:00, 0.06679, 0.06703, 0.06627, 0.06682, 1314.57988752
1680912000, 08/04/2023, 00:00:00, 0.06678, 0.06681, 0.06617, 0.06617, 1081.19546737
1680998400, 09/04/2023, 00:00:00, 0.06618, 0.06634, 0.06536, 0.06562, 1809.38883538
1681084800, 10/04/2023, 00:00:00, 0.06558, 0.06588, 0.06419, 0.06445, 4213.37621587
1681171200, 11/04/2023, 00:00:00, 0.06446, 0.06454, 0.06247, 0.06258, 7275.59633765
1681257600, 12/04/2023, 00:00:00, 0.06256, 0.06445, 0.06201, 0.06414, 7153.39583002
1681344000, 13/04/2023, 00:00:00, 0.06415, 0.06655, 0.06325, 0.06623, 10126.53062068
1681430400, 14/04/2023, 00:00:00, 0.06621, 0.06948, 0.06618, 0.06895, 6494.77534314
1681516800, 15/04/2023, 00:00:00, 0.06895, 0.06953, 0.06844, 0.06902, 1917.69035659
1681603200, 16/04/2023, 00:00:00, 0.06901, 0.07019, 0.0688, 0.06989, 1650.62712447
1681689600, 17/04/2023, 00:00:00, 0.06993, 0.0709, 0.06961, 0.0705, 3199.54274347
1681776000, 18/04/2023, 00:00:00, 0.07048, 0.07093, 0.06872, 0.06923, 6498.98497659
1681862400, 19/04/2023, 00:00:00, 0.06925, 0.06946, 0.06707, 0.06716, 20131.62268724
1681948800, 20/04/2023, 00:00:00, 0.06717, 0.06894, 0.06708, 0.06879, 6620.44073377
1682035200, 21/04/2023, 00:00:00, 0.06881, 0.06904, 0.06713, 0.06781, 5438.94519219
1682121600, 22/04/2023, 00:00:00, 0.06781, 0.06812, 0.06735, 0.06738, 1288.24015641
1682208000, 23/04/2023, 00:00:00, 0.06738, 0.06791, 0.06707, 0.0675, 1146.46293537
1682294400, 24/04/2023, 00:00:00, 0.06748, 0.06773, 0.0667, 0.06696, 2529.19879366
1682380800, 25/04/2023, 00:00:00, 0.06696, 0.06714, 0.06591, 0.06595, 3619.53308852
1682467200, 26/04/2023, 00:00:00, 0.06595, 0.06621, 0.06498, 0.06568, 6103.51546416
1682553600, 27/04/2023, 00:00:00, 0.06559, 0.06618, 0.06456, 0.06477, 5997.5157613
1682640000, 28/04/2023, 00:00:00, 0.06473, 0.06534, 0.06446, 0.06451, 3348.50687227
1682726400, 29/04/2023, 00:00:00, 0.06452, 0.06528, 0.06445, 0.06526, 1049.34336739
1682812800, 30/04/2023, 00:00:00, 0.06525, 0.06528, 0.06392, 0.06397, 2112.57258202
1682899200, 01/05/2023, 00:00:00, 0.06397, 0.0654, 0.06395, 0.06521, 8896.20319988
1682985600, 02/05/2023, 00:00:00, 0.06525, 0.06546, 0.06485, 0.06523, 3155.97390355
1683072000, 03/05/2023, 00:00:00, 0.06524, 0.0665, 0.06506, 0.06564, 6938.34994484
1683158400, 04/05/2023, 00:00:00, 0.06564, 0.06564, 0.06494, 0.0651, 4163.6499424
1683244800, 05/05/2023, 00:00:00, 0.0651, 0.06789, 0.06461, 0.06756, 8853.86010473
1683331200, 06/05/2023, 00:00:00, 0.06757, 0.06789, 0.06479, 0.06574, 7312.86045566
1683417600, 07/05/2023, 00:00:00, 0.06574, 0.06649, 0.06556, 0.0658, 2946.97577345
1683504000, 08/05/2023, 00:00:00, 0.06579, 0.06704, 0.06551, 0.06677, 5548.16473762
1683590400, 09/05/2023, 00:00:00, 0.06677, 0.06714, 0.06653, 0.06682, 3260.07182132
1683676800, 10/05/2023, 00:00:00, 0.06683, 0.06712, 0.06623, 0.06669, 6496.58982513
1683763200, 11/05/2023, 00:00:00, 0.06669, 0.06678, 0.06604, 0.06657, 3759.36467365
1683849600, 12/05/2023, 00:00:00, 0.06652, 0.06785, 0.06608, 0.06746, 4093.08782172
1683936000, 13/05/2023, 00:00:00, 0.06745, 0.06752, 0.06672, 0.06703, 1044.20892924
1684022400, 14/05/2023, 00:00:00, 0.06703, 0.06741, 0.06669, 0.06686, 1316.13898608
1684108800, 15/05/2023, 00:00:00, 0.06684, 0.06734, 0.06655, 0.06685, 2984.357617
1684195200, 16/05/2023, 00:00:00, 0.06688, 0.06765, 0.06659, 0.06747, 2328.47229092
1684281600, 17/05/2023, 00:00:00, 0.06748, 0.06748, 0.06647, 0.06649, 2670.40000405
1684368000, 18/05/2023, 00:00:00, 0.06649, 0.06748, 0.0664, 0.06715, 2354.77538968
1684454400, 19/05/2023, 00:00:00, 0.06711, 0.06765, 0.06705, 0.06739, 1759.74718432
1684540800, 20/05/2023, 00:00:00, 0.06741, 0.06759, 0.06709, 0.06712, 591.36759894
1684627200, 21/05/2023, 00:00:00, 0.06713, 0.0675, 0.06685, 0.06748, 1054.26104217
1684713600, 22/05/2023, 00:00:00, 0.06748, 0.06779, 0.06731, 0.0677, 1208.62654223
1684800000, 23/05/2023, 00:00:00, 0.06774, 0.06838, 0.06765, 0.06811, 2060.57250427
1684886400, 24/05/2023, 00:00:00, 0.06809, 0.0684, 0.06783, 0.06837, 2593.8508903
1684972800, 25/05/2023, 00:00:00, 0.06838, 0.06854, 0.06782, 0.06821, 2619.13484683
1685059200, 26/05/2023, 00:00:00, 0.0682, 0.06878, 0.06809, 0.06844, 1441.080947
1685145600, 27/05/2023, 00:00:00, 0.06845, 0.06862, 0.06812, 0.06814, 502.99534667
1685232000, 28/05/2023, 00:00:00, 0.06813, 0.06844, 0.0668, 0.06801, 2688.57535832
1685318400, 29/05/2023, 00:00:00, 0.06801, 0.06847, 0.06762, 0.06821, 1672.31312048
1685404800, 30/05/2023, 00:00:00, 0.06822, 0.06884, 0.06818, 0.06863, 1610.8752522
1685491200, 31/05/2023, 00:00:00, 0.06864, 0.0691, 0.06836, 0.06884, 4216.96133811
1685577600, 01/06/2023, 00:00:00, 0.06886, 0.06969, 0.06886, 0.06944, 2943.38758733
1685664000, 02/06/2023, 00:00:00, 0.06943, 0.07032, 0.06941, 0.07, 3527.65113049
1685750400, 03/06/2023, 00:00:00, 0.07002, 0.07019, 0.06956, 0.0699, 653.12798033
1685836800, 04/06/2023, 00:00:00, 0.06992, 0.07011, 0.06948, 0.0697, 799.53004437
1685923200, 05/06/2023, 00:00:00, 0.06969, 0.0709, 0.06909, 0.07036, 4712.37387562
1686009600, 06/06/2023, 00:00:00, 0.07037, 0.07089, 0.06904, 0.0692, 4095.46260438
1686096000, 07/06/2023, 00:00:00, 0.06919, 0.07006, 0.06917, 0.06955, 2081.10070787
1686182400, 08/06/2023, 00:00:00, 0.06955, 0.07001, 0.0694, 0.06965, 1533.83277769
1686268800, 09/06/2023, 00:00:00, 0.06965, 0.06977, 0.06913, 0.06951, 6050.46093553
1686355200, 10/06/2023, 00:00:00, 0.0695, 0.06973, 0.06713, 0.0678, 3900.00618067
1686441600, 11/06/2023, 00:00:00, 0.06778, 0.06824, 0.06758, 0.0676, 1123.61549465
1686528000, 12/06/2023, 00:00:00, 0.06759, 0.06759, 0.06696, 0.06727, 1710.56135987
1686614400, 13/06/2023, 00:00:00, 0.06727, 0.06738, 0.06667, 0.06709, 3977.9104689
1686700800, 14/06/2023, 00:00:00, 0.06709, 0.06734, 0.06513, 0.0657, 5461.47668252
1686787200, 15/06/2023, 00:00:00, 0.0657, 0.06599, 0.06497, 0.06513, 7643.5648923
1686873600, 16/06/2023, 00:00:00, 0.06513, 0.06557, 0.0644, 0.06521, 4858.8564332
1686960000, 17/06/2023, 00:00:00, 0.06522, 0.06616, 0.06509, 0.06515, 1637.55337619
1687046400, 18/06/2023, 00:00:00, 0.06515, 0.06559, 0.06501, 0.06533, 862.07208631
1687132800, 19/06/2023, 00:00:00, 0.06533, 0.06541, 0.06447, 0.06471, 2195.83947685
1687219200, 20/06/2023, 00:00:00, 0.06474, 0.06474, 0.06302, 0.06329, 7466.96273385
1687305600, 21/06/2023, 00:00:00, 0.0633, 0.06345, 0.06163, 0.06301, 5333.53755731
1687392000, 22/06/2023, 00:00:00, 0.063, 0.06374, 0.06245, 0.06261, 6741.59225702
1687478400, 23/06/2023, 00:00:00, 0.06265, 0.06286, 0.06112, 0.06167, 4072.32445574
1687564800, 24/06/2023, 00:00:00, 0.06167, 0.06187, 0.06127, 0.06141, 869.0091491
1687651200, 25/06/2023, 00:00:00, 0.06141, 0.06271, 0.06131, 0.06234, 1231.75789182
1687737600, 26/06/2023, 00:00:00, 0.06233, 0.06235, 0.06123, 0.06142, 1689.40543568
1687824000, 27/06/2023, 00:00:00, 0.06141, 0.06227, 0.0611, 0.06157, 3162.30855393
1687910400, 28/06/2023, 00:00:00, 0.06157, 0.0616, 0.06067, 0.06077, 1391.68122002
1687996800, 29/06/2023, 00:00:00, 0.06076, 0.06108, 0.06052, 0.06083, 1287.99603654
1688083200, 30/06/2023, 00:00:00, 0.06083, 0.0637, 0.06065, 0.06346, 7548.41944042
1688169600, 01/07/2023, 00:00:00, 0.06348, 0.06367, 0.06271, 0.06292, 2015.55051929
1688256000, 02/07/2023, 00:00:00, 0.06292, 0.06367, 0.06252, 0.0633, 1539.73379558
1688342400, 03/07/2023, 00:00:00, 0.0633, 0.06436, 0.06273, 0.06277, 2052.22593851
1688428800, 04/07/2023, 00:00:00, 0.06276, 0.06332, 0.06242, 0.06294, 2107.16279682
1688515200, 05/07/2023, 00:00:00, 0.06294, 0.06301, 0.0625, 0.06262, 1719.02513255
1688601600, 06/07/2023, 00:00:00, 0.06263, 0.0629, 0.06174, 0.06177, 3462.27098125
1688688000, 07/07/2023, 00:00:00, 0.06178, 0.0619, 0.06137, 0.06165, 1873.70515914
1688774400, 08/07/2023, 00:00:00, 0.06165, 0.06183, 0.06123, 0.06159, 1314.03464047
1688860800, 09/07/2023, 00:00:00, 0.06159, 0.06198, 0.06144, 0.06175, 1288.79876486
1688947200, 10/07/2023, 00:00:00, 0.06178, 0.06212, 0.06129, 0.06183, 2586.42484214
1689033600, 11/07/2023, 00:00:00, 0.06185, 0.06185, 0.06107, 0.06135, 2227.35072911
1689120000, 12/07/2023, 00:00:00, 0.06135, 0.06205, 0.0613, 0.06161, 2131.59462504
1689206400, 13/07/2023, 00:00:00, 0.06163, 0.06453, 0.06148, 0.06374, 7977.47464744
1689292800, 14/07/2023, 00:00:00, 0.06374, 0.06442, 0.06334, 0.06394, 3383.29616439
1689379200, 15/07/2023, 00:00:00, 0.06394, 0.06408, 0.06362, 0.06375, 1160.53175412
1689465600, 16/07/2023, 00:00:00, 0.06375, 0.06397, 0.06356, 0.06358, 963.25908585
1689552000, 17/07/2023, 00:00:00, 0.06357, 0.06384, 0.06303, 0.06346, 1783.34190849
1689638400, 18/07/2023, 00:00:00, 0.06342, 0.06378, 0.06329, 0.06355, 1346.34844659
1689724800, 19/07/2023, 00:00:00, 0.06356, 0.0638, 0.06304, 0.06316, 1326.76210143
1689811200, 20/07/2023, 00:00:00, 0.06313, 0.06368, 0.06302, 0.06347, 1677.61559734
1689897600, 21/07/2023, 00:00:00, 0.06348, 0.06354, 0.06322, 0.06328, 924.99765775
1689984000, 22/07/2023, 00:00:00, 0.06327, 0.0634, 0.06241, 0.06265, 447.01050021
1690070400, 23/07/2023, 00:00:00, 0.06266, 0.06293, 0.06252, 0.06279, 513.50295079
1690156800, 24/07/2023, 00:00:00, 0.06277, 0.06358, 0.06273, 0.06341, 1539.37519315
1690243200, 25/07/2023, 00:00:00, 0.06341, 0.06376, 0.06341, 0.06356, 610.49060422
1690329600, 26/07/2023, 00:00:00, 0.06354, 0.06386, 0.06338, 0.06378, 1092.55346419
1690416000, 27/07/2023, 00:00:00, 0.06379, 0.06389, 0.06347, 0.0637, 912.06891425
1690502400, 28/07/2023, 00:00:00, 0.0637, 0.06405, 0.06359, 0.06394, 676.48239852
1690588800, 29/07/2023, 00:00:00, 0.06394, 0.0642, 0.06378, 0.06408, 326.02292822
1690675200, 30/07/2023, 00:00:00, 0.06407, 0.06411, 0.06358, 0.06359, 526.67081188
1690761600, 31/07/2023, 00:00:00, 0.06358, 0.06376, 0.06337, 0.06351, 543.88272347
1690848000, 01/08/2023, 00:00:00, 0.06352, 0.06362, 0.06297, 0.06307, 1929.68529583
1690934400, 02/08/2023, 00:00:00, 0.06303, 0.06328, 0.06256, 0.06309, 1469.19740055
1691020800, 03/08/2023, 00:00:00, 0.06306, 0.06331, 0.06275, 0.06289, 861.75351593
1691107200, 04/08/2023, 00:00:00, 0.06291, 0.06321, 0.06278, 0.06286, 625.97968448
1691193600, 05/08/2023, 00:00:00, 0.06286, 0.06321, 0.06285, 0.06318, 187.22017714
1691280000, 06/08/2023, 00:00:00, 0.06317, 0.06323, 0.06285, 0.06292, 219.3828075
1691366400, 07/08/2023, 00:00:00, 0.06298, 0.06321, 0.0625, 0.0626, 479.54498974
1691452800, 08/08/2023, 00:00:00, 0.06265, 0.06277, 0.06203, 0.06235, 1110.56114661
1691539200, 09/08/2023, 00:00:00, 0.06234, 0.06291, 0.06212, 0.06273, 758.17161478
1691625600, 10/08/2023, 00:00:00, 0.06276, 0.06294, 0.06263, 0.06291, 368.10146524
1691712000, 11/08/2023, 00:00:00, 0.06291, 0.06293, 0.06269, 0.06284, 743.31696602
1691798400, 12/08/2023, 00:00:00, 0.06283, 0.06298, 0.06277, 0.06284, 222.94277191
1691884800, 13/08/2023, 00:00:00, 0.06286, 0.06326, 0.06271, 0.06283, 736.25484511
1691971200, 14/08/2023, 00:00:00, 0.06282, 0.06307, 0.06248, 0.06271, 749.92508874
1692057600, 15/08/2023, 00:00:00, 0.06272, 0.06283, 0.06235, 0.06263, 1544.65769598
1692144000, 16/08/2023, 00:00:00, 0.06263, 0.06292, 0.0623, 0.06291, 1523.90017869
1692230400, 17/08/2023, 00:00:00, 0.06293, 0.06376, 0.06028, 0.06317, 6671.03639655
1692316800, 18/08/2023, 00:00:00, 0.06319, 0.0643, 0.06315, 0.06379, 5312.47481357
1692403200, 19/08/2023, 00:00:00, 0.06378, 0.0647, 0.06376, 0.06397, 1405.71498704
1692489600, 20/08/2023, 00:00:00, 0.06398, 0.06447, 0.0638, 0.06435, 941.84467269
1692576000, 21/08/2023, 00:00:00, 0.06432, 0.06445, 0.06378, 0.06383, 1725.78025541
1692662400, 22/08/2023, 00:00:00, 0.06384, 0.06398, 0.06225, 0.06275, 2271.34928994
1692748800, 23/08/2023, 00:00:00, 0.06277, 0.06385, 0.06261, 0.06354, 2257.65787003
1692835200, 24/08/2023, 00:00:00, 0.06355, 0.06358, 0.06301, 0.06345, 1159.07215018
1692921600, 25/08/2023, 00:00:00, 0.06345, 0.06378, 0.06327, 0.06346, 1094.04902981
1693008000, 26/08/2023, 00:00:00, 0.06347, 0.06349, 0.06319, 0.06329, 563.48252561
1693094400, 27/08/2023, 00:00:00, 0.0633, 0.06356, 0.06326, 0.06351, 444.30616221
1693180800, 28/08/2023, 00:00:00, 0.06357, 0.06357, 0.06268, 0.0633, 1417.17082239
1693267200, 29/08/2023, 00:00:00, 0.0633, 0.06352, 0.06191, 0.06237, 3752.10528634
1693353600, 30/08/2023, 00:00:00, 0.06239, 0.06287, 0.0623, 0.06246, 1561.3257443
1693440000, 31/08/2023, 00:00:00, 0.06245, 0.06353, 0.06241, 0.06349, 2498.04291205
1693526400, 01/09/2023, 00:00:00, 0.06349, 0.06352, 0.06283, 0.06313, 3266.28844822
1693612800, 02/09/2023, 00:00:00, 0.06313, 0.06342, 0.06311, 0.06329, 652.40039461
1693699200, 03/09/2023, 00:00:00, 0.06328, 0.06329, 0.0629, 0.06299, 875.84665547
1693785600, 04/09/2023, 00:00:00, 0.06299, 0.0632, 0.06291, 0.06314, 1879.14619154
1693872000, 05/09/2023, 00:00:00, 0.06313, 0.06369, 0.06288, 0.06337, 2456.71841088
1693958400, 06/09/2023, 00:00:00, 0.06337, 0.0641, 0.06324, 0.0634, 2776.57213506
1694044800, 07/09/2023, 00:00:00, 0.06338, 0.06358, 0.06259, 0.06273, 2330.11358007
1694131200, 08/09/2023, 00:00:00, 0.06272, 0.06321, 0.06254, 0.06317, 3013.89736683
1694217600, 09/09/2023, 00:00:00, 0.06318, 0.06326, 0.06311, 0.06314, 546.73733747
1694304000, 10/09/2023, 00:00:00, 0.06315, 0.06315, 0.0623, 0.0626, 1343.10703996
1694390400, 11/09/2023, 00:00:00, 0.06259, 0.06268, 0.06136, 0.06164, 3664.787585
1694476800, 12/09/2023, 00:00:00, 0.06167, 0.06185, 0.06101, 0.06163, 3090.23782085
1694563200, 13/09/2023, 00:00:00, 0.06164, 0.06169, 0.061, 0.0613, 2140.01951366
1694649600, 14/09/2023, 00:00:00, 0.06134, 0.06197, 0.06099, 0.06129, 1598.29391192
1694736000, 15/09/2023, 00:00:00, 0.06134, 0.06181, 0.06116, 0.06171, 1111.46939131
1694822400, 16/09/2023, 00:00:00, 0.0617, 0.06183, 0.06154, 0.06156, 385.59654146
1694908800, 17/09/2023, 00:00:00, 0.06153, 0.06153, 0.06104, 0.06117, 588.72736814
1694995200, 18/09/2023, 00:00:00, 0.06117, 0.06133, 0.06065, 0.06117, 1074.3687826
1695081600, 19/09/2023, 00:00:00, 0.06117, 0.0612, 0.06026, 0.06037, 705.41213231
1695168000, 20/09/2023, 00:00:00, 0.06038, 0.06053, 0.05977, 0.05982, 1591.71291577
1695254400, 21/09/2023, 00:00:00, 0.05982, 0.06023, 0.05938, 0.0596, 997.13223283
1695340800, 22/09/2023, 00:00:00, 0.05964, 0.06004, 0.05958, 0.05995, 329.86855172
1695427200, 23/09/2023, 00:00:00, 0.05994, 0.06007, 0.05981, 0.05995, 250.35829213
1695513600, 24/09/2023, 00:00:00, 0.05997, 0.06023, 0.05966, 0.06021, 441.23076485
1695600000, 25/09/2023, 00:00:00, 0.06024, 0.0606, 0.06013, 0.06039, 1028.09202889
1695686400, 26/09/2023, 00:00:00, 0.06039, 0.0608, 0.06038, 0.0608, 908.55588699
1695772800, 27/09/2023, 00:00:00, 0.06079, 0.06123, 0.0606, 0.06062, 930.32355781
1695859200, 28/09/2023, 00:00:00, 0.06061, 0.06161, 0.06051, 0.06115, 2407.62708092
1695945600, 29/09/2023, 00:00:00, 0.06115, 0.06225, 0.06104, 0.06198, 1902.8589269
1696032000, 30/09/2023, 00:00:00, 0.06199, 0.06254, 0.06181, 0.06196, 769.95776434
1696118400, 01/10/2023, 00:00:00, 0.06198, 0.06263, 0.06146, 0.06193, 1264.80921221
1696204800, 02/10/2023, 00:00:00, 0.06192, 0.06193, 0.05913, 0.06044, 3332.48576686
1696291200, 03/10/2023, 00:00:00, 0.06044, 0.06063, 0.06, 0.06039, 1349.67688496
1696377600, 04/10/2023, 00:00:00, 0.06042, 0.06046, 0.05925, 0.05926, 5950.71436259
1696464000, 05/10/2023, 00:00:00, 0.05926, 0.05945, 0.0585, 0.05878, 2669.65719528
1696550400, 06/10/2023, 00:00:00, 0.05881, 0.05933, 0.05866, 0.0589, 2069.41755528
1696636800, 07/10/2023, 00:00:00, 0.0589, 0.05904, 0.05843, 0.05843, 749.75880292
1696723200, 08/10/2023, 00:00:00, 0.05843, 0.0587, 0.0581, 0.05846, 684.68898167
1696809600, 09/10/2023, 00:00:00, 0.05848, 0.05854, 0.05676, 0.0573, 1895.63250657
1696896000, 10/10/2023, 00:00:00, 0.05727, 0.05757, 0.05671, 0.05724, 1586.05719331
1696982400, 11/10/2023, 00:00:00, 0.05725, 0.0586, 0.05714, 0.05828, 1858.5237701
1697068800, 12/10/2023, 00:00:00, 0.05827, 0.05832, 0.05722, 0.05755, 1511.13349014
1697155200, 13/10/2023, 00:00:00, 0.05754, 0.05809, 0.0574, 0.05778, 1543.08953394
1697241600, 14/10/2023, 00:00:00, 0.05777, 0.05808, 0.05754, 0.0579, 1103.58493974
1697328000, 15/10/2023, 00:00:00, 0.0579, 0.05795, 0.05729, 0.05735, 587.11787584
1697414400, 16/10/2023, 00:00:00, 0.05735, 0.0575, 0.0543, 0.05611, 5171.98244772
1697500800, 17/10/2023, 00:00:00, 0.0561, 0.05641, 0.05478, 0.05509, 3514.90879285
1697587200, 18/10/2023, 00:00:00, 0.0551, 0.0558, 0.05457, 0.0552, 2639.23365236
1697673600, 19/10/2023, 00:00:00, 0.05519, 0.05522, 0.05429, 0.05456, 2133.18191836
1697760000, 20/10/2023, 00:00:00, 0.05456, 0.05483, 0.05387, 0.05404, 3143.55434288
1697846400, 21/10/2023, 00:00:00, 0.05407, 0.05448, 0.05385, 0.05447, 2495.14917917
1697932800, 22/10/2023, 00:00:00, 0.05445, 0.05555, 0.0543, 0.05547, 2147.78313043
1698019200, 23/10/2023, 00:00:00, 0.0555, 0.05567, 0.05081, 0.05339, 11064.48296332
1698105600, 24/10/2023, 00:00:00, 0.05336, 0.05353, 0.05176, 0.05262, 9098.90891181
1698192000, 25/10/2023, 00:00:00, 0.05261, 0.05275, 0.05144, 0.0518, 2141.3196954
1698278400, 26/10/2023, 00:00:00, 0.05181, 0.05371, 0.05154, 0.05281, 4190.68402355
1698364800, 27/10/2023, 00:00:00, 0.05281, 0.05287, 0.05218, 0.0525, 2589.03749684
1698451200, 28/10/2023, 00:00:00, 0.0525, 0.05262, 0.05197, 0.05212, 1535.19154918
1698537600, 29/10/2023, 00:00:00, 0.05211, 0.05235, 0.05177, 0.05199, 2186.89252055
1698624000, 30/10/2023, 00:00:00, 0.05199, 0.05299, 0.05189, 0.05248, 3238.05507102
1698710400, 31/10/2023, 00:00:00, 0.05248, 0.0526, 0.05217, 0.05241, 1476.05152393
1698796800, 01/11/2023, 00:00:00, 0.05239, 0.05345, 0.05187, 0.05208, 5786.61017618
1698883200, 02/11/2023, 00:00:00, 0.05215, 0.05246, 0.05153, 0.05153, 3147.15642923
1698969600, 03/11/2023, 00:00:00, 0.05155, 0.0529, 0.05153, 0.05279, 4141.20871519
1699056000, 04/11/2023, 00:00:00, 0.05279, 0.0531, 0.0525, 0.05293, 3089.07849563
1699142400, 05/11/2023, 00:00:00, 0.05293, 0.05436, 0.05285, 0.05406, 8401.45534047
1699228800, 06/11/2023, 00:00:00, 0.05405, 0.05442, 0.05374, 0.05425, 4730.70981701
1699315200, 07/11/2023, 00:00:00, 0.05424, 0.05433, 0.05308, 0.05326, 4550.43845478
1699401600, 08/11/2023, 00:00:00, 0.05326, 0.05375, 0.05258, 0.053, 3833.83277725
1699488000, 09/11/2023, 00:00:00, 0.05301, 0.05797, 0.05123, 0.05778, 18809.9925717
1699574400, 10/11/2023, 00:00:00, 0.05781, 0.05813, 0.05527, 0.05569, 7246.61613786
1699660800, 11/11/2023, 00:00:00, 0.05569, 0.05623, 0.05489, 0.0553, 4108.88550995
1699747200, 12/11/2023, 00:00:00, 0.0553, 0.0556, 0.05478, 0.05518, 2218.49809662
1699833600, 13/11/2023, 00:00:00, 0.05518, 0.05737, 0.05508, 0.0563, 5483.89998625
1699920000, 14/11/2023, 00:00:00, 0.05636, 0.05658, 0.0554, 0.05569, 4141.22788865
1700006400, 15/11/2023, 00:00:00, 0.05569, 0.05592, 0.05419, 0.05437, 5597.46334088
1700092800, 16/11/2023, 00:00:00, 0.05434, 0.05581, 0.05411, 0.05426, 7507.28414131
1700179200, 17/11/2023, 00:00:00, 0.05423, 0.05462, 0.05261, 0.0536, 3439.78030328
1700265600, 18/11/2023, 00:00:00, 0.05357, 0.05375, 0.05298, 0.05366, 1435.45606625
1700352000, 19/11/2023, 00:00:00, 0.05366, 0.05406, 0.05336, 0.05383, 2098.18487826
1700438400, 20/11/2023, 00:00:00, 0.05382, 0.05484, 0.05367, 0.05398, 3820.16788784
1700524800, 21/11/2023, 00:00:00, 0.05397, 0.05443, 0.05321, 0.05408, 3281.76158136
1700611200, 22/11/2023, 00:00:00, 0.05411, 0.05612, 0.05403, 0.05519, 6316.80749263
1700697600, 23/11/2023, 00:00:00, 0.05512, 0.05557, 0.05487, 0.05532, 2217.3452803
1700784000, 24/11/2023, 00:00:00, 0.05529, 0.05615, 0.05477, 0.05519, 4716.79190474
1700870400, 25/11/2023, 00:00:00, 0.05518, 0.05529, 0.05491, 0.05516, 696.94209023
1700956800, 26/11/2023, 00:00:00, 0.05513, 0.05555, 0.05468, 0.05505, 1723.92115287
1701043200, 27/11/2023, 00:00:00, 0.05504, 0.05515, 0.05394, 0.05443, 2341.75512277
1701129600, 28/11/2023, 00:00:00, 0.05444, 0.05465, 0.05387, 0.05419, 5542.70461347
1701216000, 29/11/2023, 00:00:00, 0.05418, 0.05419, 0.0536, 0.05361, 3100.32472181
1701302400, 30/11/2023, 00:00:00, 0.05359, 0.05446, 0.05355, 0.05441, 1631.31742352
1701388800, 01/12/2023, 00:00:00, 0.05441, 0.05513, 0.0538, 0.05397, 5150.76151237
1701475200, 02/12/2023, 00:00:00, 0.05395, 0.05555, 0.05393, 0.05484, 4927.88551852
1701561600, 03/12/2023, 00:00:00, 0.05488, 0.05547, 0.05427, 0.05486, 3674.6447287
1701648000, 04/12/2023, 00:00:00, 0.05485, 0.055, 0.053, 0.05342, 5909.81470741
1701734400, 05/12/2023, 00:00:00, 0.05342, 0.05375, 0.05137, 0.05203, 10188.92466784
1701820800, 06/12/2023, 00:00:00, 0.05203, 0.0524, 0.05088, 0.05102, 5006.21272227
1701907200, 07/12/2023, 00:00:00, 0.05102, 0.05485, 0.05101, 0.05446, 7593.23683737
1701993600, 08/12/2023, 00:00:00, 0.05447, 0.05497, 0.05309, 0.05339, 6111.75820856
1702080000, 09/12/2023, 00:00:00, 0.05336, 0.05441, 0.05324, 0.05355, 3516.37335531
1702166400, 10/12/2023, 00:00:00, 0.05355, 0.05408, 0.05325, 0.05372, 3801.58367097
1702252800, 11/12/2023, 00:00:00, 0.05373, 0.05436, 0.05248, 0.05395, 9119.33123183
1702339200, 12/12/2023, 00:00:00, 0.05398, 0.05403, 0.05276, 0.05312, 5441.86919511
1702425600, 13/12/2023, 00:00:00, 0.05311, 0.05327, 0.05244, 0.05272, 7353.4269369
1702512000, 14/12/2023, 00:00:00, 0.05269, 0.05402, 0.05255, 0.05383, 8207.11197432
1702598400, 15/12/2023, 00:00:00, 0.05382, 0.05384, 0.05248, 0.05296, 4975.07503171
1702684800, 16/12/2023, 00:00:00, 0.05295, 0.05338, 0.0526, 0.05273, 1243.21935214
1702771200, 17/12/2023, 00:00:00, 0.05273, 0.05344, 0.05264, 0.05308, 2202.09745579
1702857600, 18/12/2023, 00:00:00, 0.0531, 0.05329, 0.05187, 0.05202, 2765.12963848
1702944000, 19/12/2023, 00:00:00, 0.05202, 0.05235, 0.05107, 0.05153, 2664.93963943
1703030400, 20/12/2023, 00:00:00, 0.05152, 0.05188, 0.04988, 0.05043, 10930.9525652
1703116800, 21/12/2023, 00:00:00, 0.05041, 0.05166, 0.05027, 0.05105, 15406.97425246
1703203200, 22/12/2023, 00:00:00, 0.05106, 0.05366, 0.05081, 0.05284, 13779.75769013
1703289600, 23/12/2023, 00:00:00, 0.05286, 0.053, 0.05215, 0.05282, 2354.9714084
1703376000, 24/12/2023, 00:00:00, 0.05284, 0.05302, 0.05228, 0.05266, 6546.17020059
1703462400, 25/12/2023, 00:00:00, 0.05265, 0.05292, 0.05207, 0.05211, 4359.27251722
1703548800, 26/12/2023, 00:00:00, 0.0521, 0.05266, 0.05202, 0.05248, 6386.5172968
1703635200, 27/12/2023, 00:00:00, 0.05244, 0.05508, 0.05235, 0.05475, 11151.03190642
1703721600, 28/12/2023, 00:00:00, 0.05476, 0.05728, 0.05476, 0.05508, 11134.54463573
1703808000, 29/12/2023, 00:00:00, 0.05507, 0.05557, 0.05434, 0.05465, 6344.64937145
1703894400, 30/12/2023, 00:00:00, 0.05463, 0.05485, 0.0541, 0.05437, 2801.20490462
1703980800, 31/12/2023, 00:00:00, 0.05438, 0.05446, 0.05355, 0.05397, 3069.22734698
1704067200, 01/01/2024, 00:00:00, 0.05397, 0.05419, 0.05315, 0.05326, 3613.6309427
1704153600, 02/01/2024, 00:00:00, 0.05319, 0.05329, 0.05209, 0.05239, 12304.11430505
1704240000, 03/01/2024, 00:00:00, 0.05238, 0.05351, 0.05091, 0.05158, 14451.61705977
1704326400, 04/01/2024, 00:00:00, 0.0516, 0.05208, 0.05106, 0.05134, 6532.04351684
1704412800, 05/01/2024, 00:00:00, 0.05134, 0.05219, 0.05094, 0.05138, 13332.03350526
1704499200, 06/01/2024, 00:00:00, 0.05138, 0.05141, 0.05095, 0.05096, 2455.65454917
1704585600, 07/01/2024, 00:00:00, 0.05095, 0.05118, 0.05041, 0.05059, 2515.53734913
1704672000, 08/01/2024, 00:00:00, 0.05057, 0.05073, 0.04955, 0.04966, 10916.05040159
1704758400, 09/01/2024, 00:00:00, 0.04964, 0.05189, 0.04788, 0.05083, 16001.23774389
1704844800, 10/01/2024, 00:00:00, 0.05084, 0.05563, 0.05084, 0.05536, 27654.6481865
1704931200, 11/01/2024, 00:00:00, 0.05538, 0.05668, 0.05431, 0.05648, 16850.99896568
1705017600, 12/01/2024, 00:00:00, 0.05651, 0.06123, 0.05614, 0.05894, 17963.31665264
1705104000, 13/01/2024, 00:00:00, 0.05897, 0.06037, 0.05869, 0.06018, 3559.27486161
1705190400, 14/01/2024, 00:00:00, 0.0602, 0.0602, 0.05851, 0.05926, 2016.57620222
1705276800, 15/01/2024, 00:00:00, 0.05928, 0.05971, 0.05875, 0.05907, 2263.41364429
1705363200, 16/01/2024, 00:00:00, 0.05906, 0.06019, 0.05878, 0.05996, 3544.60801611
1705449600, 17/01/2024, 00:00:00, 0.05996, 0.06012, 0.05904, 0.05917, 2378.6567417
1705536000, 18/01/2024, 00:00:00, 0.05915, 0.06097, 0.05889, 0.05982, 4064.80087598
1705622400, 19/01/2024, 00:00:00, 0.05981, 0.06052, 0.05929, 0.05982, 4459.22392467
1705708800, 20/01/2024, 00:00:00, 0.0598, 0.05983, 0.05901, 0.05925, 751.36472254
1705795200, 21/01/2024, 00:00:00, 0.05929, 0.05944, 0.05902, 0.05909, 899.1541517
1705881600, 22/01/2024, 00:00:00, 0.0591, 0.05926, 0.05805, 0.05848, 5551.68917886
1705968000, 23/01/2024, 00:00:00, 0.05848, 0.0587, 0.05572, 0.05621, 9137.30396057
1706054400, 24/01/2024, 00:00:00, 0.0562, 0.05622, 0.05549, 0.05573, 3676.42105769
1706140800, 25/01/2024, 00:00:00, 0.05576, 0.05596, 0.05487, 0.05554, 3306.69445886
1706227200, 26/01/2024, 00:00:00, 0.05553, 0.05576, 0.05356, 0.05421, 6098.20612934
1706313600, 27/01/2024, 00:00:00, 0.05421, 0.05461, 0.05371, 0.05384, 1550.76272606
1706400000, 28/01/2024, 00:00:00, 0.05384, 0.0542, 0.05354, 0.0537, 1979.80089868
1706486400, 29/01/2024, 00:00:00, 0.05368, 0.05385, 0.05305, 0.05353, 3409.83332133
1706572800, 30/01/2024, 00:00:00, 0.05352, 0.0549, 0.05309, 0.05456, 5972.24049985
1706659200, 31/01/2024, 00:00:00, 0.05455, 0.05461, 0.05349, 0.0536, 3689.41039681
1706745600, 01/02/2024, 00:00:00, 0.05362, 0.05416, 0.05328, 0.05348, 4227.49488344
1706832000, 02/02/2024, 00:00:00, 0.05346, 0.05382, 0.05328, 0.05345, 2547.56592078
1706918400, 03/02/2024, 00:00:00, 0.05345, 0.05386, 0.05333, 0.05341, 1408.60083319
1707004800, 04/02/2024, 00:00:00, 0.0534, 0.0539, 0.05324, 0.05378, 2105.52410225
1707091200, 05/02/2024, 00:00:00, 0.05375, 0.05414, 0.05355, 0.05389, 2329.56016295
1707177600, 06/02/2024, 00:00:00, 0.0539, 0.05539, 0.05383, 0.05507, 4466.38336636
1707264000, 07/02/2024, 00:00:00, 0.05508, 0.05592, 0.05465, 0.05465, 3091.29549339
1707350400, 08/02/2024, 00:00:00, 0.05464, 0.05473, 0.05329, 0.05341, 4204.80722046
1707436800, 09/02/2024, 00:00:00, 0.05341, 0.05352, 0.05222, 0.05276, 4842.62221112
1707523200, 10/02/2024, 00:00:00, 0.05276, 0.05307, 0.05213, 0.05235, 1457.89142009
1707609600, 11/02/2024, 00:00:00, 0.05236, 0.05267, 0.05184, 0.0519, 1512.55986184
1707696000, 12/02/2024, 00:00:00, 0.0519, 0.05328, 0.05111, 0.05328, 8582.56911617
1707782400, 13/02/2024, 00:00:00, 0.05329, 0.05413, 0.05285, 0.05313, 7357.26665803
1707868800, 14/02/2024, 00:00:00, 0.05312, 0.05382, 0.05291, 0.05356, 7880.59813995
1707955200, 15/02/2024, 00:00:00, 0.05357, 0.05493, 0.05324, 0.05439, 8261.50872179
1708041600, 16/02/2024, 00:00:00, 0.0544, 0.05499, 0.0532, 0.05374, 4427.15315657
1708128000, 17/02/2024, 00:00:00, 0.05375, 0.05412, 0.05353, 0.05394, 1836.55501008
1708214400, 18/02/2024, 00:00:00, 0.05398, 0.05535, 0.05382, 0.05526, 3602.44341536
1708300800, 19/02/2024, 00:00:00, 0.05527, 0.05731, 0.05494, 0.05686, 4595.1195098
1708387200, 20/02/2024, 00:00:00, 0.05687, 0.05776, 0.05572, 0.05768, 8828.13296288
1708473600, 21/02/2024, 00:00:00, 0.05769, 0.05789, 0.0565, 0.05724, 6116.4764693
1708560000, 22/02/2024, 00:00:00, 0.05725, 0.05832, 0.05675, 0.05792, 3815.52161865
1708646400, 23/02/2024, 00:00:00, 0.05793, 0.0582, 0.05723, 0.05758, 2168.22847538
1708732800, 24/02/2024, 00:00:00, 0.05758, 0.05822, 0.0574, 0.05803, 1223.30909875
1708819200, 25/02/2024, 00:00:00, 0.05805, 0.06018, 0.05796, 0.06015, 5416.28749532
1708905600, 26/02/2024, 00:00:00, 0.06019, 0.06059, 0.05809, 0.0583, 8988.37016462
1708992000, 27/02/2024, 00:00:00, 0.0583, 0.0583, 0.0566, 0.05684, 6154.67053857
1709078400, 28/02/2024, 00:00:00, 0.05684, 0.05724, 0.05328, 0.05419, 17061.39524832
1709164800, 29/02/2024, 00:00:00, 0.05419, 0.05639, 0.05414, 0.05461, 17491.24096474
1709251200, 01/03/2024, 00:00:00, 0.05463, 0.0554, 0.05455, 0.05504, 4444.57966393
1709337600, 02/03/2024, 00:00:00, 0.05504, 0.05556, 0.05496, 0.05519, 2270.68841422
1709424000, 03/03/2024, 00:00:00, 0.05519, 0.05556, 0.05452, 0.05527, 3086.55527594
1709510400, 04/03/2024, 00:00:00, 0.0553, 0.05538, 0.05294, 0.05313, 12483.76938261
1709596800, 05/03/2024, 00:00:00, 0.05316, 0.05713, 0.05289, 0.05576, 20763.46783421
1709683200, 06/03/2024, 00:00:00, 0.05577, 0.05821, 0.05564, 0.0578, 8481.24753176
1709769600, 07/03/2024, 00:00:00, 0.05783, 0.05823, 0.05651, 0.05789, 5166.30491001
1709856000, 08/03/2024, 00:00:00, 0.05792, 0.05894, 0.05678, 0.05698, 10804.22382176
1709942400, 09/03/2024, 00:00:00, 0.057, 0.05762, 0.05686, 0.05716, 2805.4731037
1710028800, 10/03/2024, 00:00:00, 0.05717, 0.05731, 0.05565, 0.05623, 5582.8289236
1710115200, 11/03/2024, 00:00:00, 0.05624, 0.0565, 0.05544, 0.0564, 10465.17756848
1710201600, 12/03/2024, 00:00:00, 0.05642, 0.05668, 0.05537, 0.05569, 10058.22061457
1710288000, 13/03/2024, 00:00:00, 0.05569, 0.05618, 0.05443, 0.05482, 6478.15439789
1710374400, 14/03/2024, 00:00:00, 0.0548, 0.0549, 0.05387, 0.05439, 8707.21706323
1710460800, 15/03/2024, 00:00:00, 0.05438, 0.05494, 0.05338, 0.05385, 12056.53533633
1710547200, 16/03/2024, 00:00:00, 0.05385, 0.05422, 0.05327, 0.05395, 4654.66773963
1710633600, 17/03/2024, 00:00:00, 0.05394, 0.05407, 0.05279, 0.05327, 5636.86474477
1710720000, 18/03/2024, 00:00:00, 0.05326, 0.05334, 0.05179, 0.05208, 4999.81892981
1710806400, 19/03/2024, 00:00:00, 0.05208, 0.05233, 0.05091, 0.05101, 13149.30071044
1710892800, 20/03/2024, 00:00:00, 0.051, 0.05289, 0.05019, 0.05181, 18762.99869291
1710979200, 21/03/2024, 00:00:00, 0.05181, 0.05351, 0.05168, 0.05332, 8612.85216481
1711065600, 22/03/2024, 00:00:00, 0.05333, 0.05345, 0.052, 0.05228, 8780.47644012
1711152000, 23/03/2024, 00:00:00, 0.05229, 0.05243, 0.05179, 0.05206, 4541.15728133
1711238400, 24/03/2024, 00:00:00, 0.05203, 0.05213, 0.05126, 0.05139, 4231.40756462
1711324800, 25/03/2024, 00:00:00, 0.0514, 0.0518, 0.05112, 0.05136, 7031.21834983
1711411200, 26/03/2024, 00:00:00, 0.05138, 0.05172, 0.05097, 0.05126, 4718.28943999
1711497600, 27/03/2024, 00:00:00, 0.05123, 0.05134, 0.05039, 0.05039, 9745.71173111
1711584000, 28/03/2024, 00:00:00, 0.0504, 0.05085, 0.05016, 0.05033, 7559.77007914
1711670400, 29/03/2024, 00:00:00, 0.0503, 0.05078, 0.05013, 0.05023, 4510.91635446
1711756800, 30/03/2024, 00:00:00, 0.05023, 0.05077, 0.04997, 0.05037, 3079.79779881
1711843200, 31/03/2024, 00:00:00, 0.05036, 0.05163, 0.05027, 0.05112, 3212.06626795
1711929600, 01/04/2024, 00:00:00, 0.05113, 0.05122, 0.04989, 0.05028, 5746.6613462
1712016000, 02/04/2024, 00:00:00, 0.05032, 0.05074, 0.04952, 0.05009, 11009.6490941
1712102400, 03/04/2024, 00:00:00, 0.05011, 0.05069, 0.04959, 0.05019, 8422.83395014
1712188800, 04/04/2024, 00:00:00, 0.05018, 0.05048, 0.04852, 0.04859, 8012.07365894
1712275200, 05/04/2024, 00:00:00, 0.04858, 0.04937, 0.04816, 0.04891, 8381.24395233
1712361600, 06/04/2024, 00:00:00, 0.04889, 0.04929, 0.04865, 0.04865, 5123.50801229
1712448000, 07/04/2024, 00:00:00, 0.04865, 0.04983, 0.0484, 0.0498, 4471.03217994
1712534400, 08/04/2024, 00:00:00, 0.0498, 0.0518, 0.049, 0.05159, 14610.91283469
1712620800, 09/04/2024, 00:00:00, 0.05158, 0.05207, 0.05059, 0.05071, 6099.98708768
1712707200, 10/04/2024, 00:00:00, 0.0507, 0.05118, 0.04998, 0.05018, 5538.73925213
1712793600, 11/04/2024, 00:00:00, 0.0502, 0.05084, 0.04983, 0.05004, 3967.52134778
1712880000, 12/04/2024, 00:00:00, 0.05002, 0.05014, 0.04735, 0.04823, 12806.19348453
1712966400, 13/04/2024, 00:00:00, 0.04823, 0.0487, 0.04631, 0.04704, 16950.11176847
1713052800, 14/04/2024, 00:00:00, 0.04703, 0.04851, 0.04622, 0.04799, 7712.46526717
1713139200, 15/04/2024, 00:00:00, 0.048, 0.04931, 0.04744, 0.0489, 9000.58219992
1713225600, 16/04/2024, 00:00:00, 0.0489, 0.04908, 0.04829, 0.04833, 5189.13858408
1713312000, 17/04/2024, 00:00:00, 0.04831, 0.0493, 0.04799, 0.04873, 5452.88024458
1713398400, 18/04/2024, 00:00:00, 0.04872, 0.04898, 0.04806, 0.04828, 5688.15245784
1713484800, 19/04/2024, 00:00:00, 0.04828, 0.04858, 0.04756, 0.04792, 7099.45091628
1713571200, 20/04/2024, 00:00:00, 0.04788, 0.04881, 0.04766, 0.04858, 1870.98040679
1713657600, 21/04/2024, 00:00:00, 0.04858, 0.04895, 0.04838, 0.04847, 1990.73714764
1713744000, 22/04/2024, 00:00:00, 0.04847, 0.0488, 0.04782, 0.04789, 2822.97491638
1713830400, 23/04/2024, 00:00:00, 0.0479, 0.04869, 0.04767, 0.04848, 2023.25300034
1713916800, 24/04/2024, 00:00:00, 0.04846, 0.04936, 0.0483, 0.04884, 4172.82358465
1714003200, 25/04/2024, 00:00:00, 0.04885, 0.0494, 0.0485, 0.04895, 3360.17166418
1714089600, 26/04/2024, 00:00:00, 0.04893, 0.04926, 0.04869, 0.04909, 1446.29325034
1714176000, 27/04/2024, 00:00:00, 0.04912, 0.05164, 0.04897, 0.05129, 3719.59969341
1714262400, 28/04/2024, 00:00:00, 0.0513, 0.05249, 0.05114, 0.0517, 5296.69994941
1714348800, 29/04/2024, 00:00:00, 0.05169, 0.05193, 0.05026, 0.05037, 4418.03307326
1714435200, 30/04/2024, 00:00:00, 0.05038, 0.05038, 0.04884, 0.04968, 5471.93398923
1714521600, 01/05/2024, 00:00:00, 0.04966, 0.05141, 0.04943, 0.05093, 7393.18407995
1714608000, 02/05/2024, 00:00:00, 0.05094, 0.05163, 0.05037, 0.05054, 3752.69530981
1714694400, 03/05/2024, 00:00:00, 0.05055, 0.05077, 0.04926, 0.04936, 3276.26488461
1714780800, 04/05/2024, 00:00:00, 0.04935, 0.0497, 0.04876, 0.04878, 1453.69913924
1714867200, 05/05/2024, 00:00:00, 0.04876, 0.04966, 0.04856, 0.049, 2000.50878357
1714953600, 06/05/2024, 00:00:00, 0.04902, 0.04958, 0.04848, 0.04849, 3075.26727121
1715040000, 07/05/2024, 00:00:00, 0.04848, 0.04863, 0.04809, 0.04824, 2724.18044971
1715126400, 08/05/2024, 00:00:00, 0.04823, 0.04868, 0.04776, 0.04859, 3574.70420961
1715212800, 09/05/2024, 00:00:00, 0.04864, 0.04889, 0.04812, 0.04814, 2872.36886
1715299200, 10/05/2024, 00:00:00, 0.04814, 0.04839, 0.0477, 0.04787, 3883.36256563
1715385600, 11/05/2024, 00:00:00, 0.0479, 0.04807, 0.04771, 0.04788, 1586.04375789
1715472000, 12/05/2024, 00:00:00, 0.04788, 0.04804, 0.04765, 0.04765, 1721.54819692
1715558400, 13/05/2024, 00:00:00, 0.04765, 0.04773, 0.04678, 0.04689, 5707.99044084
1715644800, 14/05/2024, 00:00:00, 0.04687, 0.04726, 0.04678, 0.04682, 4326.01091975
1715731200, 15/05/2024, 00:00:00, 0.04681, 0.04698, 0.04549, 0.0458, 5177.33481931
1715817600, 16/05/2024, 00:00:00, 0.04579, 0.04583, 0.04474, 0.04515, 3890.22615332
1715904000, 17/05/2024, 00:00:00, 0.04513, 0.04659, 0.04477, 0.04614, 5848.24242298
1715990400, 18/05/2024, 00:00:00, 0.04611, 0.0468, 0.04609, 0.04665, 2315.26828964
1716076800, 19/05/2024, 00:00:00, 0.04667, 0.04674, 0.04588, 0.04634, 1865.0057446
1716163200, 20/05/2024, 00:00:00, 0.04634, 0.05266, 0.04572, 0.05126, 28182.98483218
1716249600, 21/05/2024, 00:00:00, 0.05126, 0.05471, 0.05113, 0.05403, 24472.10177011
1716336000, 22/05/2024, 00:00:00, 0.05403, 0.05453, 0.05255, 0.05406, 34157.67484197
1716422400, 23/05/2024, 00:00:00, 0.05405, 0.05854, 0.05328, 0.05566, 52027.6718307
1716508800, 24/05/2024, 00:00:00, 0.05565, 0.05644, 0.05355, 0.0544, 16478.39184657
1716595200, 25/05/2024, 00:00:00, 0.05437, 0.0549, 0.05392, 0.05411, 6384.90657405
1716681600, 26/05/2024, 00:00:00, 0.05411, 0.05631, 0.05407, 0.05585, 5512.07616708
1716768000, 27/05/2024, 00:00:00, 0.05583, 0.05744, 0.05571, 0.05609, 7675.97474521
1716854400, 28/05/2024, 00:00:00, 0.05608, 0.05714, 0.05584, 0.05621, 7702.7339619
1716940800, 29/05/2024, 00:00:00, 0.05622, 0.05646, 0.05555, 0.0557, 5648.71132639
1717027200, 30/05/2024, 00:00:00, 0.0557, 0.05578, 0.05457, 0.05481, 4730.36469425
1717113600, 31/05/2024, 00:00:00, 0.05484, 0.05623, 0.05466, 0.05571, 5812.66503757
1717200000, 01/06/2024, 00:00:00, 0.05572, 0.05648, 0.05559, 0.05631, 2932.36509723
1717286400, 02/06/2024, 00:00:00, 0.05631, 0.05655, 0.05547, 0.05579, 2560.72996846
1717372800, 03/06/2024, 00:00:00, 0.0558, 0.05582, 0.05442, 0.05473, 4360.17546097
1717459200, 04/06/2024, 00:00:00, 0.05472, 0.05475, 0.05379, 0.05402, 4323.26031756
1717545600, 05/06/2024, 00:00:00, 0.05401, 0.05452, 0.05314, 0.05436, 4373.43653461
1717632000, 06/06/2024, 00:00:00, 0.05436, 0.05446, 0.0536, 0.05386, 2099.51541636
1717718400, 07/06/2024, 00:00:00, 0.05386, 0.05386, 0.05202, 0.05304, 5811.88649233
1717804800, 08/06/2024, 00:00:00, 0.05304, 0.05336, 0.05293, 0.05312, 1412.08637133
1717891200, 09/06/2024, 00:00:00, 0.05311, 0.05334, 0.05298, 0.05322, 1103.52340754
1717977600, 10/06/2024, 00:00:00, 0.05322, 0.05325, 0.05263, 0.05275, 1626.40899214
1718064000, 11/06/2024, 00:00:00, 0.05274, 0.05288, 0.05176, 0.05196, 8432.63892343
1718150400, 12/06/2024, 00:00:00, 0.05197, 0.05252, 0.05166, 0.05217, 5564.65927467
1718236800, 13/06/2024, 00:00:00, 0.05215, 0.05231, 0.05149, 0.05197, 3491.9049103
1718323200, 14/06/2024, 00:00:00, 0.05195, 0.05299, 0.0516, 0.05272, 3740.28118557
1718409600, 15/06/2024, 00:00:00, 0.05273, 0.05409, 0.05259, 0.05387, 1853.73632763
1718496000, 16/06/2024, 00:00:00, 0.05388, 0.05473, 0.05342, 0.05437, 1401.54301308
1718582400, 17/06/2024, 00:00:00, 0.05436, 0.05448, 0.05272, 0.05279, 3020.67755206
1718668800, 18/06/2024, 00:00:00, 0.05278, 0.05351, 0.05182, 0.05346, 4884.84316038
1718755200, 19/06/2024, 00:00:00, 0.05347, 0.05496, 0.05341, 0.05479, 3022.39024773
1718841600, 20/06/2024, 00:00:00, 0.05482, 0.05494, 0.05396, 0.05415, 2194.60129096
1718928000, 21/06/2024, 00:00:00, 0.05415, 0.05506, 0.0539, 0.05485, 2332.3054922
1719014400, 22/06/2024, 00:00:00, 0.05487, 0.05487, 0.05405, 0.0544, 566.23877792
1719100800, 23/06/2024, 00:00:00, 0.05441, 0.05466, 0.05363, 0.05413, 812.25034659
1719187200, 24/06/2024, 00:00:00, 0.05411, 0.05603, 0.05311, 0.0556, 8363.78878436
1719273600, 25/06/2024, 00:00:00, 0.0556, 0.0557, 0.05482, 0.05494, 2598.4623338
1719360000, 26/06/2024, 00:00:00, 0.05494, 0.05594, 0.05456, 0.05542, 2070.95640975
1719446400, 27/06/2024, 00:00:00, 0.05538, 0.0562, 0.05528, 0.05592, 1897.91217037
1719532800, 28/06/2024, 00:00:00, 0.05595, 0.05628, 0.05561, 0.05592, 1971.21742945
1719619200, 29/06/2024, 00:00:00, 0.05594, 0.05598, 0.05536, 0.05541, 790.71457842
1719705600, 30/06/2024, 00:00:00, 0.05541, 0.0555, 0.05475, 0.05477, 1123.57573028
1719792000, 01/07/2024, 00:00:00, 0.05476, 0.05542, 0.0545, 0.05474, 2359.56411716
1719878400, 02/07/2024, 00:00:00, 0.0547, 0.05525, 0.05466, 0.0551, 1375.26438855
1719964800, 03/07/2024, 00:00:00, 0.05505, 0.0553, 0.05441, 0.05473, 3046.65917183
1720051200, 04/07/2024, 00:00:00, 0.05474, 0.05501, 0.05345, 0.05361, 3731.73633616
1720137600, 05/07/2024, 00:00:00, 0.05361, 0.05417, 0.05213, 0.05258, 10025.76603725
1720224000, 06/07/2024, 00:00:00, 0.05269, 0.05326, 0.05259, 0.05268, 2583.61785462
1720310400, 07/07/2024, 00:00:00, 0.05267, 0.05273, 0.052, 0.05247, 2605.0986724
1720396800, 08/07/2024, 00:00:00, 0.05247, 0.05351, 0.05186, 0.05325, 8788.56091149
1720483200, 09/07/2024, 00:00:00, 0.05323, 0.0538, 0.05276, 0.05282, 4077.13455142
1720569600, 10/07/2024, 00:00:00, 0.05284, 0.05438, 0.05245, 0.05373, 4245.53251664
1720656000, 11/07/2024, 00:00:00, 0.05379, 0.05453, 0.05338, 0.05407, 4522.66448213
1720742400, 12/07/2024, 00:00:00, 0.05407, 0.05434, 0.05353, 0.05413, 2366.28991508
1720828800, 13/07/2024, 00:00:00, 0.05414, 0.05427, 0.0535, 0.05364, 2763.72225403
1720915200, 14/07/2024, 00:00:00, 0.05358, 0.05364, 0.053, 0.05337, 2719.50632421
1721001600, 15/07/2024, 00:00:00, 0.05329, 0.05414, 0.05303, 0.05378, 5221.74692538
1721088000, 16/07/2024, 00:00:00, 0.05384, 0.05404, 0.05286, 0.05295, 3508.60210486
1721174400, 17/07/2024, 00:00:00, 0.05296, 0.05351, 0.05273, 0.0529, 3012.28386386
1721260800, 18/07/2024, 00:00:00, 0.05285, 0.05381, 0.0528, 0.05354, 1866.51337152
1721347200, 19/07/2024, 00:00:00, 0.05355, 0.05364, 0.0522, 0.05256, 5010.9140339
1721433600, 20/07/2024, 00:00:00, 0.0525, 0.05266, 0.05207, 0.05239, 1150.83164463
1721520000, 21/07/2024, 00:00:00, 0.05242, 0.05244, 0.05154, 0.0519, 2952.60164317
1721606400, 22/07/2024, 00:00:00, 0.05186, 0.05209, 0.05087, 0.05089, 3366.23630101
1721692800, 23/07/2024, 00:00:00, 0.05092, 0.05309, 0.05091, 0.05281, 6224.320008
1721779200, 24/07/2024, 00:00:00, 0.0528, 0.05281, 0.05028, 0.05103, 4403.67645684
1721865600, 25/07/2024, 00:00:00, 0.05104, 0.05104, 0.04789, 0.04825, 10705.97256678
1721952000, 26/07/2024, 00:00:00, 0.04823, 0.04885, 0.0478, 0.04823, 4061.8295951
1722038400, 27/07/2024, 00:00:00, 0.04822, 0.04824, 0.0473, 0.04785, 5426.24915482
1722124800, 28/07/2024, 00:00:00, 0.04786, 0.04837, 0.04765, 0.04792, 1118.41408505
1722211200, 29/07/2024, 00:00:00, 0.04792, 0.04986, 0.04766, 0.04971, 5651.05868206
1722297600, 30/07/2024, 00:00:00, 0.0497, 0.05036, 0.04938, 0.04952, 2963.73933129
1722384000, 31/07/2024, 00:00:00, 0.04955, 0.05028, 0.0494, 0.05001, 2978.23753474
1722470400, 01/08/2024, 00:00:00, 0.05002, 0.05012, 0.04875, 0.04902, 5352.1588338
1722556800, 02/08/2024, 00:00:00, 0.049, 0.0493, 0.04771, 0.04862, 5226.74137433
1722643200, 03/08/2024, 00:00:00, 0.04861, 0.0487, 0.0477, 0.04783, 3985.09023283
1722729600, 04/08/2024, 00:00:00, 0.04781, 0.04821, 0.04591, 0.04623, 6715.9445711
1722816000, 05/08/2024, 00:00:00, 0.04627, 0.04634, 0.04, 0.04479, 37907.18890518
1722902400, 06/08/2024, 00:00:00, 0.0448, 0.04548, 0.04372, 0.04393, 9401.97405436
1722988800, 07/08/2024, 00:00:00, 0.04392, 0.0444, 0.04225, 0.04251, 6960.82497924
1723075200, 08/08/2024, 00:00:00, 0.04251, 0.04372, 0.04202, 0.0435, 10924.19965519
1723161600, 09/08/2024, 00:00:00, 0.04349, 0.04424, 0.04262, 0.0427, 5854.26890662
1723248000, 10/08/2024, 00:00:00, 0.0427, 0.04343, 0.04258, 0.04284, 1828.82411799
1723334400, 11/08/2024, 00:00:00, 0.0428, 0.04409, 0.04275, 0.04352, 3140.54284399
1723420800, 12/08/2024, 00:00:00, 0.04351, 0.04611, 0.04297, 0.0459, 7439.33173485
1723507200, 13/08/2024, 00:00:00, 0.04588, 0.04588, 0.04416, 0.04461, 4343.20909403
1723593600, 14/08/2024, 00:00:00, 0.04461, 0.04536, 0.0444, 0.04536, 5587.10770734
1723680000, 15/08/2024, 00:00:00, 0.04535, 0.04557, 0.04395, 0.04466, 6273.32603484
1723766400, 16/08/2024, 00:00:00, 0.04464, 0.0449, 0.04383, 0.04402, 3887.62449272
1723852800, 17/08/2024, 00:00:00, 0.04403, 0.04405, 0.04382, 0.04396, 707.10725251
1723939200, 18/08/2024, 00:00:00, 0.04394, 0.04476, 0.04367, 0.04466, 2179.18332174
1724025600, 19/08/2024, 00:00:00, 0.0447, 0.04508, 0.04398, 0.04435, 3632.99103505
1724112000, 20/08/2024, 00:00:00, 0.04435, 0.04439, 0.04329, 0.0436, 4932.75291006
1724198400, 21/08/2024, 00:00:00, 0.04361, 0.04384, 0.04292, 0.043, 3534.72331552
1724284800, 22/08/2024, 00:00:00, 0.04299, 0.04345, 0.04295, 0.04345, 2424.34414563
1724371200, 23/08/2024, 00:00:00, 0.04344, 0.04403, 0.0429, 0.04313, 5280.52416961
1724457600, 24/08/2024, 00:00:00, 0.04314, 0.04381, 0.04289, 0.04315, 5153.19584913
1724544000, 25/08/2024, 00:00:00, 0.04315, 0.0433, 0.04267, 0.04275, 2817.94578604
1724630400, 26/08/2024, 00:00:00, 0.04277, 0.04299, 0.04225, 0.04264, 2437.72075587
1724716800, 27/08/2024, 00:00:00, 0.04266, 0.04277, 0.04032, 0.04131, 8366.12686793
1724803200, 28/08/2024, 00:00:00, 0.04136, 0.04295, 0.04104, 0.04279, 5570.77093646
1724889600, 29/08/2024, 00:00:00, 0.04282, 0.04289, 0.04223, 0.04259, 2858.97864018
1724976000, 30/08/2024, 00:00:00, 0.04258, 0.04289, 0.04198, 0.04274, 4975.32584704
1725062400, 31/08/2024, 00:00:00, 0.04273, 0.04277, 0.04236, 0.04262, 673.17556853
1725148800, 01/09/2024, 00:00:00, 0.0426, 0.04288, 0.04189, 0.04236, 2665.06137449
1725235200, 02/09/2024, 00:00:00, 0.04234, 0.04341, 0.04232, 0.04292, 2619.83088587
1725321600, 03/09/2024, 00:00:00, 0.04292, 0.04294, 0.04204, 0.04218, 2549.03029011
1725408000, 04/09/2024, 00:00:00, 0.04219, 0.04274, 0.04127, 0.04223, 5283.71444988
1725494400, 05/09/2024, 00:00:00, 0.04226, 0.04245, 0.04182, 0.04215, 3212.80586062
1725580800, 06/09/2024, 00:00:00, 0.04216, 0.04258, 0.04086, 0.04123, 8884.51510948
1725667200, 07/09/2024, 00:00:00, 0.04123, 0.04228, 0.04123, 0.04198, 12315.99297232
1725753600, 08/09/2024, 00:00:00, 0.04198, 0.04229, 0.04173, 0.04186, 9165.08287702
1725840000, 09/09/2024, 00:00:00, 0.04188, 0.04215, 0.04085, 0.04136, 3927.50526474
1725926400, 10/09/2024, 00:00:00, 0.04135, 0.0415, 0.04097, 0.04143, 2768.49483572
1726012800, 11/09/2024, 00:00:00, 0.04142, 0.04145, 0.04052, 0.04082, 13192.72180126
1726099200, 12/09/2024, 00:00:00, 0.04081, 0.04094, 0.04018, 0.04063, 9986.50402009
1726185600, 13/09/2024, 00:00:00, 0.04061, 0.04085, 0.04022, 0.04033, 3276.23198431
1726272000, 14/09/2024, 00:00:00, 0.04032, 0.04053, 0.04005, 0.0403, 1016.29697122
1726358400, 15/09/2024, 00:00:00, 0.0403, 0.04034, 0.03891, 0.03918, 4183.23313777
1726444800, 16/09/2024, 00:00:00, 0.03914, 0.03973, 0.03869, 0.03944, 8317.51859345
1726531200, 17/09/2024, 00:00:00, 0.03944, 0.03946, 0.03871, 0.03882, 4627.91988761
1726617600, 18/09/2024, 00:00:00, 0.03882, 0.03883, 0.03832, 0.03845, 5291.16696016
1726704000, 19/09/2024, 00:00:00, 0.03845, 0.03931, 0.03834, 0.03916, 3555.88209801
1726790400, 20/09/2024, 00:00:00, 0.03915, 0.0407, 0.03888, 0.04054, 6044.58468499
1726876800, 21/09/2024, 00:00:00, 0.04055, 0.0413, 0.04025, 0.04124, 1495.92875139
1726963200, 22/09/2024, 00:00:00, 0.04123, 0.04152, 0.04044, 0.04058, 2004.35956695
1727049600, 23/09/2024, 00:00:00, 0.04059, 0.04242, 0.04056, 0.04179, 3640.70370151
1727136000, 24/09/2024, 00:00:00, 0.0418, 0.04188, 0.04111, 0.04129, 2915.57081506
1727222400, 25/09/2024, 00:00:00, 0.0413, 0.0413, 0.04052, 0.04084, 1422.22146261
1727308800, 26/09/2024, 00:00:00, 0.04087, 0.04124, 0.04032, 0.04039, 2170.24179122
1727395200, 27/09/2024, 00:00:00, 0.0404, 0.04118, 0.04031, 0.04098, 2374.36001845
1727481600, 28/09/2024, 00:00:00, 0.04097, 0.04103, 0.04049, 0.04062, 797.85300279
1727568000, 29/09/2024, 00:00:00, 0.04063, 0.04071, 0.04026, 0.04051, 723.06638304
1727654400, 30/09/2024, 00:00:00, 0.04052, 0.04125, 0.04031, 0.0411, 2584.27140755
1727740800, 01/10/2024, 00:00:00, 0.04108, 0.04149, 0.03972, 0.04026, 5094.38638056
1727827200, 02/10/2024, 00:00:00, 0.04025, 0.04046, 0.03888, 0.03899, 4202.24202723
1727913600, 03/10/2024, 00:00:00, 0.03899, 0.03914, 0.03841, 0.03864, 3199.22274953
1728000000, 04/10/2024, 00:00:00, 0.0387, 0.03935, 0.0386, 0.0389, 2814.73157094
1728086400, 05/10/2024, 00:00:00, 0.03888, 0.03905, 0.03871, 0.03892, 686.84063597
1728172800, 06/10/2024, 00:00:00, 0.03891, 0.03916, 0.03875, 0.03883, 816.38357956
1728259200, 07/10/2024, 00:00:00, 0.03882, 0.03943, 0.03852, 0.03893, 3757.45330237
1728345600, 08/10/2024, 00:00:00, 0.03893, 0.03941, 0.03875, 0.03927, 2516.87352572
1728432000, 09/10/2024, 00:00:00, 0.03928, 0.0397, 0.03895, 0.03908, 2646.67054043
1728518400, 10/10/2024, 00:00:00, 0.03909, 0.03986, 0.03906, 0.03955, 3176.51658452
1728604800, 11/10/2024, 00:00:00, 0.03953, 0.03982, 0.03881, 0.039, 2550.18223684
1728691200, 12/10/2024, 00:00:00, 0.03902, 0.03933, 0.03884, 0.03921, 1071.73809726
1728777600, 13/10/2024, 00:00:00, 0.0392, 0.03936, 0.03911, 0.03925, 775.77564267
1728864000, 14/10/2024, 00:00:00, 0.03928, 0.04005, 0.03907, 0.03981, 5230.11195729
1728950400, 15/10/2024, 00:00:00, 0.0398, 0.04007, 0.03853, 0.03889, 3793.88946514
1729036800, 16/10/2024, 00:00:00, 0.03887, 0.03904, 0.03841, 0.03861, 2754.72359069
1729123200, 17/10/2024, 00:00:00, 0.03862, 0.03919, 0.03861, 0.03865, 2343.1995421
1729209600, 18/10/2024, 00:00:00, 0.03865, 0.03895, 0.03844, 0.03861, 2369.90116599
1729296000, 19/10/2024, 00:00:00, 0.03859, 0.03885, 0.03856, 0.03874, 679.14448694
1729382400, 20/10/2024, 00:00:00, 0.03876, 0.03984, 0.03868, 0.0398, 2521.88399593
1729468800, 21/10/2024, 00:00:00, 0.03977, 0.03987, 0.03946, 0.03957, 2372.08553892
1729555200, 22/10/2024, 00:00:00, 0.03958, 0.03969, 0.03888, 0.0389, 2283.1309588
1729641600, 23/10/2024, 00:00:00, 0.03894, 0.03905, 0.0375, 0.03787, 5282.60318042
1729728000, 24/10/2024, 00:00:00, 0.03786, 0.03798, 0.0371, 0.03718, 2116.07664265
1729814400, 25/10/2024, 00:00:00, 0.03718, 0.0375, 0.03623, 0.03659, 6064.79434465
1729900800, 26/10/2024, 00:00:00, 0.03658, 0.03721, 0.03649, 0.03701, 1442.14881118
1729987200, 27/10/2024, 00:00:00, 0.03699, 0.03701, 0.03669, 0.03689, 887.60765278
1730073600, 28/10/2024, 00:00:00, 0.03687, 0.03706, 0.0359, 0.03669, 5265.86544123
1730160000, 29/10/2024, 00:00:00, 0.0367, 0.03707, 0.03609, 0.03628, 4479.3426714
1730246400, 30/10/2024, 00:00:00, 0.03628, 0.0378, 0.0361, 0.03675, 4518.27247243
1730332800, 31/10/2024, 00:00:00, 0.03678, 0.03692, 0.03569, 0.03583, 3827.07661716
1730419200, 01/11/2024, 00:00:00, 0.03582, 0.0364, 0.03581, 0.03618, 3263.60809159
1730505600, 02/11/2024, 00:00:00, 0.03615, 0.03619, 0.03557, 0.03595, 1646.92680689
1730592000, 03/11/2024, 00:00:00, 0.03596, 0.03606, 0.03557, 0.03571, 3276.56177504
1730678400, 04/11/2024, 00:00:00, 0.03574, 0.03598, 0.03524, 0.03535, 3112.09038162
1730764800, 05/11/2024, 00:00:00, 0.03535, 0.03554, 0.03482, 0.03492, 4301.46848188
1730851200, 06/11/2024, 00:00:00, 0.03491, 0.03621, 0.03465, 0.03602, 17006.51735803
1730937600, 07/11/2024, 00:00:00, 0.036, 0.03829, 0.03592, 0.03816, 10235.03207566
1731024000, 08/11/2024, 00:00:00, 0.03817, 0.03883, 0.0381, 0.0387, 6209.85582489
1731110400, 09/11/2024, 00:00:00, 0.03871, 0.04115, 0.03867, 0.04078, 5262.1730502
1731196800, 10/11/2024, 00:00:00, 0.04077, 0.04091, 0.03908, 0.03962, 9898.28972662
1731283200, 11/11/2024, 00:00:00, 0.03962, 0.03974, 0.03752, 0.03805, 14453.32574272
1731369600, 12/11/2024, 00:00:00, 0.03802, 0.03863, 0.03659, 0.03687, 17524.71795834
1731456000, 13/11/2024, 00:00:00, 0.03691, 0.03725, 0.03496, 0.03525, 13996.182434
1731542400, 14/11/2024, 00:00:00, 0.03525, 0.03597, 0.03462, 0.03505, 7801.32075285
1731628800, 15/11/2024, 00:00:00, 0.03504, 0.03505, 0.03358, 0.03393, 6504.10780904
1731715200, 16/11/2024, 00:00:00, 0.03391, 0.0353, 0.0338, 0.03459, 3314.3290521
1731801600, 17/11/2024, 00:00:00, 0.0346, 0.03482, 0.03397, 0.03423, 3372.21808143
1731888000, 18/11/2024, 00:00:00, 0.03422, 0.03562, 0.03379, 0.03547, 5588.38353631
1731974400, 19/11/2024, 00:00:00, 0.03546, 0.03565, 0.03327, 0.03366, 6305.65510462
1732060800, 20/11/2024, 00:00:00, 0.03364, 0.03387, 0.03234, 0.03257, 6961.26535052
1732147200, 21/11/2024, 00:00:00, 0.03253, 0.03469, 0.03191, 0.03411, 18577.7557419
1732233600, 22/11/2024, 00:00:00, 0.03413, 0.03465, 0.03286, 0.03365, 14694.64366076
1732320000, 23/11/2024, 00:00:00, 0.03365, 0.03545, 0.03361, 0.03474, 10058.15728127
1732406400, 24/11/2024, 00:00:00, 0.03475, 0.03506, 0.03399, 0.03435, 3808.81664192
1732492800, 25/11/2024, 00:00:00, 0.03432, 0.03692, 0.03404, 0.03669, 10258.90123579
1732579200, 26/11/2024, 00:00:00, 0.03671, 0.03673, 0.03525, 0.03616, 6180.8998261
1732665600, 27/11/2024, 00:00:00, 0.03615, 0.03839, 0.03593, 0.03811, 7541.67106095
1732752000, 28/11/2024, 00:00:00, 0.03813, 0.03816, 0.03715, 0.03743, 4329.85459232
1732838400, 29/11/2024, 00:00:00, 0.03744, 0.03747, 0.03662, 0.03688, 2614.80719696
1732924800, 30/11/2024, 00:00:00, 0.03685, 0.03871, 0.03685, 0.03842, 4183.54848902
1733011200, 01/12/2024, 00:00:00, 0.03844, 0.03869, 0.03788, 0.03816, 3124.23491114
1733097600, 02/12/2024, 00:00:00, 0.03814, 0.03856, 0.03759, 0.03802, 3993.33890325
1733184000, 03/12/2024, 00:00:00, 0.03802, 0.03817, 0.03721, 0.03772, 3566.25980956
1733270400, 04/12/2024, 00:00:00, 0.03771, 0.04012, 0.03771, 0.03892, 11384.52536018
1733356800, 05/12/2024, 00:00:00, 0.03893, 0.04049, 0.03701, 0.03904, 9875.73392123
1733443200, 06/12/2024, 00:00:00, 0.03904, 0.04076, 0.03901, 0.04009, 7983.89022771
1733529600, 07/12/2024, 00:00:00, 0.04013, 0.04035, 0.0398, 0.04004, 2398.50795129
1733616000, 08/12/2024, 00:00:00, 0.04005, 0.04013, 0.03954, 0.03961, 2043.09159208
1733702400, 09/12/2024, 00:00:00, 0.03955, 0.0399, 0.03702, 0.03816, 7584.6096662
1733788800, 10/12/2024, 00:00:00, 0.03817, 0.0386, 0.03698, 0.03757, 5463.12262358
1733875200, 11/12/2024, 00:00:00, 0.03756, 0.038, 0.03715, 0.03788, 3155.44890116
1733961600, 12/12/2024, 00:00:00, 0.03789, 0.03936, 0.03778, 0.03881, 13036.17148024
1734048000, 13/12/2024, 00:00:00, 0.03883, 0.03953, 0.03842, 0.03854, 10554.49771659
1734134400, 14/12/2024, 00:00:00, 0.03854, 0.03872, 0.03796, 0.03814, 1655.29517804
1734220800, 15/12/2024, 00:00:00, 0.03813, 0.03819, 0.03746, 0.0379, 2460.01008858
1734307200, 16/12/2024, 00:00:00, 0.03788, 0.0383, 0.03696, 0.03759, 15562.00038434
1734393600, 17/12/2024, 00:00:00, 0.03758, 0.03781, 0.03642, 0.03669, 3819.72519735
1734480000, 18/12/2024, 00:00:00, 0.03668, 0.03729, 0.03601, 0.03621, 6178.00967276
1734566400, 19/12/2024, 00:00:00, 0.03621, 0.03642, 0.03473, 0.03506, 9548.5927857
1734652800, 20/12/2024, 00:00:00, 0.03504, 0.03596, 0.03338, 0.0355, 9666.50116545
1734739200, 21/12/2024, 00:00:00, 0.0355, 0.03592, 0.03407, 0.0343, 2858.71747722
1734825600, 22/12/2024, 00:00:00, 0.03429, 0.03501, 0.03412, 0.03447, 1433.71561494
1734912000, 23/12/2024, 00:00:00, 0.03448, 0.03672, 0.03429, 0.03607, 5357.2012341
1734998400, 24/12/2024, 00:00:00, 0.03606, 0.0363, 0.03523, 0.03538, 4905.9707873
1735084800, 25/12/2024, 00:00:00, 0.03537, 0.03578, 0.03494, 0.03517, 2533.14295683
1735171200, 26/12/2024, 00:00:00, 0.03514, 0.03539, 0.03462, 0.03482, 3175.70674354
1735257600, 27/12/2024, 00:00:00, 0.03483, 0.03556, 0.03478, 0.03536, 4282.80827837
1735344000, 28/12/2024, 00:00:00, 0.03537, 0.03584, 0.03526, 0.03572, 1579.01191066
1735430400, 29/12/2024, 00:00:00, 0.03571, 0.03595, 0.03554, 0.03578, 2305.43680679
1735516800, 30/12/2024, 00:00:00, 0.0358, 0.03659, 0.0358, 0.03623, 3618.43587185
1735603200, 31/12/2024, 00:00:00, 0.03622, 0.03628, 0.0356, 0.03567, 2782.19627035
1735689600, 01/01/2025, 00:00:00, 0.03566, 0.03579, 0.03538, 0.03552, 1220.78429378
1735776000, 02/01/2025, 00:00:00, 0.03553, 0.03605, 0.0354, 0.03561, 2330.21485231
1735862400, 03/01/2025, 00:00:00, 0.03562, 0.03682, 0.03558, 0.03675, 2579.15980087
1735948800, 04/01/2025, 00:00:00, 0.03677, 0.03732, 0.03658, 0.03723, 1485.03968192
1736035200, 05/01/2025, 00:00:00, 0.03723, 0.03736, 0.0369, 0.03696, 982.82693992
1736121600, 06/01/2025, 00:00:00, 0.03696, 0.03718, 0.03594, 0.03607, 3016.14419756
1736208000, 07/01/2025, 00:00:00, 0.03606, 0.03627, 0.03481, 0.03487, 4403.23730927
1736294400, 08/01/2025, 00:00:00, 0.03487, 0.03537, 0.03455, 0.035, 3451.05803479
1736380800, 09/01/2025, 00:00:00, 0.035, 0.03564, 0.03451, 0.03483, 4343.86432694
1736467200, 10/01/2025, 00:00:00, 0.03481, 0.03491, 0.0344, 0.03451, 3571.4803381
1736553600, 11/01/2025, 00:00:00, 0.03453, 0.03499, 0.03422, 0.03471, 920.53661147
1736640000, 12/01/2025, 00:00:00, 0.03471, 0.03478, 0.03435, 0.03458, 828.11538268
1736726400, 13/01/2025, 00:00:00, 0.03456, 0.03483, 0.03258, 0.03319, 5461.11895139
1736812800, 14/01/2025, 00:00:00, 0.03319, 0.03363, 0.03306, 0.03338, 1609.24162944
1736899200, 15/01/2025, 00:00:00, 0.03337, 0.03457, 0.033, 0.03435, 3116.79419459
1736985600, 16/01/2025, 00:00:00, 0.03434, 0.03434, 0.03289, 0.03307, 2590.63322888
1737072000, 17/01/2025, 00:00:00, 0.03309, 0.03367, 0.03241, 0.03337, 4054.52185738
1737158400, 18/01/2025, 00:00:00, 0.03341, 0.03341, 0.03131, 0.03164, 5370.51964301
1737244800, 19/01/2025, 00:00:00, 0.03164, 0.03283, 0.02996, 0.03175, 12320.71976347
1737331200, 20/01/2025, 00:00:00, 0.03173, 0.03254, 0.03084, 0.03211, 11165.97628471
1737417600, 21/01/2025, 00:00:00, 0.03211, 0.03213, 0.03104, 0.03135, 3782.41038935
1737504000, 22/01/2025, 00:00:00, 0.03134, 0.03173, 0.03106, 0.03127, 2992.35654691
1737590400, 23/01/2025, 00:00:00, 0.03127, 0.03215, 0.03053, 0.03213, 9777.6164996
1737676800, 24/01/2025, 00:00:00, 0.03214, 0.03247, 0.03155, 0.03157, 3731.43029616
1737763200, 25/01/2025, 00:00:00, 0.03155, 0.03195, 0.03132, 0.03168, 1368.40109529
1737849600, 26/01/2025, 00:00:00, 0.03163, 0.0319, 0.03142, 0.03151, 1453.89085998
1737936000, 27/01/2025, 00:00:00, 0.03151, 0.03166, 0.03072, 0.03114, 3591.50326504
1738022400, 28/01/2025, 00:00:00, 0.03117, 0.03134, 0.03028, 0.03036, 1611.41797905
1738108800, 29/01/2025, 00:00:00, 0.03035, 0.03076, 0.03, 0.03001, 4104.74417797
1738195200, 30/01/2025, 00:00:00, 0.03001, 0.03117, 0.02993, 0.03101, 2592.30144417
1738281600, 31/01/2025, 00:00:00, 0.03101, 0.03269, 0.03092, 0.03223, 3780.74422727
1738368000, 01/02/2025, 00:00:00, 0.03224, 0.03246, 0.03093, 0.03099, 1523.54832467
1738454400, 02/02/2025, 00:00:00, 0.03098, 0.03129, 0.02861, 0.02937, 5891.25785797
1738540800, 03/02/2025, 00:00:00, 0.02938, 0.02948, 0.02345, 0.02842, 30043.46177495
1738627200, 04/02/2025, 00:00:00, 0.0284, 0.02861, 0.027, 0.02794, 7947.69812821
1738713600, 05/02/2025, 00:00:00, 0.02793, 0.02891, 0.02768, 0.02886, 7276.45956346
1738800000, 06/02/2025, 00:00:00, 0.02886, 0.02911, 0.02726, 0.02784, 5044.30288235
1738886400, 07/02/2025, 00:00:00, 0.02782, 0.02889, 0.02679, 0.02717, 5136.4843093
1738972800, 08/02/2025, 00:00:00, 0.02716, 0.02755, 0.02705, 0.02729, 2784.83225306
1739059200, 09/02/2025, 00:00:00, 0.02731, 0.02776, 0.0266, 0.02723, 2809.35439812
1739145600, 10/02/2025, 00:00:00, 0.02724, 0.02762, 0.02679, 0.0273, 2229.2781601
1739232000, 11/02/2025, 00:00:00, 0.02735, 0.0278, 0.0268, 0.02719, 3494.6726656
1739318400, 12/02/2025, 00:00:00, 0.02716, 0.02854, 0.02696, 0.02797, 4767.87662839
1739404800, 13/02/2025, 00:00:00, 0.028, 0.02817, 0.02737, 0.0277, 2043.04460608
1739491200, 14/02/2025, 00:00:00, 0.02768, 0.02832, 0.0276, 0.02796, 1486.90962597
1739577600, 15/02/2025, 00:00:00, 0.02796, 0.02798, 0.02734, 0.02759, 847.9224449
1739664000, 16/02/2025, 00:00:00, 0.02758, 0.02792, 0.02752, 0.02769, 754.45384576
1739750400, 17/02/2025, 00:00:00, 0.0277, 0.02942, 0.02752, 0.02862, 5816.34613537
1739836800, 18/02/2025, 00:00:00, 0.02864, 0.0287, 0.02769, 0.02793, 2387.05006256
1739923200, 19/02/2025, 00:00:00, 0.02794, 0.02846, 0.02794, 0.02811, 1481.62388096
1740009600, 20/02/2025, 00:00:00, 0.02811, 0.02835, 0.02776, 0.02786, 1823.96004307
1740096000, 21/02/2025, 00:00:00, 0.02785, 0.02866, 0.02729, 0.02768, 7534.07309806
1740182400, 22/02/2025, 00:00:00, 0.02762, 0.02896, 0.02761, 0.02861, 1742.05325175
1740268800, 23/02/2025, 00:00:00, 0.02862, 0.02968, 0.02847, 0.0293, 2796.20465697
1740355200, 24/02/2025, 00:00:00, 0.02929, 0.02943, 0.0268, 0.02751, 4531.58062666
1740441600, 25/02/2025, 00:00:00, 0.02747, 0.02837, 0.02606, 0.02814, 10278.60317325
1740528000, 26/02/2025, 00:00:00, 0.02815, 0.0282, 0.02699, 0.02774, 7541.91807368
1740614400, 27/02/2025, 00:00:00, 0.02774, 0.02782, 0.02679, 0.02723, 2957.23799976
1740700800, 28/02/2025, 00:00:00, 0.02724, 0.02733, 0.02621, 0.02647, 8841.86072757
1740787200, 01/03/2025, 00:00:00, 0.02653, 0.02668, 0.02541, 0.02577, 5595.43873253
1740873600, 02/03/2025, 00:00:00, 0.02574, 0.02735, 0.02458, 0.02672, 11392.02785686
1740960000, 03/03/2025, 00:00:00, 0.02672, 0.02672, 0.0245, 0.02494, 8130.18459748
1741046400, 04/03/2025, 00:00:00, 0.02493, 0.02539, 0.02429, 0.02488, 9659.54807548
1741132800, 05/03/2025, 00:00:00, 0.02488, 0.02549, 0.02438, 0.02474, 7697.03969982
1741219200, 06/03/2025, 00:00:00, 0.02474, 0.02521, 0.02441, 0.02448, 2909.54393896
1741305600, 07/03/2025, 00:00:00, 0.0245, 0.025, 0.02435, 0.02467, 8529.07667297
1741392000, 08/03/2025, 00:00:00, 0.02467, 0.02584, 0.02462, 0.02555, 2057.56325117
1741478400, 09/03/2025, 00:00:00, 0.02556, 0.02559, 0.02424, 0.02502, 3456.03005154
1741564800, 10/03/2025, 00:00:00, 0.02504, 0.02582, 0.02336, 0.02372, 8464.95356351
1741651200, 11/03/2025, 00:00:00, 0.02372, 0.02396, 0.0229, 0.02318, 8889.27829683
1741737600, 12/03/2025, 00:00:00, 0.02319, 0.0236, 0.02262, 0.0228, 10345.51144652
1741824000, 13/03/2025, 00:00:00, 0.02281, 0.02316, 0.0224, 0.02298, 6384.40633063
1741910400, 14/03/2025, 00:00:00, 0.02298, 0.02316, 0.02262, 0.02275, 2551.42922056
1741996800, 15/03/2025, 00:00:00, 0.02274, 0.02317, 0.0226, 0.02297, 830.80928196
1742083200, 16/03/2025, 00:00:00, 0.02296, 0.02304, 0.02252, 0.02285, 1851.91225175
1742169600, 17/03/2025, 00:00:00, 0.02286, 0.02314, 0.02273, 0.02292, 2175.81080427
1742256000, 18/03/2025, 00:00:00, 0.02294, 0.02339, 0.02283, 0.02336, 2209.69190573
1742342400, 19/03/2025, 00:00:00, 0.02336, 0.02427, 0.02322, 0.02372, 5313.96167923
1742428800, 20/03/2025, 00:00:00, 0.02367, 0.02368, 0.02313, 0.02356, 2051.97345056
1742515200, 21/03/2025, 00:00:00, 0.02356, 0.02362, 0.02315, 0.02338, 1725.41931345
1742601600, 22/03/2025, 00:00:00, 0.02339, 0.0238, 0.02339, 0.02361, 704.74902377
1742688000, 23/03/2025, 00:00:00, 0.02363, 0.02395, 0.02323, 0.0233, 1278.11075319
1742774400, 24/03/2025, 00:00:00, 0.02331, 0.02406, 0.02312, 0.02378, 3515.17071745
1742860800, 25/03/2025, 00:00:00, 0.02378, 0.02396, 0.02346, 0.02364, 1868.97022621
1742947200, 26/03/2025, 00:00:00, 0.02362, 0.02368, 0.02298, 0.02313, 2260.35082926
1743033600, 27/03/2025, 00:00:00, 0.02311, 0.02327, 0.02294, 0.02297, 1446.28421997
1743120000, 28/03/2025, 00:00:00, 0.02296, 0.02308, 0.02194, 0.02247, 6217.06502162
1743206400, 29/03/2025, 00:00:00, 0.0225, 0.02267, 0.02199, 0.02212, 2065.45281595
1743292800, 30/03/2025, 00:00:00, 0.02212, 0.02218, 0.02168, 0.02193, 2307.55592821
1743379200, 31/03/2025, 00:00:00, 0.02194, 0.02224, 0.02184, 0.02209, 3464.07018984
1743465600, 01/04/2025, 00:00:00, 0.02207, 0.02261, 0.02203, 0.02237, 4960.00796532
1743552000, 02/04/2025, 00:00:00, 0.02235, 0.02238, 0.02161, 0.02177, 4550.68311142
1743638400, 03/04/2025, 00:00:00, 0.02177, 0.02204, 0.02137, 0.02184, 2304.55346377
1743724800, 04/04/2025, 00:00:00, 0.02183, 0.02188, 0.02146, 0.02163, 1805.60245482
1743811200, 05/04/2025, 00:00:00, 0.02166, 0.02177, 0.02131, 0.02164, 1627.43160143
1743897600, 06/04/2025, 00:00:00, 0.02163, 0.02171, 0.01979, 0.02015, 6635.27873369
1743984000, 07/04/2025, 00:00:00, 0.02016, 0.0204, 0.01893, 0.01961, 19276.40212523
1744070400, 08/04/2025, 00:00:00, 0.0196, 0.02001, 0.01886, 0.01931, 8016.10709872
1744156800, 09/04/2025, 00:00:00, 0.0193, 0.02029, 0.01855, 0.02021, 15023.39101197
1744243200, 10/04/2025, 00:00:00, 0.02021, 0.02022, 0.01876, 0.01912, 5987.73220141
1744329600, 11/04/2025, 00:00:00, 0.01911, 0.01937, 0.01864, 0.01879, 2864.94197687
1744416000, 12/04/2025, 00:00:00, 0.01877, 0.01965, 0.01859, 0.01927, 1972.48979558
1744502400, 13/04/2025, 00:00:00, 0.01928, 0.01941, 0.01876, 0.01908, 2515.22683707
1744588800, 14/04/2025, 00:00:00, 0.01908, 0.01992, 0.01902, 0.01919, 3354.28141407
1744675200, 15/04/2025, 00:00:00, 0.0192, 0.01926, 0.01888, 0.01899, 3815.05659
1744761600, 16/04/2025, 00:00:00, 0.019, 0.01913, 0.01848, 0.01878, 5516.80521956
1744848000, 17/04/2025, 00:00:00, 0.01878, 0.01901, 0.0186, 0.01864, 4221.47143252
1744934400, 18/04/2025, 00:00:00, 0.01864, 0.01891, 0.0186, 0.01882, 1855.71900489
1745020800, 19/04/2025, 00:00:00, 0.01881, 0.01915, 0.01872, 0.01896, 2276.69943842
1745107200, 20/04/2025, 00:00:00, 0.01895, 0.01898, 0.0186, 0.01864, 2521.53220405
1745193600, 21/04/2025, 00:00:00, 0.01863, 0.01893, 0.018, 0.01805, 7195.59093951
1745280000, 22/04/2025, 00:00:00, 0.01804, 0.01906, 0.01765, 0.0188, 14747.3237401
1745366400, 23/04/2025, 00:00:00, 0.0188, 0.01949, 0.01873, 0.01917, 13301.10255463
1745452800, 24/04/2025, 00:00:00, 0.01916, 0.01926, 0.01874, 0.01883, 6471.9408334
1745539200, 25/04/2025, 00:00:00, 0.01883, 0.01914, 0.0187, 0.01886, 6914.82901889
1745625600, 26/04/2025, 00:00:00, 0.01888, 0.01943, 0.01888, 0.01925, 5129.10739823
1745712000, 27/04/2025, 00:00:00, 0.01924, 0.01951, 0.01903, 0.01911, 3456.92182993
1745798400, 28/04/2025, 00:00:00, 0.0191, 0.01916, 0.01867, 0.01894, 7166.62610952
1745884800, 29/04/2025, 00:00:00, 0.01895, 0.01938, 0.0189, 0.01908, 6043.94914131
1745971200, 30/04/2025, 00:00:00, 0.01908, 0.01916, 0.01863, 0.01904, 5231.09886577
1746057600, 01/05/2025, 00:00:00, 0.01905, 0.01931, 0.01898, 0.01906, 3666.47369782
1746144000, 02/05/2025, 00:00:00, 0.01905, 0.01914, 0.01881, 0.01902, 1882.08624287
1746230400, 03/05/2025, 00:00:00, 0.01901, 0.01917, 0.01886, 0.01913, 1910.98436387
1746316800, 04/05/2025, 00:00:00, 0.01913, 0.01925, 0.01909, 0.01918, 1926.05814515
1746403200, 05/05/2025, 00:00:00, 0.01919, 0.01935, 0.01901, 0.0192, 3160.53910776
1746489600, 06/05/2025, 00:00:00, 0.01921, 0.01921, 0.01867, 0.01876, 2252.88207054
1746576000, 07/05/2025, 00:00:00, 0.01875, 0.01904, 0.01854, 0.01867, 2530.15816387
1746662400, 08/05/2025, 00:00:00, 0.01866, 0.0215, 0.01862, 0.02138, 13578.47638485
1746748800, 09/05/2025, 00:00:00, 0.02138, 0.024, 0.02121, 0.02278, 12990.10314268
1746835200, 10/05/2025, 00:00:00, 0.02277, 0.02497, 0.02254, 0.02466, 6521.45590192
1746921600, 11/05/2025, 00:00:00, 0.02464, 0.02484, 0.02345, 0.02415, 5756.38619965
1747008000, 12/05/2025, 00:00:00, 0.02415, 0.02485, 0.02391, 0.02428, 5490.00919782
1747094400, 13/05/2025, 00:00:00, 0.02427, 0.02608, 0.02375, 0.02573, 7479.74756675
1747180800, 14/05/2025, 00:00:00, 0.02574, 0.02618, 0.02481, 0.02521, 6209.23514583
1747267200, 15/05/2025, 00:00:00, 0.02521, 0.02548, 0.02438, 0.02456, 5073.86199117
1747353600, 16/05/2025, 00:00:00, 0.02456, 0.02549, 0.02446, 0.02452, 3665.3901757
1747440000, 17/05/2025, 00:00:00, 0.02452, 0.02453, 0.02382, 0.024, 2774.53337239
1747526400, 18/05/2025, 00:00:00, 0.024, 0.02449, 0.02245, 0.02347, 4283.97116097
1747612800, 19/05/2025, 00:00:00, 0.02347, 0.02412, 0.02284, 0.02394, 6398.74080507
1747699200, 20/05/2025, 00:00:00, 0.02394, 0.02433, 0.02317, 0.02363, 4140.27732173
1747785600, 21/05/2025, 00:00:00, 0.02362, 0.02422, 0.02305, 0.02327, 6011.09155012
1747872000, 22/05/2025, 00:00:00, 0.02327, 0.02433, 0.02322, 0.02385, 4704.11896252
1747958400, 23/05/2025, 00:00:00, 0.02386, 0.02455, 0.02323, 0.02354, 6926.52607017
1748044800, 24/05/2025, 00:00:00, 0.02354, 0.02369, 0.02322, 0.02347, 775.55145315
1748131200, 25/05/2025, 00:00:00, 0.02346, 0.02353, 0.02304, 0.02341, 1595.52812126
1748217600, 26/05/2025, 00:00:00, 0.02341, 0.02358, 0.02319, 0.02344, 4293.6917457
1748304000, 27/05/2025, 00:00:00, 0.02342, 0.02457, 0.02327, 0.02443, 10515.30493979
1748390400, 28/05/2025, 00:00:00, 0.02443, 0.0249, 0.02406, 0.02488, 2105.6220719
1748476800, 29/05/2025, 00:00:00, 0.02488, 0.02577, 0.0245, 0.02493, 5104.73683547
1748563200, 30/05/2025, 00:00:00, 0.02493, 0.02504, 0.02419, 0.02434, 2526.66832464
1748649600, 31/05/2025, 00:00:00, 0.02434, 0.0245, 0.02394, 0.02417, 2544.04804515
1748736000, 01/06/2025, 00:00:00, 0.02415, 0.02421, 0.02379, 0.02404, 1140.71373792
1748822400, 02/06/2025, 00:00:00, 0.02401, 0.02469, 0.02365, 0.02463, 7450.87084944
1748908800, 03/06/2025, 00:00:00, 0.02463, 0.02495, 0.02447, 0.02461, 3932.57129005
1748995200, 04/06/2025, 00:00:00, 0.02461, 0.02541, 0.02457, 0.02491, 3013.09757067
1749081600, 05/06/2025, 00:00:00, 0.02491, 0.02508, 0.02376, 0.02379, 4711.22164663
1749168000, 06/06/2025, 00:00:00, 0.02378, 0.02411, 0.02358, 0.02374, 3713.45425401
1749254400, 07/06/2025, 00:00:00, 0.02374, 0.02401, 0.02363, 0.02391, 1290.79274403
1749340800, 08/06/2025, 00:00:00, 0.02392, 0.02395, 0.02366, 0.02373, 1888.27978343
1749427200, 09/06/2025, 00:00:00, 0.02374, 0.02443, 0.02347, 0.02431, 2652.32153044
1749513600, 10/06/2025, 00:00:00, 0.02431, 0.02569, 0.02431, 0.02553, 6876.55017169
1749600000, 11/06/2025, 00:00:00, 0.02554, 0.02623, 0.02522, 0.02552, 4567.000454
1749686400, 12/06/2025, 00:00:00, 0.02551, 0.02574, 0.02475, 0.025, 3241.77621373
1749772800, 13/06/2025, 00:00:00, 0.02501, 0.02504, 0.02366, 0.02431, 6655.87230317
1749859200, 14/06/2025, 00:00:00, 0.02431, 0.02431, 0.02385, 0.02401, 1496.70396205
1749945600, 15/06/2025, 00:00:00, 0.02401, 0.02422, 0.02377, 0.02413, 1628.03875235
1750032000, 16/06/2025, 00:00:00, 0.02413, 0.02473, 0.02369, 0.02382, 4475.41949754
1750118400, 17/06/2025, 00:00:00, 0.02377, 0.02433, 0.0237, 0.024, 3921.31764957
1750204800, 18/06/2025, 00:00:00, 0.02401, 0.02419, 0.02376, 0.02407, 1736.54226671
1750291200, 19/06/2025, 00:00:00, 0.02408, 0.02422, 0.02391, 0.02409, 1121.04160048
1750377600, 20/06/2025, 00:00:00, 0.02409, 0.02418, 0.02313, 0.0233, 3832.90612058
1750464000, 21/06/2025, 00:00:00, 0.0233, 0.02355, 0.02195, 0.02247, 4190.66827601
1750550400, 22/06/2025, 00:00:00, 0.02248, 0.02257, 0.0214, 0.02206, 9078.47204337
1750636800, 23/06/2025, 00:00:00, 0.02206, 0.02307, 0.02194, 0.02289, 7005.69599255
1750723200, 24/06/2025, 00:00:00, 0.0229, 0.02339, 0.02272, 0.02309, 4657.59488157
1750809600, 25/06/2025, 00:00:00, 0.02308, 0.02316, 0.02226, 0.02253, 3439.18360531
1750896000, 26/06/2025, 00:00:00, 0.02253, 0.02327, 0.02241, 0.02259, 3704.08648663
1750982400, 27/06/2025, 00:00:00, 0.02259, 0.02301, 0.02236, 0.02263, 2071.85555161
1751068800, 28/06/2025, 00:00:00, 0.02264, 0.02276, 0.02253, 0.02271, 461.05439521
1751155200, 29/06/2025, 00:00:00, 0.02271, 0.02332, 0.0225, 0.02307, 1868.15497968
1751241600, 30/06/2025, 00:00:00, 0.02308, 0.02343, 0.02278, 0.02321, 3912.39862212
1751328000, 01/07/2025, 00:00:00, 0.0232, 0.02325, 0.02264, 0.02277, 2499.91288909
1751414400, 02/07/2025, 00:00:00, 0.02274, 0.02393, 0.02258, 0.02362, 4661.47734544
1751500800, 03/07/2025, 00:00:00, 0.02362, 0.02396, 0.0235, 0.02364, 2962.18787957
1751587200, 04/07/2025, 00:00:00, 0.02365, 0.0237, 0.02305, 0.02322, 2053.14813794
1751673600, 05/07/2025, 00:00:00, 0.02322, 0.02336, 0.02305, 0.02326, 612.74846106
1751760000, 06/07/2025, 00:00:00, 0.02325, 0.02378, 0.02323, 0.02354, 1353.98232916
1751846400, 07/07/2025, 00:00:00, 0.02354, 0.02372, 0.02328, 0.02349, 2118.71635789
1751932800, 08/07/2025, 00:00:00, 0.02349, 0.02409, 0.02343, 0.02401, 2755.52937024
1752019200, 09/07/2025, 00:00:00, 0.024, 0.02498, 0.02391, 0.02489, 5993.38450934
1752105600, 10/07/2025, 00:00:00, 0.02489, 0.02578, 0.02455, 0.02544, 6875.53653594
1752192000, 11/07/2025, 00:00:00, 0.02541, 0.02562, 0.02494, 0.02516, 4418.80997234
1752278400, 12/07/2025, 00:00:00, 0.02516, 0.02525, 0.02482, 0.02506, 1527.16250362
1752364800, 13/07/2025, 00:00:00, 0.02505, 0.02533, 0.02479, 0.02495, 1532.92692699
1752451200, 14/07/2025, 00:00:00, 0.02496, 0.0253, 0.02469, 0.02512, 4441.12799735
1752537600, 15/07/2025, 00:00:00, 0.02512, 0.0267, 0.02495, 0.02665, 6607.44831753
1752624000, 16/07/2025, 00:00:00, 0.02665, 0.02869, 0.02644, 0.02842, 7957.65389071
1752710400, 17/07/2025, 00:00:00, 0.02842, 0.02947, 0.02814, 0.02917, 7172.86502001
1752796800, 18/07/2025, 00:00:00, 0.02917, 0.03081, 0.02905, 0.03007, 12483.24906773
1752883200, 19/07/2025, 00:00:00, 0.03007, 0.03053, 0.02982, 0.03049, 1187.40861442
1752969600, 20/07/2025, 00:00:00, 0.03048, 0.03221, 0.03041, 0.03203, 8738.15159469
1753056000, 21/07/2025, 00:00:00, 0.03204, 0.0324, 0.03163, 0.03205, 5485.64566198
1753142400, 22/07/2025, 00:00:00, 0.03205, 0.03222, 0.03069, 0.0312, 5230.7912298
1753228800, 23/07/2025, 00:00:00, 0.03119, 0.0316, 0.03005, 0.03055, 4034.49740182
1753315200, 24/07/2025, 00:00:00, 0.03055, 0.0316, 0.02995, 0.03132, 2999.91291172
1753401600, 25/07/2025, 00:00:00, 0.03132, 0.03222, 0.03093, 0.03167, 3132.68479599
1753488000, 26/07/2025, 00:00:00, 0.03168, 0.03213, 0.03145, 0.03173, 1520.83791598
1753574400, 27/07/2025, 00:00:00, 0.03173, 0.03248, 0.03167, 0.03243, 2951.448338
1753660800, 28/07/2025, 00:00:00, 0.03241, 0.03301, 0.03195, 0.03217, 4086.52457675
1753747200, 29/07/2025, 00:00:00, 0.03216, 0.03267, 0.03176, 0.03214, 2794.2754606
1753833600, 30/07/2025, 00:00:00, 0.03214, 0.03239, 0.03175, 0.03233, 2765.81081387
1753920000, 31/07/2025, 00:00:00, 0.03231, 0.03267, 0.03186, 0.03195, 1680.08156005
1754006400, 01/08/2025, 00:00:00, 0.03194, 0.03212, 0.03041, 0.03079, 2283.73120804
1754092800, 02/08/2025, 00:00:00, 0.03078, 0.03101, 0.03, 0.03014, 1221.18795641
1754179200, 03/08/2025, 00:00:00, 0.03015, 0.03077, 0.02997, 0.03062, 1211.11398909
1754265600, 04/08/2025, 00:00:00, 0.03063, 0.03241, 0.03059, 0.03233, 1834.60867638
1754352000, 05/08/2025, 00:00:00, 0.03233, 0.03233, 0.03129, 0.03164, 1364.17738386
1754438400, 06/08/2025, 00:00:00, 0.03165, 0.03204, 0.03138, 0.03202, 1606.77260157
1754524800, 07/08/2025, 00:00:00, 0.03196, 0.03338, 0.0319, 0.03329, 2320.47409882
1754611200, 08/08/2025, 00:00:00, 0.0333, 0.03498, 0.03314, 0.03436, 4691.63229168
1754697600, 09/08/2025, 00:00:00, 0.03437, 0.03707, 0.03434, 0.0366, 6261.0108189
1754784000, 10/08/2025, 00:00:00, 0.03662, 0.0371, 0.03517, 0.03562, 5051.56018512
1754870400, 11/08/2025, 00:00:00, 0.03562, 0.03627, 0.03467, 0.03558, 6130.0925182
1754956800, 12/08/2025, 00:00:00, 0.03557, 0.03855, 0.03556, 0.03822, 7226.37466302
1755043200, 13/08/2025, 00:00:00, 0.03821, 0.03925, 0.03812, 0.03852, 4907.52428587
1755129600, 14/08/2025, 00:00:00, 0.03851, 0.03946, 0.03768, 0.03844, 6050.61089823
1755216000, 15/08/2025, 00:00:00, 0.03845, 0.0392, 0.03734, 0.03782, 2979.25444111
1755302400, 16/08/2025, 00:00:00, 0.03784, 0.0381, 0.03726, 0.03767, 1482.43175162
1755388800, 17/08/2025, 00:00:00, 0.03768, 0.03865, 0.03746, 0.03807, 1923.13401218
1755475200, 18/08/2025, 00:00:00, 0.03805, 0.03814, 0.03679, 0.0371, 3808.08789796
1755561600, 19/08/2025, 00:00:00, 0.03708, 0.03745, 0.03609, 0.03612, 2802.30059286
1755648000, 20/08/2025, 00:00:00, 0.03613, 0.03823, 0.03607, 0.03794, 2893.62759677
1755734400, 21/08/2025, 00:00:00, 0.03795, 0.03801, 0.0375, 0.03757, 1344.54968989
1755820800, 22/08/2025, 00:00:00, 0.03758, 0.04179, 0.03754, 0.0413, 8156.11060244
1755907200, 23/08/2025, 00:00:00, 0.04127, 0.0416, 0.04037, 0.04141, 3684.7692557
1755993600, 24/08/2025, 00:00:00, 0.04142, 0.04324, 0.04117, 0.04213, 6226.22244104
1756080000, 25/08/2025, 00:00:00, 0.04214, 0.04231, 0.03959, 0.03975, 4763.50789795
1756166400, 26/08/2025, 00:00:00, 0.03974, 0.04144, 0.03962, 0.04116, 3533.95921264
1756252800, 27/08/2025, 00:00:00, 0.04115, 0.04164, 0.04036, 0.04049, 2569.1329571
1756339200, 28/08/2025, 00:00:00, 0.04051, 0.04088, 0.0396, 0.04009, 2964.32212081
1756425600, 29/08/2025, 00:00:00, 0.04004, 0.04041, 0.03926, 0.04018, 3308.51207328
1756512000, 30/08/2025, 00:00:00, 0.04017, 0.04069, 0.03962, 0.04018, 1577.80757879
1756598400, 31/08/2025, 00:00:00, 0.04022, 0.04151, 0.04021, 0.04049, 1806.71476398
1756684800, 01/09/2025, 00:00:00, 0.04048, 0.04096, 0.03917, 0.03951, 2095.1779311
1756771200, 02/09/2025, 00:00:00, 0.03951, 0.03998, 0.03853, 0.03884, 1883.06497415
1756857600, 03/09/2025, 00:00:00, 0.0388, 0.03999, 0.0386, 0.03984, 1913.88954503
1756944000, 04/09/2025, 00:00:00, 0.03983, 0.03997, 0.03881, 0.03881, 1377.72915315
1757030400, 05/09/2025, 00:00:00, 0.03882, 0.03972, 0.03858, 0.03892, 2384.91466436
1757116800, 06/09/2025, 00:00:00, 0.03894, 0.03905, 0.03852, 0.03877, 683.17144735
1757203200, 07/09/2025, 00:00:00, 0.03881, 0.03891, 0.03849, 0.03874, 547.28281947
1757289600, 08/09/2025, 00:00:00, 0.03874, 0.03889, 0.03822, 0.03843, 1407.94718714
1757376000, 09/09/2025, 00:00:00, 0.03844, 0.03872, 0.03841, 0.03866, 828.43133655
1757462400, 10/09/2025, 00:00:00, 0.03868, 0.03899, 0.038, 0.03816, 1313.85163113
1757548800, 11/09/2025, 00:00:00, 0.03813, 0.03914, 0.03809, 0.0386, 1295.04111064
1757635200, 12/09/2025, 00:00:00, 0.03861, 0.0408, 0.03852, 0.04062, 7129.84306874
1757721600, 13/09/2025, 00:00:00, 0.04062, 0.0411, 0.03998, 0.04025, 4576.62656362
1757808000, 14/09/2025, 00:00:00, 0.04026, 0.04044, 0.0397, 0.03996, 3109.09278266
1757894400, 15/09/2025, 00:00:00, 0.03996, 0.04028, 0.03892, 0.0392, 1614.23213176
1757980800, 16/09/2025, 00:00:00, 0.03919, 0.03935, 0.03841, 0.03854, 3623.48766537
1758067200, 17/09/2025, 00:00:00, 0.03854, 0.03949, 0.03815, 0.03943, 4907.39480444
1758153600, 18/09/2025, 00:00:00, 0.03944, 0.03971, 0.03896, 0.0392, 4354.07525793
1758240000, 19/09/2025, 00:00:00, 0.03921, 0.03937, 0.03842, 0.03865, 2926.56629284
1758326400, 20/09/2025, 00:00:00, 0.03866, 0.03884, 0.03851, 0.03873, 3542.08494703
1758412800, 21/09/2025, 00:00:00, 0.03873, 0.03893, 0.03851, 0.03858, 1622.55593291
1758499200, 22/09/2025, 00:00:00, 0.03856, 0.03861, 0.03625, 0.03727, 2579.90855967
1758585600, 23/09/2025, 00:00:00, 0.03728, 0.03738, 0.03692, 0.03718, 513.83231053
1758672000, 24/09/2025, 00:00:00, 0.03719, 0.03735, 0.03647, 0.03666, 873.9497601
1758758400, 25/09/2025, 00:00:00, 0.03666, 0.03667, 0.03517, 0.03557, 3089.71468444
1758844800, 26/09/2025, 00:00:00, 0.0356, 0.03695, 0.03554, 0.03677, 1854.19000466
1758931200, 27/09/2025, 00:00:00, 0.03675, 0.03689, 0.0364, 0.03663, 684.68758587
1759017600, 28/09/2025, 00:00:00, 0.03662, 0.03695, 0.03631, 0.03693, 1042.84826166
1759104000, 29/09/2025, 00:00:00, 0.03694, 0.03704, 0.03636, 0.03685, 1298.99694385
1759190400, 30/09/2025, 00:00:00, 0.03684, 0.037, 0.03614, 0.03635, 1529.17715207
1759276800, 01/10/2025, 00:00:00, 0.03636, 0.03712, 0.03609, 0.03668, 2757.31449614
1759363200, 02/10/2025, 00:00:00, 0.03668, 0.03742, 0.03656, 0.0372, 2263.43881371
1759449600, 03/10/2025, 00:00:00, 0.03721, 0.03785, 0.03659, 0.03691, 1496.71648575
1759536000, 04/10/2025, 00:00:00, 0.0369, 0.03697, 0.0365, 0.03666, 550.32333863
1759622400, 05/10/2025, 00:00:00, 0.03667, 0.03705, 0.03645, 0.03656, 1729.74772972
1759708800, 06/10/2025, 00:00:00, 0.03655, 0.03775, 0.03644, 0.03758, 2100.36405847
1759795200, 07/10/2025, 00:00:00, 0.03758, 0.03811, 0.03655, 0.03666, 2177.81706502
1759881600, 08/10/2025, 00:00:00, 0.03664, 0.03681, 0.03628, 0.0367, 852.97806656
1759968000, 09/10/2025, 00:00:00, 0.0367, 0.03677, 0.03544, 0.0359, 1286.39801932
1760054400, 10/10/2025, 00:00:00, 0.03589, 0.037, 0.0326, 0.03396, 6318.40208529
1760140800, 11/10/2025, 00:00:00, 0.03397, 0.03446, 0.03322, 0.03386, 3288.76217402
1760227200, 12/10/2025, 00:00:00, 0.03386, 0.0364, 0.0337, 0.03613, 7746.12112976
1760313600, 13/10/2025, 00:00:00, 0.03611, 0.03706, 0.03559, 0.03684, 3128.44306923
1760400000, 14/10/2025, 00:00:00, 0.03685, 0.03694, 0.0353, 0.0365, 3684.72042767
1760486400, 15/10/2025, 00:00:00, 0.03649, 0.03714, 0.03555, 0.036, 2353.2797219
1760572800, 16/10/2025, 00:00:00, 0.036, 0.03652, 0.03558, 0.03599, 2052.26743399
1760659200, 17/10/2025, 00:00:00, 0.036, 0.0362, 0.03529, 0.03601, 2457.72137561
1760745600, 18/10/2025, 00:00:00, 0.036, 0.03661, 0.03592, 0.03629, 867.21929081
1760832000, 19/10/2025, 00:00:00, 0.03629, 0.03692, 0.03595, 0.03666, 1801.23687019
1760918400, 20/10/2025, 00:00:00, 0.03665, 0.03671, 0.03555, 0.03599, 1391.42536762
1761004800, 21/10/2025, 00:00:00, 0.036, 0.03614, 0.03537, 0.03573, 2234.62116304
1761091200, 22/10/2025, 00:00:00, 0.03571, 0.03582, 0.03479, 0.03537, 2590.02485479
1761177600, 23/10/2025, 00:00:00, 0.03538, 0.03562, 0.0349, 0.03504, 1684.45988588
1761264000, 24/10/2025, 00:00:00, 0.03504, 0.03589, 0.03493, 0.03543, 1540.16697422
1761350400, 25/10/2025, 00:00:00, 0.03544, 0.0355, 0.03522, 0.03541, 394.81433433
1761436800, 26/10/2025, 00:00:00, 0.0354, 0.03644, 0.03513, 0.03632, 1320.249786
1761523200, 27/10/2025, 00:00:00, 0.03632, 0.0368, 0.03588, 0.0361, 1505.56641692
1761609600, 28/10/2025, 00:00:00, 0.03609, 0.03619, 0.03503, 0.03525, 1333.37701991
1761696000, 29/10/2025, 00:00:00, 0.03526, 0.03591, 0.03508, 0.03547, 1631.40620333
1761782400, 30/10/2025, 00:00:00, 0.03548, 0.03588, 0.03456, 0.03508, 1374.23617075
1761868800, 31/10/2025, 00:00:00, 0.03508, 0.03545, 0.03487, 0.03511, 1598.52809665
1761955200, 01/11/2025, 00:00:00, 0.03514, 0.03541, 0.035, 0.03516, 306.47779873
1762041600, 02/11/2025, 00:00:00, 0.03516, 0.03538, 0.03481, 0.03534, 500.74159076
1762128000, 03/11/2025, 00:00:00, 0.03533, 0.03536, 0.03352, 0.03381, 2435.840225
1762214400, 04/11/2025, 00:00:00, 0.03381, 0.03425, 0.03091, 0.03238, 6381.52542593
1762300800, 05/11/2025, 00:00:00, 0.03234, 0.03335, 0.03196, 0.03296, 2853.96383291
1762387200, 06/11/2025, 00:00:00, 0.03295, 0.03322, 0.03224, 0.03274, 2129.69525098
1762473600, 07/11/2025, 00:00:00, 0.03272, 0.03353, 0.03208, 0.03326, 1971.00559778
1762560000, 08/11/2025, 00:00:00, 0.03325, 0.03394, 0.03301, 0.03323, 1453.92690057
1762646400, 09/11/2025, 00:00:00, 0.03323, 0.03437, 0.03309, 0.03423, 1467.69689834
1762732800, 10/11/2025, 00:00:00, 0.0342, 0.03442, 0.03344, 0.03365, 1787.0347
1762819200, 11/11/2025, 00:00:00, 0.03365, 0.03444, 0.03313, 0.03316, 2324.67696253
1762905600, 12/11/2025, 00:00:00, 0.03316, 0.03412, 0.03316, 0.03359, 2358.75006244
1762992000, 13/11/2025, 00:00:00, 0.03359, 0.03435, 0.03214, 0.03241, 5626.11428578
1763078400, 14/11/2025, 00:00:00, 0.03242, 0.0336, 0.03212, 0.03292, 3697.48854031
1763164800, 15/11/2025, 00:00:00, 0.03293, 0.03355, 0.03276, 0.03314, 856.13234354
1763251200, 16/11/2025, 00:00:00, 0.03314, 0.03364, 0.03225, 0.03282, 2895.25171591
1763337600, 17/11/2025, 00:00:00, 0.03282, 0.0336, 0.03236, 0.03287, 2914.37780031
1763424000, 18/11/2025, 00:00:00, 0.03287, 0.0339, 0.0326, 0.0336, 3088.72848446
1763510400, 19/11/2025, 00:00:00, 0.0336, 0.03394, 0.03233, 0.03304, 3585.05897946
1763596800, 20/11/2025, 00:00:00, 0.03304, 0.03312, 0.03234, 0.03273, 3589.11867935
1763683200, 21/11/2025, 00:00:00, 0.03273, 0.03303, 0.03213, 0.03248, 4066.57982396
1763769600, 22/11/2025, 00:00:00, 0.0325, 0.03284, 0.03235, 0.03269, 769.21904523
1763856000, 23/11/2025, 00:00:00, 0.03267, 0.03286, 0.03218, 0.03227, 1244.97488636
1763942400, 24/11/2025, 00:00:00, 0.03224, 0.03364, 0.0321, 0.03345, 2870.21644259
1764028800, 25/11/2025, 00:00:00, 0.03343, 0.03399, 0.03299, 0.03389, 2181.49278529
1764115200, 26/11/2025, 00:00:00, 0.03386, 0.0339, 0.0333, 0.03345, 2203.5529012
1764201600, 27/11/2025, 00:00:00, 0.03344, 0.03364, 0.03287, 0.03302, 2522.27830654
1764288000, 28/11/2025, 00:00:00, 0.03304, 0.03357, 0.03293, 0.03337, 1987.09905102
1764374400, 29/11/2025, 00:00:00, 0.03336, 0.0335, 0.0328, 0.03292, 1043.69442307
1764460800, 30/11/2025, 00:00:00, 0.03292, 0.03326, 0.03288, 0.03311, 584.96966474
1764547200, 01/12/2025, 00:00:00, 0.03314, 0.03329, 0.03216, 0.03241, 3656.3672755
1764633600, 02/12/2025, 00:00:00, 0.03242, 0.03324, 0.03219, 0.03281, 3127.17193423
1764720000, 03/12/2025, 00:00:00, 0.03282, 0.03417, 0.03261, 0.03412, 3772.63043933
1764806400, 04/12/2025, 00:00:00, 0.03413, 0.03461, 0.03372, 0.03403, 3205.08516383
1764892800, 05/12/2025, 00:00:00, 0.03405, 0.03453, 0.03359, 0.03384, 3097.41633447
1764979200, 06/12/2025, 00:00:00, 0.03385, 0.03411, 0.03376, 0.03403, 794.32759096
1765065600, 07/12/2025, 00:00:00, 0.03402, 0.0344, 0.03306, 0.03386, 2158.14615229
1765152000, 08/12/2025, 00:00:00, 0.03384, 0.03468, 0.03381, 0.03446, 2368.95720352
1765238400, 09/12/2025, 00:00:00, 0.03446, 0.036, 0.0344, 0.03581, 2359.71540984
