TIMESTAMP, DATE, TIME, OPEN, HIGH, LOW, CLOSE, VOLUME
1467331200, 01/07/2016, 00:00:00, 12.48, 12.54, 11.8, 12.34, 19205.4897143
1467417600, 02/07/2016, 00:00:00, 12.28, 12.45, 12.0, 12.09, 11840.96985278
1467504000, 03/07/2016, 00:00:00, 12.16, 12.16, 11.65, 12.02, 11736.40355589
1467590400, 04/07/2016, 00:00:00, 11.94, 11.99, 11.41, 11.48, 5533.2581474
1467676800, 05/07/2016, 00:00:00, 11.45, 11.48, 9.31, 10.6, 34511.7068254
1467763200, 06/07/2016, 00:00:00, 10.6, 11.0, 10.24, 10.61, 14275.48001113
1467849600, 07/07/2016, 00:00:00, 10.6, 10.7, 9.75, 10.08, 21326.77616712
1467936000, 08/07/2016, 00:00:00, 10.08, 11.8, 10.05, 11.43, 27617.23490332
1468022400, 09/07/2016, 00:00:00, 11.39, 11.57, 10.68, 11.01, 9083.5261648
1468108800, 10/07/2016, 00:00:00, 11.02, 11.3, 10.9, 11.02, 9663.83583708
1468195200, 11/07/2016, 00:00:00, 11.0, 11.16, 10.11, 10.72, 11107.71792781
1468281600, 12/07/2016, 00:00:00, 10.65, 10.98, 10.5, 10.57, 13923.53770765
1468368000, 13/07/2016, 00:00:00, 10.58, 10.65, 10.49, 10.49, 5528.53520559
1468454400, 14/07/2016, 00:00:00, 10.5, 11.78, 10.33, 11.62, 25186.1631715
1468540800, 15/07/2016, 00:00:00, 11.56, 12.75, 11.4, 11.99, 24310.41873758
1468627200, 16/07/2016, 00:00:00, 11.98, 12.4, 11.79, 11.8, 7835.09442747
1468713600, 17/07/2016, 00:00:00, 11.81, 11.92, 11.02, 11.33, 12640.65466527
1468800000, 18/07/2016, 00:00:00, 11.27, 11.93, 11.0, 11.05, 14252.84312825
1468886400, 19/07/2016, 00:00:00, 11.08, 11.98, 11.07, 11.75, 7847.98405008
1468972800, 20/07/2016, 00:00:00, 11.7, 13.0, 11.22, 12.5, 39972.64055705
1469059200, 21/07/2016, 00:00:00, 12.53, 13.09, 12.1, 12.76, 72238.15862963
1469145600, 22/07/2016, 00:00:00, 12.76, 15.11, 12.73, 14.83, 199021.78612215
1469232000, 23/07/2016, 00:00:00, 14.99, 15.39, 14.0, 14.52, 115664.85905823
1469318400, 24/07/2016, 00:00:00, 14.52, 14.57, 12.05, 12.78, 140551.75773818
1469404800, 25/07/2016, 00:00:00, 12.71, 14.01, 12.61, 13.91, 102002.13638217
1469491200, 26/07/2016, 00:00:00, 13.93, 13.95, 11.88, 12.0, 165956.58096664
1469577600, 27/07/2016, 00:00:00, 12.0, 13.4, 11.75, 13.1, 109888.51441769
1469664000, 28/07/2016, 00:00:00, 13.1, 13.14, 12.53, 12.93, 65888.62850025
1469750400, 29/07/2016, 00:00:00, 12.93, 12.95, 12.57, 12.84, 53574.54517222
1469836800, 30/07/2016, 00:00:00, 12.84, 12.88, 12.49, 12.49, 38688.56312304
1469923200, 31/07/2016, 00:00:00, 12.49, 12.67, 11.61, 11.99, 57176.02478705
1470009600, 01/08/2016, 00:00:00, 11.98, 12.12, 10.8, 10.95, 91877.26285049
1470096000, 02/08/2016, 00:00:00, 10.9, 11.31, 6.68, 8.78, 195130.59686567
1470182400, 03/08/2016, 00:00:00, 8.68, 10.78, 8.54, 10.68, 215583.512364
1470268800, 04/08/2016, 00:00:00, 10.6, 11.55, 10.42, 11.32, 99077.49496569
1470355200, 05/08/2016, 00:00:00, 11.3, 11.4, 10.81, 11.18, 47211.47460946
1470441600, 06/08/2016, 00:00:00, 11.18, 11.18, 10.42, 11.01, 34961.5442009
1470528000, 07/08/2016, 00:00:00, 11.0, 11.25, 10.84, 10.99, 30029.04625241
1470614400, 08/08/2016, 00:00:00, 10.99, 11.42, 10.94, 11.34, 30922.78458975
1470700800, 09/08/2016, 00:00:00, 11.33, 12.48, 11.24, 12.28, 84417.44258041
1470787200, 10/08/2016, 00:00:00, 12.28, 12.91, 11.87, 12.21, 146626.25933812
1470873600, 11/08/2016, 00:00:00, 12.22, 12.39, 11.6, 11.73, 54926.88562361
1470960000, 12/08/2016, 00:00:00, 11.73, 12.08, 11.65, 11.81, 30677.55295917
1471046400, 13/08/2016, 00:00:00, 11.8, 11.86, 11.54, 11.61, 28354.66338244
1471132800, 14/08/2016, 00:00:00, 11.61, 11.76, 11.2, 11.28, 25765.64425382
1471219200, 15/08/2016, 00:00:00, 11.28, 11.52, 11.02, 11.3, 33109.31343517
1471305600, 16/08/2016, 00:00:00, 11.3, 11.38, 11.0, 11.18, 51006.91887219
1471392000, 17/08/2016, 00:00:00, 11.18, 11.26, 10.69, 10.82, 40056.82719069
1471478400, 18/08/2016, 00:00:00, 10.82, 11.06, 10.76, 10.77, 35781.19456056
1471564800, 19/08/2016, 00:00:00, 10.77, 10.86, 10.65, 10.77, 29172.24769995
1471651200, 20/08/2016, 00:00:00, 10.77, 11.37, 10.7, 11.3, 35237.83119915
1471737600, 21/08/2016, 00:00:00, 11.3, 11.3, 10.98, 11.21, 17991.20253784
1471824000, 22/08/2016, 00:00:00, 11.17, 11.34, 11.04, 11.1, 36422.56390129
1471910400, 23/08/2016, 00:00:00, 11.1, 11.2, 10.85, 11.0, 32543.67623417
1471996800, 24/08/2016, 00:00:00, 11.0, 11.16, 10.98, 11.01, 24028.11262635
1472083200, 25/08/2016, 00:00:00, 11.01, 11.35, 10.99, 11.34, 28931.96029963
1472169600, 26/08/2016, 00:00:00, 11.34, 11.47, 11.2, 11.28, 27315.07630676
1472256000, 27/08/2016, 00:00:00, 11.27, 11.28, 11.17, 11.18, 19819.1825905
1472342400, 28/08/2016, 00:00:00, 11.18, 11.19, 10.97, 11.01, 18597.57337445
1472428800, 29/08/2016, 00:00:00, 11.01, 11.16, 10.8, 10.95, 31692.28420368
1472515200, 30/08/2016, 00:00:00, 10.95, 11.25, 10.95, 11.21, 26085.36423008
1472601600, 31/08/2016, 00:00:00, 11.21, 11.7, 11.09, 11.7, 37764.85035055
1472688000, 01/09/2016, 00:00:00, 11.66, 12.5, 11.57, 12.05, 86923.53623039
1472774400, 02/09/2016, 00:00:00, 12.04, 12.35, 11.95, 12.15, 40624.95260066
1472860800, 03/09/2016, 00:00:00, 12.15, 12.47, 11.6, 11.88, 37685.4071003
1472947200, 04/09/2016, 00:00:00, 11.84, 11.88, 11.54, 11.77, 19087.25431474
1473033600, 05/09/2016, 00:00:00, 11.77, 11.84, 11.62, 11.76, 14082.01283621
1473120000, 06/09/2016, 00:00:00, 11.75, 11.76, 11.5, 11.71, 27155.23259948
1473206400, 07/09/2016, 00:00:00, 11.75, 11.9, 11.53, 11.58, 33512.36863088
1473292800, 08/09/2016, 00:00:00, 11.55, 11.7, 11.31, 11.39, 31912.58143522
1473379200, 09/09/2016, 00:00:00, 11.39, 11.69, 11.34, 11.64, 21564.69540449
1473465600, 10/09/2016, 00:00:00, 11.64, 12.21, 11.55, 12.21, 20050.67411838
1473552000, 11/09/2016, 00:00:00, 12.2, 12.21, 11.6, 11.65, 25284.19288293
1473638400, 12/09/2016, 00:00:00, 11.64, 11.95, 11.64, 11.86, 20983.23937881
1473724800, 13/09/2016, 00:00:00, 11.87, 12.08, 11.84, 11.92, 29477.73756322
1473811200, 14/09/2016, 00:00:00, 11.92, 12.03, 11.8, 11.91, 24242.33658977
1473897600, 15/09/2016, 00:00:00, 11.91, 12.1, 11.91, 11.96, 23164.41465827
1473984000, 16/09/2016, 00:00:00, 11.95, 12.76, 11.86, 12.58, 56290.96301989
1474070400, 17/09/2016, 00:00:00, 12.58, 12.99, 12.41, 12.79, 33762.67691171
1474156800, 18/09/2016, 00:00:00, 12.8, 12.98, 12.33, 12.64, 55642.67412855
1474243200, 19/09/2016, 00:00:00, 12.64, 13.2, 12.61, 13.17, 37963.90128102
1474329600, 20/09/2016, 00:00:00, 13.18, 15.25, 13.1, 14.56, 103258.24414717
1474416000, 21/09/2016, 00:00:00, 14.98, 15.2, 13.16, 13.76, 86878.31339992
1474502400, 22/09/2016, 00:00:00, 13.77, 13.77, 12.33, 13.2, 69158.51094682
1474588800, 23/09/2016, 00:00:00, 13.21, 13.45, 13.14, 13.37, 25435.93131045
1474675200, 24/09/2016, 00:00:00, 13.37, 13.41, 12.62, 12.97, 36744.51623709
1474761600, 25/09/2016, 00:00:00, 12.96, 13.18, 12.8, 13.12, 19609.30272338
1474848000, 26/09/2016, 00:00:00, 13.14, 13.15, 12.83, 12.84, 23612.37515815
1474934400, 27/09/2016, 00:00:00, 12.85, 13.25, 12.85, 13.09, 28030.75843558
1475020800, 28/09/2016, 00:00:00, 13.09, 13.58, 13.09, 13.32, 43267.65943128
1475107200, 29/09/2016, 00:00:00, 13.31, 13.39, 13.1, 13.11, 36907.16255685
1475193600, 30/09/2016, 00:00:00, 13.11, 13.39, 13.08, 13.23, 33018.43006697
1475280000, 01/10/2016, 00:00:00, 13.23, 13.31, 13.09, 13.22, 32857.12250033
1475366400, 02/10/2016, 00:00:00, 13.23, 13.31, 13.19, 13.28, 20487.3243321
1475452800, 03/10/2016, 00:00:00, 13.29, 13.56, 13.25, 13.51, 36084.40484462
1475539200, 04/10/2016, 00:00:00, 13.52, 13.58, 13.24, 13.32, 54546.99415642
1475625600, 05/10/2016, 00:00:00, 13.34, 13.45, 13.08, 13.09, 36972.42755302
1475712000, 06/10/2016, 00:00:00, 13.09, 13.18, 12.68, 12.86, 48476.08066793
1475798400, 07/10/2016, 00:00:00, 12.88, 13.08, 12.5, 12.7, 53435.17624298
1475884800, 08/10/2016, 00:00:00, 12.7, 12.74, 12.06, 12.26, 33575.16553442
1475971200, 09/10/2016, 00:00:00, 12.22, 12.43, 12.02, 12.1, 24643.27120188
1476057600, 10/10/2016, 00:00:00, 12.1, 12.18, 11.62, 11.78, 48881.85295965
1476144000, 11/10/2016, 00:00:00, 11.78, 12.24, 11.7, 11.77, 37428.62847419
1476230400, 12/10/2016, 00:00:00, 11.77, 12.11, 11.68, 11.92, 35966.20680253
1476316800, 13/10/2016, 00:00:00, 11.92, 12.11, 11.72, 11.87, 33573.94475711
1476403200, 14/10/2016, 00:00:00, 11.88, 12.07, 11.84, 11.92, 36671.12333652
1476489600, 15/10/2016, 00:00:00, 11.91, 11.97, 11.78, 11.95, 21325.87373761
1476576000, 16/10/2016, 00:00:00, 11.96, 12.05, 11.9, 11.95, 16434.51951062
1476662400, 17/10/2016, 00:00:00, 11.95, 11.99, 11.83, 11.96, 29086.86618026
1476748800, 18/10/2016, 00:00:00, 11.96, 12.94, 11.95, 12.54, 46033.28690624
1476835200, 19/10/2016, 00:00:00, 12.55, 12.65, 11.88, 12.01, 39153.6350369
1476921600, 20/10/2016, 00:00:00, 12.01, 12.26, 11.92, 12.06, 30258.77366766
1477008000, 21/10/2016, 00:00:00, 12.07, 12.13, 11.96, 12.05, 19934.99934351
1477094400, 22/10/2016, 00:00:00, 12.05, 12.14, 11.87, 12.03, 25534.43284617
1477180800, 23/10/2016, 00:00:00, 12.04, 12.06, 11.87, 11.94, 20447.6787279
1477267200, 24/10/2016, 00:00:00, 11.93, 11.99, 11.89, 11.92, 22587.73970274
1477353600, 25/10/2016, 00:00:00, 11.91, 11.95, 11.05, 11.33, 73843.36530765
1477440000, 26/10/2016, 00:00:00, 11.32, 11.7, 11.32, 11.49, 43365.69437554
1477526400, 27/10/2016, 00:00:00, 11.49, 11.57, 11.22, 11.48, 43041.55366569
1477612800, 28/10/2016, 00:00:00, 11.49, 11.63, 10.93, 11.13, 49280.81055404
1477699200, 29/10/2016, 00:00:00, 11.14, 11.35, 9.52, 10.47, 88253.02376514
1477785600, 30/10/2016, 00:00:00, 10.45, 11.45, 10.35, 11.19, 43247.01519783
1477872000, 31/10/2016, 00:00:00, 11.2, 11.44, 10.85, 10.97, 34573.58358316
1477958400, 01/11/2016, 00:00:00, 10.97, 11.25, 10.35, 10.84, 72257.87837691
1478044800, 02/11/2016, 00:00:00, 10.84, 11.17, 10.72, 10.83, 39938.25548255
1478131200, 03/11/2016, 00:00:00, 10.82, 11.14, 10.77, 10.87, 51296.3181471
1478217600, 04/11/2016, 00:00:00, 10.87, 11.16, 10.81, 11.15, 34173.19268052
1478304000, 05/11/2016, 00:00:00, 11.16, 11.24, 11.01, 11.16, 22486.50204423
1478390400, 06/11/2016, 00:00:00, 11.16, 11.2, 10.92, 11.01, 20054.20708478
1478476800, 07/11/2016, 00:00:00, 11.01, 11.06, 10.9, 10.93, 28151.129996
1478563200, 08/11/2016, 00:00:00, 10.93, 11.01, 10.81, 10.84, 41425.93379279
1478649600, 09/11/2016, 00:00:00, 10.83, 10.86, 10.28, 10.62, 73175.2243969
1478736000, 10/11/2016, 00:00:00, 10.64, 10.68, 10.44, 10.51, 26510.99928124
1478822400, 11/11/2016, 00:00:00, 10.51, 10.72, 10.16, 10.29, 44519.98049712
1478908800, 12/11/2016, 00:00:00, 10.29, 10.34, 9.65, 9.95, 46389.01102957
1478995200, 13/11/2016, 00:00:00, 9.92, 10.41, 9.82, 10.14, 26632.72759074
1479081600, 14/11/2016, 00:00:00, 10.13, 10.19, 9.93, 10.02, 29852.22718226
1479168000, 15/11/2016, 00:00:00, 10.0, 10.3, 9.81, 10.27, 30112.61210255
1479254400, 16/11/2016, 00:00:00, 10.27, 10.42, 9.82, 10.0, 42878.9240058
1479340800, 17/11/2016, 00:00:00, 10.0, 10.13, 9.8, 9.91, 48661.31895181
1479427200, 18/11/2016, 00:00:00, 9.9, 9.97, 9.45, 9.51, 55819.74097787
1479513600, 19/11/2016, 00:00:00, 9.51, 9.78, 9.45, 9.68, 25492.17245913
1479600000, 20/11/2016, 00:00:00, 9.69, 9.78, 9.52, 9.6, 25186.76775388
1479686400, 21/11/2016, 00:00:00, 9.58, 9.65, 9.41, 9.54, 28988.66220382
1479772800, 22/11/2016, 00:00:00, 9.53, 10.21, 9.49, 9.87, 38033.8677779
1479859200, 23/11/2016, 00:00:00, 9.87, 9.93, 9.73, 9.8, 21427.23282124
1479945600, 24/11/2016, 00:00:00, 9.8, 9.82, 8.68, 9.18, 67233.11391859
1480032000, 25/11/2016, 00:00:00, 9.19, 9.74, 9.16, 9.4, 21992.7200396
1480118400, 26/11/2016, 00:00:00, 9.42, 9.48, 9.26, 9.33, 17875.33366307
1480204800, 27/11/2016, 00:00:00, 9.33, 9.33, 8.66, 8.98, 61939.50710924
1480291200, 28/11/2016, 00:00:00, 8.97, 9.0, 8.63, 8.67, 46708.57126503
1480377600, 29/11/2016, 00:00:00, 8.67, 8.72, 7.79, 8.14, 84684.16746046
1480464000, 30/11/2016, 00:00:00, 8.14, 8.75, 8.14, 8.61, 57443.67791609
1480550400, 01/12/2016, 00:00:00, 8.59, 8.68, 8.3, 8.45, 42193.04172297
1480636800, 02/12/2016, 00:00:00, 8.46, 8.46, 7.27, 7.73, 118183.25313796
1480723200, 03/12/2016, 00:00:00, 7.73, 8.12, 7.34, 7.86, 57901.27746199
1480809600, 04/12/2016, 00:00:00, 7.87, 7.92, 7.35, 7.37, 45053.36838461
1480896000, 05/12/2016, 00:00:00, 7.39, 7.58, 6.56, 6.75, 93549.91705137
1480982400, 06/12/2016, 00:00:00, 6.76, 7.99, 5.81, 7.83, 169727.89511206
1481068800, 07/12/2016, 00:00:00, 7.83, 8.6, 7.33, 8.35, 91022.39199888
1481155200, 08/12/2016, 00:00:00, 8.35, 8.95, 8.2, 8.2, 69191.58131147
1481241600, 09/12/2016, 00:00:00, 8.21, 8.65, 7.97, 8.47, 60616.06116836
1481328000, 10/12/2016, 00:00:00, 8.46, 8.55, 8.04, 8.14, 44650.73726691
1481414400, 11/12/2016, 00:00:00, 8.14, 8.26, 8.11, 8.23, 22169.58367344
1481500800, 12/12/2016, 00:00:00, 8.23, 8.62, 8.18, 8.5, 44454.92057029
1481587200, 13/12/2016, 00:00:00, 8.53, 8.57, 8.35, 8.41, 37242.66222809
1481673600, 14/12/2016, 00:00:00, 8.4, 8.48, 8.19, 8.24, 34073.30998726
1481760000, 15/12/2016, 00:00:00, 8.24, 8.32, 7.64, 7.83, 74745.17121022
1481846400, 16/12/2016, 00:00:00, 7.85, 7.95, 7.77, 7.84, 33701.60810742
1481932800, 17/12/2016, 00:00:00, 7.84, 7.93, 7.51, 7.85, 37375.06272
1482019200, 18/12/2016, 00:00:00, 7.84, 7.97, 7.69, 7.92, 21241.08083959
1482105600, 19/12/2016, 00:00:00, 7.92, 7.95, 7.57, 7.64, 41333.50672096
1482192000, 20/12/2016, 00:00:00, 7.65, 7.77, 7.55, 7.64, 28560.53439842
1482278400, 21/12/2016, 00:00:00, 7.64, 7.97, 7.64, 7.91, 46350.30741928
1482364800, 22/12/2016, 00:00:00, 7.93, 7.95, 7.5, 7.55, 86905.17310973
1482451200, 23/12/2016, 00:00:00, 7.54, 7.67, 7.01, 7.13, 95553.44592549
1482537600, 24/12/2016, 00:00:00, 7.14, 7.46, 7.08, 7.22, 29874.25951248
1482624000, 25/12/2016, 00:00:00, 7.23, 7.34, 7.12, 7.19, 26438.83510247
1482710400, 26/12/2016, 00:00:00, 7.18, 7.33, 7.02, 7.26, 26970.32002986
1482796800, 27/12/2016, 00:00:00, 7.23, 7.37, 7.05, 7.16, 45356.90645935
1482883200, 28/12/2016, 00:00:00, 7.15, 7.72, 7.05, 7.62, 98303.43480063
1482969600, 29/12/2016, 00:00:00, 7.6, 8.53, 7.6, 8.29, 152526.66075647
1483056000, 30/12/2016, 00:00:00, 8.3, 8.52, 8.01, 8.21, 66140.23918059
1483142400, 31/12/2016, 00:00:00, 8.2, 8.29, 8.0, 8.16, 43418.8498603
1483228800, 01/01/2017, 00:00:00, 8.16, 8.6, 8.08, 8.18, 59519.78894094
1483315200, 02/01/2017, 00:00:00, 8.2, 8.53, 8.05, 8.38, 70490.23263029
1483401600, 03/01/2017, 00:00:00, 8.38, 10.02, 8.24, 9.59, 193090.5325617
1483488000, 04/01/2017, 00:00:00, 9.62, 11.17, 9.34, 11.17, 249702.49312189
1483574400, 05/01/2017, 00:00:00, 11.13, 11.8, 9.08, 10.23, 318195.64966402
1483660800, 06/01/2017, 00:00:00, 10.23, 10.46, 9.52, 10.14, 139579.01357529
1483747200, 07/01/2017, 00:00:00, 10.14, 10.21, 9.55, 9.92, 68202.88241145
1483833600, 08/01/2017, 00:00:00, 9.92, 10.58, 9.89, 10.5, 62882.92455958
1483920000, 09/01/2017, 00:00:00, 10.5, 10.94, 10.23, 10.39, 71537.68592965
1484006400, 10/01/2017, 00:00:00, 10.41, 10.75, 10.34, 10.63, 55080.01658617
1484092800, 11/01/2017, 00:00:00, 10.63, 10.84, 9.47, 9.95, 156690.86721608
1484179200, 12/01/2017, 00:00:00, 9.96, 10.17, 9.12, 9.8, 79647.24561381
1484265600, 13/01/2017, 00:00:00, 9.81, 9.91, 9.51, 9.84, 77394.58240566
1484352000, 14/01/2017, 00:00:00, 9.84, 9.94, 9.69, 9.86, 37283.35356003
1484438400, 15/01/2017, 00:00:00, 9.86, 10.05, 9.8, 9.9, 27754.14426025
1484524800, 16/01/2017, 00:00:00, 9.91, 10.23, 9.56, 9.66, 63109.15135822
1484611200, 17/01/2017, 00:00:00, 9.66, 10.53, 9.65, 10.34, 70391.9885457
1484697600, 18/01/2017, 00:00:00, 10.33, 10.51, 9.99, 10.23, 62955.27909693
1484784000, 19/01/2017, 00:00:00, 10.24, 10.5, 10.18, 10.42, 47611.24661444
1484870400, 20/01/2017, 00:00:00, 10.46, 10.81, 10.42, 10.62, 59455.01891867
1484956800, 21/01/2017, 00:00:00, 10.65, 11.06, 10.58, 10.93, 60044.83210136
1485043200, 22/01/2017, 00:00:00, 10.94, 11.07, 10.66, 10.77, 49893.01076167
1485129600, 23/01/2017, 00:00:00, 10.77, 10.85, 10.65, 10.8, 35338.62281061
1485216000, 24/01/2017, 00:00:00, 10.79, 10.92, 10.51, 10.57, 55179.70253114
1485302400, 25/01/2017, 00:00:00, 10.57, 10.66, 10.43, 10.55, 41045.88754223
1485388800, 26/01/2017, 00:00:00, 10.54, 10.67, 10.5, 10.6, 43444.18171844
1485475200, 27/01/2017, 00:00:00, 10.61, 10.64, 10.42, 10.55, 45845.48034511
1485561600, 28/01/2017, 00:00:00, 10.55, 10.58, 10.47, 10.58, 26322.92714156
1485648000, 29/01/2017, 00:00:00, 10.58, 10.58, 10.46, 10.49, 19237.12895493
1485734400, 30/01/2017, 00:00:00, 10.5, 10.71, 10.37, 10.6, 42007.88104909
1485820800, 31/01/2017, 00:00:00, 10.59, 10.79, 10.58, 10.7, 40509.60288467
1485907200, 01/02/2017, 00:00:00, 10.7, 10.86, 10.51, 10.72, 58400.82763664
1485993600, 02/02/2017, 00:00:00, 10.73, 10.86, 10.62, 10.82, 48583.70326323
1486080000, 03/02/2017, 00:00:00, 10.82, 10.99, 10.67, 10.99, 49696.94671619
1486166400, 04/02/2017, 00:00:00, 10.99, 11.45, 10.98, 11.41, 89642.39949355
1486252800, 05/02/2017, 00:00:00, 11.39, 11.44, 11.15, 11.26, 39382.95306944
1486339200, 06/02/2017, 00:00:00, 11.27, 11.42, 11.22, 11.34, 47907.3447215
1486425600, 07/02/2017, 00:00:00, 11.33, 11.59, 11.29, 11.51, 57274.01020311
1486512000, 08/02/2017, 00:00:00, 11.51, 11.65, 11.15, 11.41, 88158.86526488
1486598400, 09/02/2017, 00:00:00, 11.41, 11.54, 10.61, 11.02, 118356.17173816
1486684800, 10/02/2017, 00:00:00, 11.02, 11.48, 10.88, 11.43, 69285.63535576
1486771200, 11/02/2017, 00:00:00, 11.44, 11.52, 11.34, 11.52, 35280.52010547
1486857600, 12/02/2017, 00:00:00, 11.51, 11.54, 11.4, 11.5, 23350.56327133
1486944000, 13/02/2017, 00:00:00, 11.5, 11.54, 11.21, 11.43, 50130.29677266
1487030400, 14/02/2017, 00:00:00, 11.42, 14.7, 11.39, 13.14, 260872.34248683
1487116800, 15/02/2017, 00:00:00, 13.16, 13.2, 12.66, 12.98, 117752.61105449
1487203200, 16/02/2017, 00:00:00, 12.98, 13.03, 12.62, 12.89, 89348.20727242
1487289600, 17/02/2017, 00:00:00, 12.92, 12.95, 12.71, 12.75, 90714.24317995
1487376000, 18/02/2017, 00:00:00, 12.77, 12.93, 12.77, 12.89, 45730.92082413
1487462400, 19/02/2017, 00:00:00, 12.87, 12.95, 12.79, 12.9, 34815.25412059
1487548800, 20/02/2017, 00:00:00, 12.9, 12.95, 12.56, 12.61, 70683.04381469
1487635200, 21/02/2017, 00:00:00, 12.59, 12.87, 12.3, 12.83, 99099.33659705
1487721600, 22/02/2017, 00:00:00, 12.83, 12.99, 12.68, 12.75, 83638.11582907
1487808000, 23/02/2017, 00:00:00, 12.74, 13.37, 12.73, 13.21, 101645.2415701
1487894400, 24/02/2017, 00:00:00, 13.22, 13.33, 12.81, 13.2, 141593.77689977
1487980800, 25/02/2017, 00:00:00, 13.18, 13.87, 13.06, 13.65, 96882.62283402
1488067200, 26/02/2017, 00:00:00, 13.64, 14.84, 13.4, 14.74, 100654.43777812
1488153600, 27/02/2017, 00:00:00, 14.74, 16.32, 14.37, 15.66, 228006.55645929
1488240000, 28/02/2017, 00:00:00, 15.66, 16.94, 15.21, 16.4, 345271.59116257
1488326400, 01/03/2017, 00:00:00, 15.75, 17.58, 15.68, 17.37, 251745.10779028
1488412800, 02/03/2017, 00:00:00, 17.46, 19.99, 16.88, 19.27, 353524.92611792
1488499200, 03/03/2017, 00:00:00, 19.27, 21.49, 18.2, 19.68, 418297.89550869
1488585600, 04/03/2017, 00:00:00, 19.61, 20.4, 18.65, 18.65, 150803.54752055
1488672000, 05/03/2017, 00:00:00, 18.65, 19.45, 18.18, 19.4, 128246.54175649
1488758400, 06/03/2017, 00:00:00, 19.39, 20.24, 19.17, 19.68, 141853.14193665
1488844800, 07/03/2017, 00:00:00, 19.68, 19.77, 18.59, 18.96, 156651.35264277
1488931200, 08/03/2017, 00:00:00, 18.96, 18.96, 16.65, 16.68, 280505.20713503
1489017600, 09/03/2017, 00:00:00, 16.66, 18.29, 16.2, 17.82, 182292.81461265
1489104000, 10/03/2017, 00:00:00, 17.81, 19.7, 17.01, 19.2, 309439.25716125
1489190400, 11/03/2017, 00:00:00, 19.21, 21.89, 18.91, 21.64, 228815.88246844
1489276800, 12/03/2017, 00:00:00, 21.67, 24.25, 21.33, 23.39, 263673.05636486
1489363200, 13/03/2017, 00:00:00, 23.38, 31.1, 23.38, 28.64, 625354.24051185
1489449600, 14/03/2017, 00:00:00, 28.63, 30.0, 27.16, 28.69, 226096.64753758
1489536000, 15/03/2017, 00:00:00, 28.69, 35.86, 28.5, 35.65, 408524.96947696
1489622400, 16/03/2017, 00:00:00, 35.66, 47.03, 35.65, 45.96, 732580.28886923
1489708800, 17/03/2017, 00:00:00, 45.97, 57.67, 35.04, 44.62, 719985.84989644
1489795200, 18/03/2017, 00:00:00, 44.62, 45.0, 30.7, 33.64, 569966.50109942
1489881600, 19/03/2017, 00:00:00, 34.03, 45.64, 33.78, 43.21, 459232.39385515
1489968000, 20/03/2017, 00:00:00, 43.21, 45.25, 40.86, 42.31, 229608.94221823
1490054400, 21/03/2017, 00:00:00, 42.37, 43.68, 41.76, 42.36, 153385.24652058
1490140800, 22/03/2017, 00:00:00, 42.39, 42.59, 38.26, 41.37, 215331.31154119
1490227200, 23/03/2017, 00:00:00, 41.33, 43.97, 40.33, 42.99, 176283.58226551
1490313600, 24/03/2017, 00:00:00, 42.92, 53.44, 42.5, 52.93, 412077.11150094
1490400000, 25/03/2017, 00:00:00, 52.93, 53.4, 47.29, 50.5, 322875.49976772
1490486400, 26/03/2017, 00:00:00, 50.61, 51.5, 48.51, 50.73, 139381.60730493
1490572800, 27/03/2017, 00:00:00, 50.74, 51.71, 48.28, 48.97, 167954.10960827
1490659200, 28/03/2017, 00:00:00, 48.97, 50.44, 48.51, 50.3, 148961.43460651
1490745600, 29/03/2017, 00:00:00, 50.29, 53.97, 50.11, 53.1, 242696.94276526
1490832000, 30/03/2017, 00:00:00, 53.11, 53.34, 51.52, 51.88, 133949.75343624
1490918400, 31/03/2017, 00:00:00, 51.87, 52.41, 46.98, 50.18, 248184.61398357
1491004800, 01/04/2017, 00:00:00, 50.17, 51.85, 48.85, 50.71, 90500.31838149
1491091200, 02/04/2017, 00:00:00, 50.72, 51.19, 48.14, 48.74, 150244.53593327
1491177600, 03/04/2017, 00:00:00, 48.74, 48.97, 42.39, 44.25, 324319.06028293
1491264000, 04/04/2017, 00:00:00, 44.33, 46.25, 41.45, 44.47, 218472.02147232
1491350400, 05/04/2017, 00:00:00, 44.45, 47.63, 44.2, 44.78, 153161.83660282
1491436800, 06/04/2017, 00:00:00, 44.97, 45.97, 41.1, 43.3, 172306.59173301
1491523200, 07/04/2017, 00:00:00, 43.31, 44.64, 41.57, 42.32, 106456.14070104
1491609600, 08/04/2017, 00:00:00, 42.32, 45.5, 42.31, 44.45, 78801.726831
1491696000, 09/04/2017, 00:00:00, 44.5, 44.74, 42.72, 43.92, 56534.48029788
1491782400, 10/04/2017, 00:00:00, 43.92, 44.65, 42.72, 43.92, 68377.98513004
1491868800, 11/04/2017, 00:00:00, 43.92, 44.5, 43.55, 43.83, 55284.12760715
1491955200, 12/04/2017, 00:00:00, 43.84, 47.88, 43.58, 46.48, 124468.48627904
1492041600, 13/04/2017, 00:00:00, 46.48, 51.11, 46.22, 49.77, 175187.47016084
1492128000, 14/04/2017, 00:00:00, 49.86, 50.0, 46.52, 47.2, 85109.7751633
1492214400, 15/04/2017, 00:00:00, 47.19, 74.98, 46.78, 48.94, 43693.04585819
1492300800, 16/04/2017, 00:00:00, 48.93, 49.25, 47.5, 48.13, 42384.56530848
1492387200, 17/04/2017, 00:00:00, 48.19, 48.29, 47.5, 47.94, 54227.36640121
1492473600, 18/04/2017, 00:00:00, 47.94, 49.93, 47.7, 49.79, 81393.9122876
1492560000, 19/04/2017, 00:00:00, 49.85, 50.32, 47.25, 47.78, 103907.90858065
1492646400, 20/04/2017, 00:00:00, 47.71, 49.5, 47.6, 49.38, 93735.58522977
1492732800, 21/04/2017, 00:00:00, 49.39, 49.49, 48.24, 48.37, 76552.53094971
1492819200, 22/04/2017, 00:00:00, 48.38, 49.08, 48.22, 48.61, 59641.96199605
1492905600, 23/04/2017, 00:00:00, 48.58, 49.0, 48.25, 48.96, 53556.71591886
1492992000, 24/04/2017, 00:00:00, 48.95, 50.44, 48.94, 50.12, 87541.85950957
1493078400, 25/04/2017, 00:00:00, 50.11, 50.75, 50.0, 50.31, 76648.08871869
1493164800, 26/04/2017, 00:00:00, 50.28, 54.85, 50.25, 53.42, 188049.80301613
1493251200, 27/04/2017, 00:00:00, 53.4, 63.99, 52.66, 63.67, 307148.30636896
1493337600, 28/04/2017, 00:00:00, 63.65, 74.9, 62.5, 73.14, 442921.18135476
1493424000, 29/04/2017, 00:00:00, 73.17, 74.89, 68.24, 70.4, 243330.29671571
1493510400, 30/04/2017, 00:00:00, 70.37, 82.9, 70.0, 80.87, 272307.30087488
1493596800, 01/05/2017, 00:00:00, 80.72, 85.21, 72.24, 79.35, 417924.11535989
1493683200, 02/05/2017, 00:00:00, 79.05, 83.07, 75.54, 77.55, 211378.02819441
1493769600, 03/05/2017, 00:00:00, 77.55, 81.4, 75.89, 81.29, 217887.00012124
1493856000, 04/05/2017, 00:00:00, 81.19, 96.66, 80.31, 95.97, 356318.1438017
1493942400, 05/05/2017, 00:00:00, 95.98, 98.98, 89.0, 91.93, 241440.1723698
1494028800, 06/05/2017, 00:00:00, 91.94, 96.42, 91.94, 95.84, 111473.40974383
1494115200, 07/05/2017, 00:00:00, 95.74, 97.95, 90.0, 93.82, 146704.7426076
1494201600, 08/05/2017, 00:00:00, 93.83, 94.74, 85.1, 89.25, 212998.74977984
1494288000, 09/05/2017, 00:00:00, 89.25, 90.08, 75.89, 86.58, 274317.97090647
1494374400, 10/05/2017, 00:00:00, 86.77, 91.98, 85.39, 88.36, 143176.40257741
1494460800, 11/05/2017, 00:00:00, 88.36, 90.99, 87.01, 88.3, 115231.87479637
1494547200, 12/05/2017, 00:00:00, 88.3, 90.3, 82.2, 85.17, 135905.56078613
1494633600, 13/05/2017, 00:00:00, 85.19, 88.74, 82.0, 88.42, 88764.58772447
1494720000, 14/05/2017, 00:00:00, 88.38, 89.94, 87.13, 89.39, 53063.13338631
1494806400, 15/05/2017, 00:00:00, 89.42, 94.7, 89.28, 91.0, 131363.64582398
1494892800, 16/05/2017, 00:00:00, 91.0, 92.3, 87.08, 87.98, 127231.00022453
1494979200, 17/05/2017, 00:00:00, 87.97, 89.98, 82.5, 86.88, 152795.43726305
1495065600, 18/05/2017, 00:00:00, 86.88, 96.2, 86.5, 96.2, 173625.24322665
1495152000, 19/05/2017, 00:00:00, 96.2, 129.98, 96.18, 125.14, 484630.316657
1495238400, 20/05/2017, 00:00:00, 125.04, 129.34, 121.0, 123.63, 201025.57359568
1495324800, 21/05/2017, 00:00:00, 123.56, 148.97, 122.0, 148.78, 324006.43960756
1495411200, 22/05/2017, 00:00:00, 148.86, 184.22, 131.22, 160.1, 644273.1716854
1495497600, 23/05/2017, 00:00:00, 160.38, 177.9, 155.7, 169.95, 269504.95674999
1495584000, 24/05/2017, 00:00:00, 169.9, 202.0, 167.7, 196.06, 361470.85784076
1495670400, 25/05/2017, 00:00:00, 196.05, 217.85, 162.04, 181.51, 484975.36393576
1495756800, 26/05/2017, 00:00:00, 181.4, 199.99, 140.0, 163.8, 442739.38733464
1495843200, 27/05/2017, 00:00:00, 163.78, 172.0, 115.67, 159.91, 465437.92029385
1495929600, 28/05/2017, 00:00:00, 159.71, 185.0, 159.59, 175.48, 236048.08435851
1496016000, 29/05/2017, 00:00:00, 175.48, 199.0, 167.0, 194.82, 218954.39607822
1496102400, 30/05/2017, 00:00:00, 194.89, 233.09, 185.0, 228.69, 448799.28541494
1496188800, 31/05/2017, 00:00:00, 228.67, 234.76, 215.42, 229.14, 350748.08045495
1496275200, 01/06/2017, 00:00:00, 229.15, 238.97, 206.02, 221.91, 345620.06538661
1496361600, 02/06/2017, 00:00:00, 221.84, 229.75, 216.5, 222.04, 166454.3515687
1496448000, 03/06/2017, 00:00:00, 221.95, 227.5, 218.56, 224.95, 110291.48994177
1496534400, 04/06/2017, 00:00:00, 224.95, 249.04, 224.0, 245.5, 212990.77161956
1496620800, 05/06/2017, 00:00:00, 245.48, 248.98, 241.2, 248.0, 148012.87141512
1496707200, 06/06/2017, 00:00:00, 247.99, 269.36, 247.0, 264.22, 321257.13754041
1496793600, 07/06/2017, 00:00:00, 264.5, 265.63, 244.98, 255.68, 218451.7317111
1496880000, 08/06/2017, 00:00:00, 255.61, 261.0, 250.0, 258.64, 137027.20512509
1496966400, 09/06/2017, 00:00:00, 258.64, 279.39, 258.63, 279.38, 191150.05975101
1497052800, 10/06/2017, 00:00:00, 279.39, 358.46, 278.03, 340.2, 424269.45519765
1497139200, 11/06/2017, 00:00:00, 340.13, 355.0, 317.05, 343.01, 251526.11642898
1497225600, 12/06/2017, 00:00:00, 343.29, 420.0, 306.11, 397.37, 535807.37275223
1497312000, 13/06/2017, 00:00:00, 397.36, 400.0, 359.75, 388.0, 270476.84967737
1497398400, 14/06/2017, 00:00:00, 388.0, 394.47, 315.0, 341.7, 373882.12090848
1497484800, 15/06/2017, 00:00:00, 341.7, 356.29, 253.0, 343.71, 750552.70232997
1497571200, 16/06/2017, 00:00:00, 343.71, 364.0, 314.0, 354.26, 256375.67115986
1497657600, 17/06/2017, 00:00:00, 354.26, 369.0, 341.65, 368.98, 144149.67943169
1497744000, 18/06/2017, 00:00:00, 368.99, 381.66, 340.11, 351.85, 156569.03884936
1497830400, 19/06/2017, 00:00:00, 351.84, 362.5, 346.88, 358.71, 103120.69222457
1497916800, 20/06/2017, 00:00:00, 358.71, 365.79, 325.0, 350.94, 209201.65923438
1498003200, 21/06/2017, 00:00:00, 350.94, 352.0, 0.1, 325.41, 441449.72983966
1498089600, 22/06/2017, 00:00:00, 327.36, 336.68, 305.0, 320.02, 149181.79483138
1498176000, 23/06/2017, 00:00:00, 320.02, 332.95, 316.66, 326.99, 77450.68733618
1498262400, 24/06/2017, 00:00:00, 326.98, 330.7, 295.55, 304.5, 131625.76300771
1498348800, 25/06/2017, 00:00:00, 304.5, 310.0, 251.3, 278.49, 263539.27127496
1498435200, 26/06/2017, 00:00:00, 278.49, 293.0, 206.5, 252.99, 572327.07792308
1498521600, 27/06/2017, 00:00:00, 252.97, 288.51, 211.0, 287.23, 469363.14454721
1498608000, 28/06/2017, 00:00:00, 287.27, 323.69, 260.11, 315.32, 401411.43973853
1498694400, 29/06/2017, 00:00:00, 315.32, 322.9, 286.22, 292.95, 204009.03186533
1498780800, 30/06/2017, 00:00:00, 292.95, 306.5, 270.5, 280.04, 232770.11496367
1498867200, 01/07/2017, 00:00:00, 280.03, 281.98, 253.23, 263.12, 179041.22371058
1498953600, 02/07/2017, 00:00:00, 263.12, 293.73, 255.7, 285.0, 191572.82260716
1499040000, 03/07/2017, 00:00:00, 285.0, 285.0, 273.07, 276.37, 126101.36349921
1499126400, 04/07/2017, 00:00:00, 276.37, 282.83, 265.0, 269.2, 109679.71817595
1499212800, 05/07/2017, 00:00:00, 269.18, 274.97, 252.67, 266.27, 166163.90647145
1499299200, 06/07/2017, 00:00:00, 266.27, 275.0, 261.59, 266.01, 86798.37421098
1499385600, 07/07/2017, 00:00:00, 266.01, 266.97, 235.01, 241.28, 179643.78239179
1499472000, 08/07/2017, 00:00:00, 241.27, 249.5, 231.25, 246.64, 135553.94613742
1499558400, 09/07/2017, 00:00:00, 246.65, 253.31, 236.0, 238.81, 71500.75627037
1499644800, 10/07/2017, 00:00:00, 238.4, 240.33, 185.39, 202.86, 398041.70357687
1499731200, 11/07/2017, 00:00:00, 201.65, 216.5, 175.56, 190.57, 529884.63788858
1499817600, 12/07/2017, 00:00:00, 190.57, 228.88, 181.0, 224.04, 417514.89238521
1499904000, 13/07/2017, 00:00:00, 224.01, 227.0, 193.07, 205.0, 226699.02590419
1499990400, 14/07/2017, 00:00:00, 205.0, 206.99, 183.12, 197.23, 213188.74009561
1500076800, 15/07/2017, 00:00:00, 197.23, 198.97, 167.0, 167.72, 261390.37737053
1500163200, 16/07/2017, 00:00:00, 168.22, 172.3, 130.26, 155.68, 609640.25747522
1500249600, 17/07/2017, 00:00:00, 155.69, 191.5, 153.25, 190.87, 632198.84128556
1500336000, 18/07/2017, 00:00:00, 190.87, 249.4, 176.51, 227.01, 871486.85742525
1500422400, 19/07/2017, 00:00:00, 227.01, 243.9, 186.01, 194.74, 769832.272328
1500508800, 20/07/2017, 00:00:00, 194.74, 237.0, 194.74, 226.06, 616596.49227661
1500595200, 21/07/2017, 00:00:00, 226.23, 238.0, 208.5, 216.6, 289938.17184544
1500681600, 22/07/2017, 00:00:00, 216.58, 237.67, 215.1, 230.69, 179566.03971823
1500768000, 23/07/2017, 00:00:00, 230.69, 234.35, 221.2, 228.31, 115026.49432892
1500854400, 24/07/2017, 00:00:00, 228.27, 229.99, 224.0, 225.96, 74988.12540113
1500940800, 25/07/2017, 00:00:00, 225.97, 226.59, 193.0, 203.78, 367646.15788578
1501027200, 26/07/2017, 00:00:00, 203.78, 209.89, 193.4, 203.23, 212126.71693004
1501113600, 27/07/2017, 00:00:00, 203.23, 205.0, 198.85, 202.94, 125511.49297384
1501200000, 28/07/2017, 00:00:00, 202.95, 203.95, 189.34, 190.72, 170551.22979694
1501286400, 29/07/2017, 00:00:00, 190.99, 209.77, 178.03, 205.9, 273049.87544549
1501372800, 30/07/2017, 00:00:00, 205.89, 209.9, 193.26, 196.95, 105150.12887105
1501459200, 31/07/2017, 00:00:00, 196.95, 201.98, 190.78, 200.82, 117870.21208966
1501545600, 01/08/2017, 00:00:00, 200.83, 232.73, 200.82, 225.73, 435806.82462287
1501632000, 02/08/2017, 00:00:00, 225.73, 228.8, 215.37, 217.92, 149917.3774405
1501718400, 03/08/2017, 00:00:00, 217.92, 227.53, 217.35, 224.0, 113161.87452226
1501804800, 04/08/2017, 00:00:00, 224.0, 226.82, 219.51, 220.72, 98579.24462276
1501891200, 05/08/2017, 00:00:00, 220.72, 258.98, 219.54, 251.85, 321010.76739422
1501977600, 06/08/2017, 00:00:00, 251.86, 273.0, 250.99, 263.96, 239167.77373496
1502064000, 07/08/2017, 00:00:00, 263.97, 274.81, 257.1, 269.9, 168723.43057382
1502150400, 08/08/2017, 00:00:00, 269.89, 299.45, 267.0, 295.95, 267302.64930407
1502236800, 09/08/2017, 00:00:00, 295.95, 314.71, 276.55, 295.26, 465374.56335406
1502323200, 10/08/2017, 00:00:00, 295.26, 309.8, 288.34, 300.51, 154431.32113167
1502409600, 11/08/2017, 00:00:00, 300.51, 310.0, 295.79, 309.65, 131543.77345794
1502496000, 12/08/2017, 00:00:00, 309.65, 319.7, 303.61, 308.35, 175661.18081898
1502582400, 13/08/2017, 00:00:00, 308.35, 309.95, 287.0, 296.66, 196015.46006707
1502668800, 14/08/2017, 00:00:00, 296.67, 309.35, 294.96, 299.16, 116394.59975549
1502755200, 15/08/2017, 00:00:00, 299.16, 299.18, 267.0, 286.71, 213475.96869542
1502841600, 16/08/2017, 00:00:00, 286.71, 303.9, 280.0, 300.45, 125548.24950077
1502928000, 17/08/2017, 00:00:00, 300.45, 309.41, 298.0, 300.67, 117913.06770258
1503014400, 18/08/2017, 00:00:00, 300.66, 306.09, 287.0, 292.87, 132176.43410008
1503100800, 19/08/2017, 00:00:00, 292.86, 298.7, 287.0, 293.58, 68015.67500724
1503187200, 20/08/2017, 00:00:00, 293.58, 298.5, 289.5, 297.79, 55102.04407497
1503273600, 21/08/2017, 00:00:00, 297.79, 344.34, 295.27, 322.0, 312029.89411077
1503360000, 22/08/2017, 00:00:00, 322.0, 329.97, 292.0, 314.19, 200165.56685601
1503446400, 23/08/2017, 00:00:00, 314.19, 324.61, 313.72, 317.5, 102640.68582938
1503532800, 24/08/2017, 00:00:00, 317.5, 328.0, 316.0, 324.56, 77759.33281317
1503619200, 25/08/2017, 00:00:00, 324.56, 336.99, 324.38, 330.14, 118403.86049802
1503705600, 26/08/2017, 00:00:00, 330.14, 334.51, 325.1, 332.99, 64257.23654457
1503792000, 27/08/2017, 00:00:00, 332.99, 348.2, 332.44, 348.2, 94727.24092539
1503878400, 28/08/2017, 00:00:00, 348.2, 349.99, 336.35, 347.54, 111495.22073893
1503964800, 29/08/2017, 00:00:00, 347.54, 374.91, 347.54, 372.48, 172763.72910699
1504051200, 30/08/2017, 00:00:00, 372.48, 392.0, 368.3, 384.1, 164881.8885695
1504137600, 31/08/2017, 00:00:00, 384.1, 389.97, 381.2, 389.2, 119008.82851471
1504224000, 01/09/2017, 00:00:00, 389.2, 396.88, 386.98, 392.87, 160640.81878876
1504310400, 02/09/2017, 00:00:00, 392.87, 393.76, 333.0, 354.87, 293413.40236712
1504396800, 03/09/2017, 00:00:00, 354.88, 372.0, 344.0, 353.06, 137268.86305024
1504483200, 04/09/2017, 00:00:00, 353.06, 353.15, 285.0, 316.86, 458363.975868
1504569600, 05/09/2017, 00:00:00, 316.87, 325.0, 290.0, 320.08, 318353.88523581
1504656000, 06/09/2017, 00:00:00, 320.09, 345.0, 319.3, 339.38, 194966.28863943
1504742400, 07/09/2017, 00:00:00, 339.38, 339.38, 323.26, 335.56, 103175.36266456
1504828800, 08/09/2017, 00:00:00, 335.56, 335.56, 292.71, 307.96, 299196.18205446
1504915200, 09/09/2017, 00:00:00, 307.96, 313.87, 294.0, 304.99, 97356.16715522
1505001600, 10/09/2017, 00:00:00, 305.0, 306.5, 285.0, 300.33, 123364.47278542
1505088000, 11/09/2017, 00:00:00, 300.34, 307.97, 288.0, 298.47, 131872.4413353
1505174400, 12/09/2017, 00:00:00, 298.47, 316.19, 286.0, 294.5, 193866.88976529
1505260800, 13/09/2017, 00:00:00, 294.5, 294.5, 256.41, 275.71, 330077.26740091
1505347200, 14/09/2017, 00:00:00, 275.71, 280.75, 221.3, 223.85, 517640.07889459
1505433600, 15/09/2017, 00:00:00, 223.85, 270.0, 202.25, 260.88, 667715.3795006
1505520000, 16/09/2017, 00:00:00, 260.87, 278.0, 247.1, 255.84, 194275.26114785
1505606400, 17/09/2017, 00:00:00, 255.85, 272.0, 240.15, 259.66, 127514.7477237
1505692800, 18/09/2017, 00:00:00, 259.66, 303.78, 259.65, 298.0, 298160.31829275
1505779200, 19/09/2017, 00:00:00, 298.0, 301.0, 275.25, 282.8, 172906.38843809
1505865600, 20/09/2017, 00:00:00, 282.94, 293.71, 278.04, 283.55, 108925.71300684
1505952000, 21/09/2017, 00:00:00, 283.55, 286.99, 252.55, 258.11, 211091.13505245
1506038400, 22/09/2017, 00:00:00, 258.11, 272.0, 254.01, 263.88, 120473.05688255
1506124800, 23/09/2017, 00:00:00, 263.88, 286.63, 260.02, 286.03, 79343.8978278
1506211200, 24/09/2017, 00:00:00, 286.03, 294.89, 276.23, 283.21, 95448.67822107
1506297600, 25/09/2017, 00:00:00, 283.21, 296.7, 282.66, 294.41, 90047.80087125
1506384000, 26/09/2017, 00:00:00, 294.41, 295.48, 286.0, 288.77, 64077.24189666
1506470400, 27/09/2017, 00:00:00, 288.77, 312.75, 288.25, 309.85, 121905.91012243
1506556800, 28/09/2017, 00:00:00, 309.86, 310.0, 298.1, 302.33, 94872.87426245
1506643200, 29/09/2017, 00:00:00, 302.33, 302.6, 278.0, 291.88, 165285.97835623
1506729600, 30/09/2017, 00:00:00, 291.88, 304.69, 291.25, 301.57, 62093.33386924
1506816000, 01/10/2017, 00:00:00, 301.57, 303.25, 295.75, 303.25, 42910.47058427
1506902400, 02/10/2017, 00:00:00, 303.25, 303.5, 293.73, 296.72, 62589.24548424
1506988800, 03/10/2017, 00:00:00, 296.78, 299.0, 287.65, 292.36, 59960.60279169
1507075200, 04/10/2017, 00:00:00, 292.36, 295.0, 289.62, 292.0, 42408.18343628
1507161600, 05/10/2017, 00:00:00, 292.0, 296.99, 286.44, 294.89, 44754.00010261
1507248000, 06/10/2017, 00:00:00, 294.89, 308.5, 294.21, 307.73, 95965.30843062
1507334400, 07/10/2017, 00:00:00, 307.73, 314.62, 304.57, 311.12, 66524.25999297
1507420800, 08/10/2017, 00:00:00, 311.12, 313.6, 308.62, 309.2, 44589.14793264
1507507200, 09/10/2017, 00:00:00, 309.2, 309.32, 285.88, 297.0, 145514.15882144
1507593600, 10/10/2017, 00:00:00, 297.0, 305.0, 290.23, 297.99, 88318.01221504
1507680000, 11/10/2017, 00:00:00, 297.99, 303.0, 297.53, 302.0, 45397.39333105
1507766400, 12/10/2017, 00:00:00, 302.0, 307.0, 300.3, 302.12, 114002.1952516
1507852800, 13/10/2017, 00:00:00, 302.12, 345.0, 298.29, 335.89, 272969.19650775
1507939200, 14/10/2017, 00:00:00, 335.85, 347.0, 332.46, 338.37, 91560.24722557
1508025600, 15/10/2017, 00:00:00, 338.37, 341.0, 320.0, 336.89, 103363.87991863
1508112000, 16/10/2017, 00:00:00, 336.89, 350.0, 330.84, 334.36, 140569.03708849
1508198400, 17/10/2017, 00:00:00, 334.33, 334.66, 310.5, 316.37, 117188.42621289
1508284800, 18/10/2017, 00:00:00, 316.32, 316.53, 287.4, 313.59, 167629.0127989
1508371200, 19/10/2017, 00:00:00, 313.59, 316.21, 305.34, 308.02, 84536.00998177
1508457600, 20/10/2017, 00:00:00, 308.02, 311.53, 302.0, 303.15, 93615.86032848
1508544000, 21/10/2017, 00:00:00, 303.16, 303.74, 291.38, 300.0, 116955.08960367
1508630400, 22/10/2017, 00:00:00, 300.0, 306.55, 291.81, 295.14, 62949.25853616
1508716800, 23/10/2017, 00:00:00, 295.14, 295.15, 275.46, 285.83, 130465.48008549
1508803200, 24/10/2017, 00:00:00, 285.84, 311.7, 280.3, 296.99, 173126.46810102
1508889600, 25/10/2017, 00:00:00, 297.0, 300.97, 288.05, 296.76, 73647.31462122
1508976000, 26/10/2017, 00:00:00, 296.76, 299.95, 293.81, 295.98, 46575.16530348
1509062400, 27/10/2017, 00:00:00, 295.98, 298.98, 291.53, 297.59, 40781.36186865
1509148800, 28/10/2017, 00:00:00, 297.48, 297.9, 293.51, 295.11, 27343.87091403
1509235200, 29/10/2017, 00:00:00, 295.12, 310.0, 294.29, 303.38, 68441.69707434
1509321600, 30/10/2017, 00:00:00, 303.39, 309.69, 302.53, 306.87, 42544.03539724
1509408000, 31/10/2017, 00:00:00, 306.87, 309.94, 303.49, 303.51, 61326.79867058
1509494400, 01/11/2017, 00:00:00, 303.51, 305.0, 289.51, 290.82, 116206.12030481
1509580800, 02/11/2017, 00:00:00, 290.84, 296.0, 278.88, 285.4, 201683.70460013
1509667200, 03/11/2017, 00:00:00, 285.4, 308.06, 285.4, 306.0, 121279.13293603
1509753600, 04/11/2017, 00:00:00, 306.0, 306.0, 295.0, 301.66, 64936.7892894
1509840000, 05/11/2017, 00:00:00, 301.74, 302.0, 295.64, 296.57, 55757.0277432
1509926400, 06/11/2017, 00:00:00, 296.58, 304.9, 292.0, 297.32, 89982.42383484
1510012800, 07/11/2017, 00:00:00, 297.32, 304.0, 287.0, 292.42, 149216.29427116
1510099200, 08/11/2017, 00:00:00, 292.42, 319.89, 291.0, 307.91, 228868.58046192
1510185600, 09/11/2017, 00:00:00, 307.92, 329.47, 307.01, 320.72, 163531.79911828
1510272000, 10/11/2017, 00:00:00, 320.73, 325.12, 291.3, 298.04, 161078.72458709
1510358400, 11/11/2017, 00:00:00, 298.04, 319.94, 297.67, 315.69, 122519.64096539
1510444800, 12/11/2017, 00:00:00, 315.7, 316.55, 301.04, 307.1, 178394.5193831
1510531200, 13/11/2017, 00:00:00, 307.11, 319.0, 306.5, 315.56, 144149.6345376
1510617600, 14/11/2017, 00:00:00, 315.56, 336.91, 315.5, 335.04, 210940.91854212
1510704000, 15/11/2017, 00:00:00, 335.04, 340.84, 326.0, 331.81, 132787.77324127
1510790400, 16/11/2017, 00:00:00, 331.81, 334.8, 321.91, 330.21, 133360.32118202
1510876800, 17/11/2017, 00:00:00, 330.19, 334.3, 326.46, 332.31, 93686.6537577
1510963200, 18/11/2017, 00:00:00, 332.31, 349.0, 328.22, 346.6, 108931.36816884
1511049600, 19/11/2017, 00:00:00, 346.6, 374.7, 344.0, 354.59, 207184.66996219
1511136000, 20/11/2017, 00:00:00, 354.24, 373.75, 354.24, 368.24, 126768.33353275
1511222400, 21/11/2017, 00:00:00, 368.25, 372.99, 350.5, 361.51, 199586.86857333
1511308800, 22/11/2017, 00:00:00, 361.51, 382.96, 361.0, 381.73, 129296.81489114
1511395200, 23/11/2017, 00:00:00, 381.74, 428.6, 376.04, 406.61, 321886.28834087
1511481600, 24/11/2017, 00:00:00, 405.99, 479.89, 401.0, 470.98, 340383.99106199
1511568000, 25/11/2017, 00:00:00, 470.98, 488.0, 456.0, 466.77, 269164.43646378
1511654400, 26/11/2017, 00:00:00, 466.77, 477.65, 451.81, 473.99, 191283.86889318
1511740800, 27/11/2017, 00:00:00, 473.99, 492.99, 462.1, 477.53, 232775.83960646
1511827200, 28/11/2017, 00:00:00, 477.54, 483.0, 463.6, 468.52, 178477.39782473
1511913600, 29/11/2017, 00:00:00, 468.52, 518.13, 402.11, 434.01, 504522.58690876
1512000000, 30/11/2017, 00:00:00, 434.01, 470.0, 401.5, 434.0, 362792.40177696
1512086400, 01/12/2017, 00:00:00, 434.0, 468.43, 421.57, 463.82, 195042.34530378
1512172800, 02/12/2017, 00:00:00, 463.82, 474.96, 451.21, 460.34, 162583.05431314
1512259200, 03/12/2017, 00:00:00, 460.35, 483.61, 450.0, 465.0, 168448.63108491
1512345600, 04/12/2017, 00:00:00, 465.0, 473.0, 449.4, 468.22, 135879.81871327
1512432000, 05/12/2017, 00:00:00, 468.22, 470.0, 451.56, 457.3, 155144.70994105
1512518400, 06/12/2017, 00:00:00, 457.29, 461.99, 425.01, 432.49, 350795.74233167
1512604800, 07/12/2017, 00:00:00, 432.48, 448.89, 415.01, 433.28, 331265.58132093
1512691200, 08/12/2017, 00:00:00, 432.82, 479.1, 420.01, 463.45, 404030.4606077
1512777600, 09/12/2017, 00:00:00, 463.45, 535.1, 450.0, 485.04, 546108.72481997
1512864000, 10/12/2017, 00:00:00, 485.05, 486.13, 438.0, 447.51, 217508.33886249
1512950400, 11/12/2017, 00:00:00, 447.51, 519.49, 445.23, 518.0, 298621.16793715
1513036800, 12/12/2017, 00:00:00, 518.0, 714.0, 501.11, 686.82, 880549.7554281
1513123200, 13/12/2017, 00:00:00, 686.82, 784.77, 606.0, 711.94, 788838.94576575
1513209600, 14/12/2017, 00:00:00, 711.95, 758.61, 660.83, 705.01, 426482.48114599
1513296000, 15/12/2017, 00:00:00, 705.01, 706.0, 618.0, 693.5, 317917.74059557
1513382400, 16/12/2017, 00:00:00, 693.5, 735.0, 684.0, 703.59, 199898.99237473
1513468800, 17/12/2017, 00:00:00, 703.62, 746.93, 703.0, 732.18, 170354.11616159
1513555200, 18/12/2017, 00:00:00, 732.17, 798.81, 695.0, 785.65, 315411.709876
1513641600, 19/12/2017, 00:00:00, 785.65, 875.0, 770.03, 826.65, 430872.59791515
1513728000, 20/12/2017, 00:00:00, 826.65, 833.6, 701.0, 802.86, 341649.85084019
1513814400, 21/12/2017, 00:00:00, 802.86, 845.0, 767.15, 796.98, 249165.60279887
1513900800, 22/12/2017, 00:00:00, 796.99, 799.95, 460.0, 682.11, 838405.70542309
1513987200, 23/12/2017, 00:00:00, 682.11, 774.99, 670.0, 732.8, 203543.16648422
1514073600, 24/12/2017, 00:00:00, 732.76, 734.86, 641.14, 697.04, 173846.03845096
1514160000, 25/12/2017, 00:00:00, 697.05, 759.88, 693.5, 740.5, 125678.41700524
1514246400, 26/12/2017, 00:00:00, 740.5, 771.0, 738.07, 755.07, 101773.79267031
1514332800, 27/12/2017, 00:00:00, 755.06, 767.0, 706.0, 739.99, 127594.32418255
1514419200, 28/12/2017, 00:00:00, 740.0, 742.31, 676.03, 719.5, 184333.05438818
1514505600, 29/12/2017, 00:00:00, 719.5, 755.0, 710.11, 748.89, 155267.18744139
1514592000, 30/12/2017, 00:00:00, 748.9, 748.9, 691.1, 710.58, 135167.77156992
1514678400, 31/12/2017, 00:00:00, 710.58, 751.0, 699.0, 741.27, 89048.14792704
1514764800, 01/01/2018, 00:00:00, 741.24, 764.97, 727.14, 759.03, 87376.83947108
1514851200, 02/01/2018, 00:00:00, 759.03, 878.5, 759.02, 865.0, 370299.26995958
1514937600, 03/01/2018, 00:00:00, 865.0, 949.98, 850.11, 938.31, 306487.14249665
1515024000, 04/01/2018, 00:00:00, 938.16, 994.89, 906.01, 949.0, 316803.96238412
1515110400, 05/01/2018, 00:00:00, 949.0, 1015.0, 935.0, 969.27, 277363.74285238
1515196800, 06/01/2018, 00:00:00, 969.27, 1009.11, 961.23, 1006.68, 126077.38026582
1515283200, 07/01/2018, 00:00:00, 1006.68, 1118.3, 1003.02, 1118.3, 180428.27762373
1515369600, 08/01/2018, 00:00:00, 1118.3, 1228.99, 950.0, 1137.01, 387581.63428549
1515456000, 09/01/2018, 00:00:00, 1137.01, 1297.58, 1115.3, 1290.01, 279844.04240321
1515542400, 10/01/2018, 00:00:00, 1290.01, 1386.99, 1207.61, 1246.94, 387754.78898298
1515628800, 11/01/2018, 00:00:00, 1246.95, 1335.0, 1083.97, 1137.01, 403973.32204112
1515715200, 12/01/2018, 00:00:00, 1137.01, 1285.0, 1089.0, 1260.0, 217366.85071187
1515801600, 13/01/2018, 00:00:00, 1260.0, 1419.96, 1259.99, 1386.02, 206633.43741285
1515888000, 14/01/2018, 00:00:00, 1386.01, 1389.11, 1256.01, 1365.46, 148724.40647829
1515974400, 15/01/2018, 00:00:00, 1365.46, 1380.97, 1267.01, 1278.63, 130053.00817551
1516060800, 16/01/2018, 00:00:00, 1278.77, 1285.57, 852.0, 1080.0, 670580.77884899
1516147200, 17/01/2018, 00:00:00, 1080.01, 1165.0, 757.0, 1028.06, 855374.32707121
1516233600, 18/01/2018, 00:00:00, 1028.06, 1100.0, 951.0, 1025.78, 355917.02420489
1516320000, 19/01/2018, 00:00:00, 1025.77, 1093.0, 993.4, 1037.45, 168398.26483981
1516406400, 20/01/2018, 00:00:00, 1037.45, 1164.97, 1036.08, 1150.02, 166622.96451295
1516492800, 21/01/2018, 00:00:00, 1150.02, 1151.0, 1010.01, 1047.13, 159406.456775
1516579200, 22/01/2018, 00:00:00, 1047.13, 1080.0, 917.0, 999.68, 221314.9038768
1516665600, 23/01/2018, 00:00:00, 999.69, 1019.0, 905.0, 984.03, 215044.38062351
1516752000, 24/01/2018, 00:00:00, 984.03, 1056.99, 952.0, 1056.99, 157025.9041844
1516838400, 25/01/2018, 00:00:00, 1056.99, 1098.74, 1014.88, 1040.0, 170404.74805818
1516924800, 26/01/2018, 00:00:00, 1040.0, 1071.75, 987.54, 1045.57, 145279.96709597
1517011200, 27/01/2018, 00:00:00, 1045.58, 1119.0, 1029.29, 1100.0, 120969.27298683
1517097600, 28/01/2018, 00:00:00, 1100.0, 1224.0, 1087.94, 1215.01, 178932.35566459
1517184000, 29/01/2018, 00:00:00, 1215.01, 1221.74, 1137.2, 1162.27, 132320.79156191
1517270400, 30/01/2018, 00:00:00, 1162.28, 1171.0, 1025.0, 1054.39, 243673.8356597
1517356800, 31/01/2018, 00:00:00, 1054.39, 1121.03, 1013.25, 1105.01, 178928.93139615
1517443200, 01/02/2018, 00:00:00, 1105.01, 1143.0, 930.0, 1017.48, 341682.45401305
1517529600, 02/02/2018, 00:00:00, 1017.48, 1020.48, 726.43, 911.99, 589204.00296477
1517616000, 03/02/2018, 00:00:00, 912.0, 998.0, 841.61, 969.4, 198329.83958329
1517702400, 04/02/2018, 00:00:00, 969.4, 970.4, 783.27, 826.0, 218636.51378989
1517788800, 05/02/2018, 00:00:00, 826.01, 857.5, 614.02, 693.54, 620562.56650555
1517875200, 06/02/2018, 00:00:00, 694.3, 807.5, 555.56, 783.83, 761461.38006203
1517961600, 07/02/2018, 00:00:00, 783.85, 864.68, 718.03, 750.04, 361972.28375423
1518048000, 08/02/2018, 00:00:00, 750.05, 843.0, 747.82, 812.0, 185681.09842313
1518134400, 09/02/2018, 00:00:00, 812.0, 879.2, 780.0, 875.99, 168813.92673636
1518220800, 10/02/2018, 00:00:00, 875.99, 908.76, 815.0, 849.47, 160263.60599544
1518307200, 11/02/2018, 00:00:00, 849.46, 851.77, 780.0, 811.35, 104311.85730828
1518393600, 12/02/2018, 00:00:00, 811.38, 874.03, 810.99, 864.4, 90918.31734928
1518480000, 13/02/2018, 00:00:00, 864.4, 867.48, 826.0, 840.49, 72295.28036275
1518566400, 14/02/2018, 00:00:00, 840.49, 924.7, 839.45, 920.26, 173283.37319094
1518652800, 15/02/2018, 00:00:00, 920.24, 948.23, 905.49, 929.3, 140117.88456704
1518739200, 16/02/2018, 00:00:00, 929.3, 944.92, 910.8, 936.02, 83382.83414035
1518825600, 17/02/2018, 00:00:00, 936.02, 976.79, 934.2, 974.99, 75150.09895847
1518912000, 18/02/2018, 00:00:00, 975.0, 982.99, 909.1, 912.41, 100689.1761804
1518998400, 19/02/2018, 00:00:00, 913.4, 956.0, 911.0, 939.01, 53604.18377857
1519084800, 20/02/2018, 00:00:00, 939.01, 958.0, 875.0, 884.76, 120862.01182593
1519171200, 21/02/2018, 00:00:00, 884.77, 908.17, 817.01, 840.34, 135641.91857835
1519257600, 22/02/2018, 00:00:00, 840.31, 870.0, 790.01, 806.0, 105441.6326386
1519344000, 23/02/2018, 00:00:00, 806.0, 883.89, 786.0, 854.01, 105258.56447565
1519430400, 24/02/2018, 00:00:00, 854.01, 874.66, 808.37, 833.2, 66461.87856069
1519516800, 25/02/2018, 00:00:00, 833.2, 849.26, 816.89, 841.96, 39655.67873162
1519603200, 26/02/2018, 00:00:00, 841.96, 877.5, 835.0, 867.09, 67394.02255544
1519689600, 27/02/2018, 00:00:00, 867.1, 894.0, 860.5, 871.07, 65115.19154972
1519776000, 28/02/2018, 00:00:00, 871.07, 887.5, 848.21, 849.99, 60718.84772108
1519862400, 01/03/2018, 00:00:00, 849.99, 878.0, 845.54, 868.74, 51017.46336265
1519948800, 02/03/2018, 00:00:00, 868.75, 873.12, 845.85, 854.31, 46202.19655424
1520035200, 03/03/2018, 00:00:00, 854.3, 866.72, 851.04, 854.34, 35046.64999677
1520121600, 04/03/2018, 00:00:00, 854.34, 865.0, 836.3, 861.74, 36135.5736882
1520208000, 05/03/2018, 00:00:00, 861.74, 866.0, 848.83, 848.83, 40939.49250903
1520294400, 06/03/2018, 00:00:00, 848.83, 849.97, 800.89, 815.43, 62303.95684311
1520380800, 07/03/2018, 00:00:00, 815.44, 825.0, 724.0, 751.38, 138801.22495145
1520467200, 08/03/2018, 00:00:00, 751.38, 774.0, 686.0, 698.83, 111033.84491381
1520553600, 09/03/2018, 00:00:00, 698.81, 734.0, 641.6, 728.46, 172486.90960483
1520640000, 10/03/2018, 00:00:00, 728.46, 749.0, 680.2, 683.6, 69514.86138119
1520726400, 11/03/2018, 00:00:00, 683.6, 735.0, 666.0, 719.79, 67834.01788669
1520812800, 12/03/2018, 00:00:00, 719.79, 739.0, 678.0, 696.51, 76014.9779029
1520899200, 13/03/2018, 00:00:00, 696.51, 713.45, 679.78, 690.39, 64082.73782615
1520985600, 14/03/2018, 00:00:00, 690.32, 702.5, 585.52, 614.63, 153028.37672067
1521072000, 15/03/2018, 00:00:00, 614.63, 621.47, 571.16, 610.99, 149125.19563793
1521158400, 16/03/2018, 00:00:00, 611.0, 626.13, 585.0, 600.51, 88999.75786119
1521244800, 17/03/2018, 00:00:00, 600.52, 609.94, 541.11, 549.79, 105894.77241498
1521331200, 18/03/2018, 00:00:00, 549.79, 587.74, 450.0, 538.0, 444996.56948669
1521417600, 19/03/2018, 00:00:00, 538.01, 560.9, 516.4, 555.55, 185104.97751743
1521504000, 20/03/2018, 00:00:00, 555.44, 567.04, 515.97, 558.0, 161094.32369964
1521590400, 21/03/2018, 00:00:00, 558.0, 589.75, 545.2, 559.98, 119344.11951373
1521676800, 22/03/2018, 00:00:00, 559.99, 578.73, 517.6, 539.89, 96400.02307994
1521763200, 23/03/2018, 00:00:00, 539.9, 543.04, 507.84, 543.04, 87454.1549111
1521849600, 24/03/2018, 00:00:00, 543.04, 545.94, 517.7, 519.57, 53609.18496706
1521936000, 25/03/2018, 00:00:00, 519.58, 536.0, 510.2, 522.55, 51317.17024489
1522022400, 26/03/2018, 00:00:00, 522.55, 525.0, 466.1, 486.75, 151611.18882043
1522108800, 27/03/2018, 00:00:00, 486.75, 493.0, 445.0, 449.0, 163326.70003859
1522195200, 28/03/2018, 00:00:00, 449.0, 464.89, 439.18, 445.47, 96060.62752281
1522281600, 29/03/2018, 00:00:00, 445.72, 448.0, 379.1, 383.29, 291819.30211658
1522368000, 30/03/2018, 00:00:00, 383.3, 411.0, 365.0, 394.46, 285614.7646498
1522454400, 31/03/2018, 00:00:00, 394.47, 438.77, 388.88, 394.54, 157961.19963445
1522540800, 01/04/2018, 00:00:00, 394.73, 400.65, 360.0, 378.18, 110964.69777902
1522627200, 02/04/2018, 00:00:00, 378.69, 393.96, 375.36, 384.0, 91317.1026635
1522713600, 03/04/2018, 00:00:00, 384.0, 421.59, 380.89, 416.28, 165871.58692268
1522800000, 04/04/2018, 00:00:00, 416.29, 418.0, 370.08, 378.43, 120039.45534577
1522886400, 05/04/2018, 00:00:00, 378.42, 387.2, 366.54, 381.55, 92587.28752724
1522972800, 06/04/2018, 00:00:00, 381.55, 386.21, 363.33, 370.32, 96737.30368153
1523059200, 07/04/2018, 00:00:00, 370.32, 395.9, 369.2, 384.61, 62794.02261332
1523145600, 08/04/2018, 00:00:00, 384.62, 404.4, 384.61, 399.9, 70956.26828009
1523232000, 09/04/2018, 00:00:00, 399.9, 432.0, 388.0, 398.8, 131510.44151693
1523318400, 10/04/2018, 00:00:00, 398.8, 418.26, 392.25, 415.45, 69641.56857811
1523404800, 11/04/2018, 00:00:00, 415.45, 433.83, 410.11, 430.81, 91622.26394054
1523491200, 12/04/2018, 00:00:00, 430.82, 497.0, 413.81, 493.41, 247902.01497352
1523577600, 13/04/2018, 00:00:00, 493.42, 529.36, 481.18, 495.76, 236191.09457986
1523664000, 14/04/2018, 00:00:00, 495.76, 513.86, 488.0, 502.4, 77289.00537972
1523750400, 15/04/2018, 00:00:00, 502.4, 534.57, 502.4, 533.74, 101647.50851232
1523836800, 16/04/2018, 00:00:00, 534.0, 537.5, 498.29, 511.28, 130844.05596765
1523923200, 17/04/2018, 00:00:00, 511.29, 522.0, 500.49, 502.42, 96075.46298383
1524009600, 18/04/2018, 00:00:00, 502.43, 526.49, 501.2, 525.89, 98209.17829484
1524096000, 19/04/2018, 00:00:00, 525.9, 569.95, 521.18, 567.29, 134431.90904282
1524182400, 20/04/2018, 00:00:00, 567.29, 622.22, 557.4, 617.17, 186456.04306219
1524268800, 21/04/2018, 00:00:00, 617.17, 624.21, 571.61, 605.16, 105009.75223954
1524355200, 22/04/2018, 00:00:00, 605.16, 643.47, 590.7, 620.07, 93457.05655859
1524441600, 23/04/2018, 00:00:00, 620.08, 647.47, 618.7, 642.85, 93438.80089026
1524528000, 24/04/2018, 00:00:00, 642.85, 711.0, 642.85, 703.38, 207432.35618658
1524614400, 25/04/2018, 00:00:00, 703.38, 704.0, 578.75, 617.49, 341753.13213573
1524700800, 26/04/2018, 00:00:00, 617.5, 667.0, 600.0, 661.0, 146340.68819105
1524787200, 27/04/2018, 00:00:00, 661.01, 685.91, 638.33, 643.11, 115972.93900682
1524873600, 28/04/2018, 00:00:00, 643.11, 693.15, 638.7, 682.0, 75723.8348299
1524960000, 29/04/2018, 00:00:00, 682.01, 696.71, 666.04, 687.51, 68368.91701607
1525046400, 30/04/2018, 00:00:00, 688.0, 692.45, 662.11, 669.81, 91361.21901579
1525132800, 01/05/2018, 00:00:00, 669.82, 675.01, 627.2, 670.75, 156063.56183062
1525219200, 02/05/2018, 00:00:00, 670.74, 689.98, 660.63, 685.02, 100629.0546095
1525305600, 03/05/2018, 00:00:00, 685.65, 784.76, 684.0, 775.51, 191794.75198349
1525392000, 04/05/2018, 00:00:00, 775.51, 805.31, 757.1, 783.01, 150931.93016815
1525478400, 05/05/2018, 00:00:00, 783.01, 824.67, 778.5, 812.0, 98235.94776246
1525564800, 06/05/2018, 00:00:00, 812.0, 828.97, 750.7, 784.28, 105797.16005163
1525651200, 07/05/2018, 00:00:00, 784.88, 789.98, 695.11, 752.42, 224756.62066775
1525737600, 08/05/2018, 00:00:00, 752.43, 776.0, 720.0, 746.99, 127881.06212239
1525824000, 09/05/2018, 00:00:00, 746.99, 759.5, 708.8, 750.0, 100749.17068492
1525910400, 10/05/2018, 00:00:00, 750.0, 768.0, 723.01, 723.51, 89580.23122691
1525996800, 11/05/2018, 00:00:00, 723.51, 735.19, 662.18, 678.05, 185449.6282951
1526083200, 12/05/2018, 00:00:00, 678.05, 692.39, 637.65, 684.66, 107293.67817864
1526169600, 13/05/2018, 00:00:00, 684.7, 740.31, 671.0, 729.29, 81110.2164824
1526256000, 14/05/2018, 00:00:00, 729.29, 746.06, 684.0, 726.9, 165755.95743882
1526342400, 15/05/2018, 00:00:00, 726.91, 738.0, 694.75, 706.08, 96346.24302161
1526428800, 16/05/2018, 00:00:00, 706.09, 710.44, 677.55, 707.45, 87515.71655463
1526515200, 17/05/2018, 00:00:00, 707.45, 717.17, 661.0, 668.56, 83374.27295315
1526601600, 18/05/2018, 00:00:00, 668.56, 694.71, 656.5, 694.5, 84713.72667052
1526688000, 19/05/2018, 00:00:00, 694.5, 715.76, 676.84, 695.96, 51170.47405967
1526774400, 20/05/2018, 00:00:00, 695.97, 723.0, 687.7, 714.0, 51152.5577087
1526860800, 21/05/2018, 00:00:00, 714.0, 717.0, 686.05, 696.77, 49334.83836469
1526947200, 22/05/2018, 00:00:00, 696.77, 699.0, 638.0, 640.5, 102285.02351164
1527033600, 23/05/2018, 00:00:00, 640.13, 648.46, 563.27, 577.2, 214309.26173537
1527120000, 24/05/2018, 00:00:00, 577.2, 609.21, 545.36, 602.64, 136326.78521805
1527206400, 25/05/2018, 00:00:00, 602.65, 616.0, 568.27, 584.02, 99242.20155189
1527292800, 26/05/2018, 00:00:00, 584.02, 606.0, 577.65, 584.99, 44818.80475184
1527379200, 27/05/2018, 00:00:00, 585.0, 589.5, 556.0, 570.75, 54447.36889848
1527465600, 28/05/2018, 00:00:00, 570.75, 575.0, 507.0, 511.33, 115800.06325204
1527552000, 29/05/2018, 00:00:00, 511.33, 573.64, 510.91, 566.66, 136873.46762627
1527638400, 30/05/2018, 00:00:00, 566.65, 585.92, 541.23, 557.22, 99280.45946439
1527724800, 31/05/2018, 00:00:00, 557.22, 589.0, 553.6, 577.1, 97490.97141173
1527811200, 01/06/2018, 00:00:00, 577.1, 588.0, 561.11, 578.89, 97547.89157134
1527897600, 02/06/2018, 00:00:00, 578.89, 600.0, 571.75, 590.46, 64556.52789267
1527984000, 03/06/2018, 00:00:00, 590.46, 627.83, 590.46, 618.63, 54877.31717722
1528070400, 04/06/2018, 00:00:00, 618.63, 626.55, 576.15, 591.5, 67683.92429136
1528156800, 05/06/2018, 00:00:00, 591.51, 612.0, 574.31, 607.6, 75119.33350357
1528243200, 06/06/2018, 00:00:00, 607.6, 611.69, 592.63, 606.18, 77825.6268239
1528329600, 07/06/2018, 00:00:00, 606.19, 615.26, 594.0, 603.56, 94570.72725134
1528416000, 08/06/2018, 00:00:00, 603.56, 607.0, 591.0, 598.59, 39747.97679678
1528502400, 09/06/2018, 00:00:00, 598.6, 608.0, 591.81, 593.41, 26760.9322832
1528588800, 10/06/2018, 00:00:00, 593.4, 593.41, 505.0, 525.25, 141919.66454912
1528675200, 11/06/2018, 00:00:00, 525.25, 536.85, 509.97, 531.68, 113031.3876127
1528761600, 12/06/2018, 00:00:00, 531.68, 538.99, 485.0, 494.14, 122418.52638227
1528848000, 13/06/2018, 00:00:00, 494.14, 502.4, 450.11, 476.02, 166483.47004971
1528934400, 14/06/2018, 00:00:00, 476.03, 530.0, 459.45, 519.75, 217414.28431916
1529020800, 15/06/2018, 00:00:00, 519.75, 521.0, 481.57, 487.45, 101900.02747789
1529107200, 16/06/2018, 00:00:00, 487.45, 502.97, 484.12, 497.31, 44820.26736856
1529193600, 17/06/2018, 00:00:00, 496.99, 507.83, 493.33, 496.5, 35010.38637307
1529280000, 18/06/2018, 00:00:00, 496.5, 525.0, 488.0, 517.47, 72652.16283089
1529366400, 19/06/2018, 00:00:00, 517.47, 547.4, 514.45, 538.5, 71905.8945705
1529452800, 20/06/2018, 00:00:00, 538.5, 541.8, 516.67, 536.0, 63547.84183023
1529539200, 21/06/2018, 00:00:00, 536.0, 544.23, 521.5, 525.49, 52814.33055734
1529625600, 22/06/2018, 00:00:00, 525.5, 525.65, 449.02, 462.01, 159809.3519873
1529712000, 23/06/2018, 00:00:00, 462.01, 481.74, 457.87, 475.17, 48107.42304878
1529798400, 24/06/2018, 00:00:00, 475.18, 476.9, 421.1, 454.79, 148560.96982973
1529884800, 25/06/2018, 00:00:00, 454.79, 473.27, 445.0, 458.41, 82314.39474815
1529971200, 26/06/2018, 00:00:00, 458.41, 460.72, 429.0, 429.08, 77287.0907213
1530057600, 27/06/2018, 00:00:00, 429.08, 446.21, 420.12, 441.41, 72744.76141836
1530144000, 28/06/2018, 00:00:00, 441.5, 443.78, 417.0, 420.0, 58039.79406083
1530230400, 29/06/2018, 00:00:00, 420.01, 442.0, 404.22, 434.6, 99473.38572708
1530316800, 30/06/2018, 00:00:00, 434.5, 462.49, 434.5, 453.29, 58391.94222717
1530403200, 01/07/2018, 00:00:00, 453.3, 455.87, 444.85, 451.43, 34160.78132274
1530489600, 02/07/2018, 00:00:00, 451.43, 481.99, 442.79, 476.34, 73537.36076481
1530576000, 03/07/2018, 00:00:00, 476.34, 486.76, 459.11, 461.75, 70832.75445941
1530662400, 04/07/2018, 00:00:00, 461.75, 482.01, 451.35, 466.9, 58200.73415567
1530748800, 05/07/2018, 00:00:00, 466.9, 477.99, 457.85, 467.25, 55189.22578687
1530835200, 06/07/2018, 00:00:00, 467.24, 474.99, 451.68, 469.3, 42719.95857763
1530921600, 07/07/2018, 00:00:00, 469.3, 486.69, 462.0, 484.48, 32601.96576381
1531008000, 08/07/2018, 00:00:00, 484.49, 494.74, 479.31, 486.08, 39468.25855777
1531094400, 09/07/2018, 00:00:00, 486.09, 488.0, 469.0, 471.6, 45759.94503975
1531180800, 10/07/2018, 00:00:00, 471.6, 473.0, 427.88, 432.59, 100665.53249183
1531267200, 11/07/2018, 00:00:00, 432.71, 448.54, 425.34, 446.25, 70923.10221158
1531353600, 12/07/2018, 00:00:00, 446.25, 447.17, 418.23, 431.46, 52128.61867084
1531440000, 13/07/2018, 00:00:00, 431.38, 442.31, 425.1, 432.8, 51453.54754722
1531526400, 14/07/2018, 00:00:00, 432.8, 440.0, 428.13, 434.13, 24290.88765523
1531612800, 15/07/2018, 00:00:00, 434.14, 454.21, 431.29, 449.41, 36806.36252991
1531699200, 16/07/2018, 00:00:00, 449.42, 479.92, 444.05, 478.18, 65262.41185478
1531785600, 17/07/2018, 00:00:00, 478.19, 510.79, 466.1, 499.01, 96530.99254641
1531872000, 18/07/2018, 00:00:00, 499.01, 515.88, 468.85, 478.81, 98509.85475243
1531958400, 19/07/2018, 00:00:00, 478.92, 483.88, 462.07, 468.39, 52575.33303783
1532044800, 20/07/2018, 00:00:00, 468.38, 468.73, 441.0, 448.21, 63247.13934367
1532131200, 21/07/2018, 00:00:00, 448.21, 468.85, 442.0, 461.5, 33370.03300077
1532217600, 22/07/2018, 00:00:00, 461.5, 471.74, 455.0, 456.9, 30453.61703928
1532304000, 23/07/2018, 00:00:00, 456.9, 469.3, 445.66, 449.0, 60608.22750801
1532390400, 24/07/2018, 00:00:00, 449.0, 483.92, 447.99, 478.79, 87160.56699552
1532476800, 25/07/2018, 00:00:00, 478.79, 484.43, 463.55, 470.81, 64253.17438848
1532563200, 26/07/2018, 00:00:00, 470.81, 483.88, 460.0, 461.42, 47802.50322557
1532649600, 27/07/2018, 00:00:00, 461.43, 473.33, 454.25, 469.3, 43939.28025599
1532736000, 28/07/2018, 00:00:00, 469.3, 471.01, 461.25, 468.12, 19179.64218383
1532822400, 29/07/2018, 00:00:00, 468.12, 471.37, 462.0, 466.01, 20117.80509384
1532908800, 30/07/2018, 00:00:00, 466.01, 469.0, 446.0, 456.46, 51162.28711265
1532995200, 31/07/2018, 00:00:00, 456.47, 457.3, 427.33, 432.35, 59440.91065082
1533081600, 01/08/2018, 00:00:00, 432.36, 435.48, 407.78, 419.6, 76974.23009648
1533168000, 02/08/2018, 00:00:00, 419.59, 424.61, 407.29, 410.71, 43453.78187481
1533254400, 03/08/2018, 00:00:00, 410.71, 420.27, 395.0, 417.8, 95200.1162607
1533340800, 04/08/2018, 00:00:00, 417.8, 419.16, 401.0, 407.0, 37316.36430412
1533427200, 05/08/2018, 00:00:00, 407.0, 413.33, 400.5, 408.83, 30585.81027505
1533513600, 06/08/2018, 00:00:00, 408.96, 413.17, 401.0, 404.99, 35553.84200703
1533600000, 07/08/2018, 00:00:00, 404.99, 410.0, 369.1, 378.08, 79598.40595612
1533686400, 08/08/2018, 00:00:00, 378.07, 380.77, 347.18, 355.7, 185480.83073366
1533772800, 09/08/2018, 00:00:00, 355.69, 371.09, 351.0, 363.99, 93660.54696981
1533859200, 10/08/2018, 00:00:00, 363.99, 366.46, 326.0, 330.99, 102786.11054812
1533945600, 11/08/2018, 00:00:00, 331.0, 332.0, 305.14, 318.02, 138086.69928099
1534032000, 12/08/2018, 00:00:00, 318.32, 328.12, 313.29, 318.15, 59713.51417242
1534118400, 13/08/2018, 00:00:00, 318.16, 322.27, 281.41, 284.11, 222117.52492092
1534204800, 14/08/2018, 00:00:00, 284.11, 285.0, 250.28, 279.4, 359941.01144007
1534291200, 15/08/2018, 00:00:00, 279.39, 305.4, 275.93, 281.21, 268255.89152066
1534377600, 16/08/2018, 00:00:00, 281.21, 298.89, 277.84, 286.67, 119548.61877195
1534464000, 17/08/2018, 00:00:00, 286.67, 319.0, 285.42, 317.54, 170451.92209544
1534550400, 18/08/2018, 00:00:00, 317.55, 322.16, 283.1, 296.61, 105672.19642623
1534636800, 19/08/2018, 00:00:00, 296.59, 307.65, 289.33, 300.03, 63555.26729245
1534723200, 20/08/2018, 00:00:00, 300.03, 304.0, 268.02, 270.76, 115416.72792886
1534809600, 21/08/2018, 00:00:00, 270.76, 286.42, 269.13, 281.49, 73300.85753571
1534896000, 22/08/2018, 00:00:00, 281.5, 298.99, 259.11, 270.47, 160772.15113457
1534982400, 23/08/2018, 00:00:00, 270.48, 280.39, 268.6, 275.87, 96644.34487666
1535068800, 24/08/2018, 00:00:00, 275.87, 283.38, 270.27, 281.35, 75748.64847814
1535155200, 25/08/2018, 00:00:00, 281.35, 282.95, 276.99, 277.97, 32482.25807385
1535241600, 26/08/2018, 00:00:00, 277.97, 277.97, 270.0, 274.25, 41263.99454601
1535328000, 27/08/2018, 00:00:00, 274.26, 288.64, 271.32, 287.99, 66277.9291864
1535414400, 28/08/2018, 00:00:00, 288.11, 297.64, 282.85, 295.39, 82043.13012686
1535500800, 29/08/2018, 00:00:00, 295.4, 297.32, 284.11, 289.0, 59249.050789
1535587200, 30/08/2018, 00:00:00, 288.99, 290.99, 272.13, 284.52, 82418.20650024
1535673600, 31/08/2018, 00:00:00, 284.52, 284.7, 276.66, 281.94, 50547.47759252
1535760000, 01/09/2018, 00:00:00, 281.95, 302.2, 281.94, 294.64, 60377.24722536
1535846400, 02/09/2018, 00:00:00, 294.65, 298.72, 288.42, 295.06, 45223.02715521
1535932800, 03/09/2018, 00:00:00, 295.06, 296.38, 285.76, 288.6, 57319.50761057
1536019200, 04/09/2018, 00:00:00, 288.6, 292.11, 282.1, 285.43, 74773.19149528
1536105600, 05/09/2018, 00:00:00, 285.43, 287.95, 225.53, 227.56, 233332.99898428
1536192000, 06/09/2018, 00:00:00, 227.56, 233.6, 211.0, 229.03, 283857.17980889
1536278400, 07/09/2018, 00:00:00, 229.35, 234.23, 214.0, 215.21, 132144.11290942
1536364800, 08/09/2018, 00:00:00, 215.2, 220.0, 190.0, 197.0, 194116.40458204
1536451200, 09/09/2018, 00:00:00, 197.0, 208.5, 185.39, 195.91, 155044.12347013
1536537600, 10/09/2018, 00:00:00, 195.92, 202.7, 186.59, 196.94, 137188.19392798
1536624000, 11/09/2018, 00:00:00, 196.94, 199.25, 175.5, 185.15, 179482.6357956
1536710400, 12/09/2018, 00:00:00, 185.15, 185.15, 167.0, 182.79, 253131.74321164
1536796800, 13/09/2018, 00:00:00, 182.92, 215.0, 182.91, 211.39, 291413.55188749
1536883200, 14/09/2018, 00:00:00, 211.15, 224.3, 202.5, 210.0, 223363.98301937
1536969600, 15/09/2018, 00:00:00, 210.0, 227.55, 208.26, 221.69, 116977.23283788
1537056000, 16/09/2018, 00:00:00, 221.7, 223.43, 208.01, 220.19, 98138.95587542
1537142400, 17/09/2018, 00:00:00, 220.19, 224.9, 192.2, 195.97, 231151.5274723
1537228800, 18/09/2018, 00:00:00, 196.09, 214.87, 194.05, 208.5, 146600.61495684
1537315200, 19/09/2018, 00:00:00, 208.22, 214.68, 197.34, 209.81, 169675.52807699
1537401600, 20/09/2018, 00:00:00, 209.81, 227.34, 206.64, 224.41, 177248.2184546
1537488000, 21/09/2018, 00:00:00, 224.41, 252.0, 221.0, 247.76, 275556.14523401
1537574400, 22/09/2018, 00:00:00, 247.76, 255.0, 232.67, 240.71, 125026.55905007
1537660800, 23/09/2018, 00:00:00, 240.71, 249.79, 237.1, 244.35, 76058.21331054
1537747200, 24/09/2018, 00:00:00, 244.35, 245.79, 225.15, 228.01, 126087.70355033
1537833600, 25/09/2018, 00:00:00, 228.01, 228.01, 203.24, 219.19, 239214.88967415
1537920000, 26/09/2018, 00:00:00, 219.19, 222.43, 207.23, 214.15, 154213.73310933
1538006400, 27/09/2018, 00:00:00, 214.15, 233.5, 210.01, 229.0, 175712.24138176
1538092800, 28/09/2018, 00:00:00, 229.0, 234.59, 215.0, 220.67, 139498.22319499
1538179200, 29/09/2018, 00:00:00, 220.67, 235.35, 213.7, 231.01, 108156.43724946
1538265600, 30/09/2018, 00:00:00, 231.01, 238.69, 225.5, 232.27, 92112.81192603
1538352000, 01/10/2018, 00:00:00, 232.27, 234.92, 223.45, 230.4, 85964.99535152
1538438400, 02/10/2018, 00:00:00, 230.4, 231.08, 221.44, 224.85, 76658.97876023
1538524800, 03/10/2018, 00:00:00, 224.85, 224.9, 214.0, 219.01, 95124.62230285
1538611200, 04/10/2018, 00:00:00, 219.1, 225.66, 218.31, 221.0, 74275.51465712
1538697600, 05/10/2018, 00:00:00, 221.0, 230.34, 218.0, 226.89, 71553.04039729
1538784000, 06/10/2018, 00:00:00, 226.88, 227.51, 222.32, 223.85, 32635.73942303
1538870400, 07/10/2018, 00:00:00, 223.85, 225.95, 220.0, 224.82, 31120.90366916
1538956800, 08/10/2018, 00:00:00, 224.83, 231.1, 222.25, 227.68, 52494.74130557
1539043200, 09/10/2018, 00:00:00, 227.71, 228.45, 225.06, 226.15, 41885.89404604
1539129600, 10/10/2018, 00:00:00, 226.14, 226.25, 221.52, 223.61, 56636.2682239
1539216000, 11/10/2018, 00:00:00, 223.61, 223.61, 184.81, 188.32, 316654.3133909
1539302400, 12/10/2018, 00:00:00, 188.32, 198.5, 187.15, 194.1, 94955.90937595
1539388800, 13/10/2018, 00:00:00, 194.01, 198.37, 193.45, 196.72, 39709.49692781
1539475200, 14/10/2018, 00:00:00, 196.72, 199.41, 189.13, 191.87, 50132.32545292
1539561600, 15/10/2018, 00:00:00, 192.05, 220.64, 189.96, 204.53, 222616.17410508
1539648000, 16/10/2018, 00:00:00, 204.55, 207.97, 202.1, 205.43, 56530.71462819
1539734400, 17/10/2018, 00:00:00, 205.43, 206.35, 201.2, 203.21, 65015.90657877
1539820800, 18/10/2018, 00:00:00, 203.21, 205.56, 195.15, 199.2, 102830.17997033
1539907200, 19/10/2018, 00:00:00, 199.1, 201.47, 197.8, 200.0, 49760.17159262
1539993600, 20/10/2018, 00:00:00, 200.0, 204.66, 199.31, 202.69, 73297.71204662
1540080000, 21/10/2018, 00:00:00, 202.69, 205.66, 201.19, 202.12, 34115.86267097
1540166400, 22/10/2018, 00:00:00, 202.12, 203.0, 198.75, 201.25, 46179.42865075
1540252800, 23/10/2018, 00:00:00, 201.25, 201.96, 197.96, 201.12, 41922.86883239
1540339200, 24/10/2018, 00:00:00, 201.12, 202.47, 200.38, 200.68, 40013.43593106
1540425600, 25/10/2018, 00:00:00, 200.68, 200.72, 195.83, 199.65, 69962.93507866
1540512000, 26/10/2018, 00:00:00, 199.66, 204.35, 198.64, 200.7, 48108.36095811
1540598400, 27/10/2018, 00:00:00, 200.71, 201.7, 200.42, 201.46, 21675.18980369
1540684800, 28/10/2018, 00:00:00, 201.46, 202.85, 201.0, 202.43, 21354.21586505
1540771200, 29/10/2018, 00:00:00, 202.44, 202.65, 190.92, 194.31, 78724.65664721
1540857600, 30/10/2018, 00:00:00, 194.29, 196.41, 192.6, 195.35, 57625.06380685
1540944000, 31/10/2018, 00:00:00, 195.36, 200.0, 191.4, 196.95, 56547.60918898
1541030400, 01/11/2018, 00:00:00, 196.95, 198.63, 196.2, 197.96, 35742.82382362
1541116800, 02/11/2018, 00:00:00, 197.96, 201.75, 197.8, 199.75, 45642.51794534
1541203200, 03/11/2018, 00:00:00, 199.75, 200.0, 197.51, 198.35, 27311.98346683
1541289600, 04/11/2018, 00:00:00, 198.46, 217.77, 198.1, 210.06, 99918.45884
1541376000, 05/11/2018, 00:00:00, 210.06, 211.2, 205.38, 208.53, 57325.49179142
1541462400, 06/11/2018, 00:00:00, 208.53, 219.08, 207.13, 218.65, 112409.82321353
1541548800, 07/11/2018, 00:00:00, 218.66, 222.78, 215.56, 216.84, 69736.02015595
1541635200, 08/11/2018, 00:00:00, 216.85, 218.27, 209.66, 210.34, 57923.00913792
1541721600, 09/11/2018, 00:00:00, 210.35, 212.2, 206.2, 208.01, 38594.06994426
1541808000, 10/11/2018, 00:00:00, 208.01, 212.78, 207.69, 210.29, 30237.75116139
1541894400, 11/11/2018, 00:00:00, 210.28, 211.17, 206.15, 209.88, 21445.01984029
1541980800, 12/11/2018, 00:00:00, 209.72, 211.22, 207.0, 208.77, 40880.42280294
1542067200, 13/11/2018, 00:00:00, 208.77, 208.77, 202.76, 203.2, 62704.03543844
1542153600, 14/11/2018, 00:00:00, 203.2, 204.9, 165.2, 177.79, 336823.61672987
1542240000, 15/11/2018, 00:00:00, 177.76, 181.0, 165.33, 178.89, 236756.41840392
1542326400, 16/11/2018, 00:00:00, 178.89, 179.76, 169.22, 172.4, 120624.58161092
1542412800, 17/11/2018, 00:00:00, 172.4, 174.41, 170.34, 172.49, 59323.10686193
1542499200, 18/11/2018, 00:00:00, 172.49, 180.21, 172.15, 175.87, 68496.26937723
1542585600, 19/11/2018, 00:00:00, 175.9, 175.92, 142.0, 145.21, 437034.79384885
1542672000, 20/11/2018, 00:00:00, 145.22, 149.5, 121.5, 127.55, 769531.16269751
1542758400, 21/11/2018, 00:00:00, 127.56, 138.48, 122.65, 134.73, 349956.46745766
1542844800, 22/11/2018, 00:00:00, 134.75, 136.71, 122.54, 123.25, 146571.74543072
1542931200, 23/11/2018, 00:00:00, 123.3, 125.15, 116.24, 121.44, 270783.54268914
1543017600, 24/11/2018, 00:00:00, 121.44, 125.89, 106.15, 110.16, 216618.50007219
1543104000, 25/11/2018, 00:00:00, 110.22, 118.83, 98.2, 114.3, 456787.11594616
1543190400, 26/11/2018, 00:00:00, 114.29, 116.88, 102.26, 106.95, 323797.00414135
1543276800, 27/11/2018, 00:00:00, 106.84, 111.6, 99.26, 108.7, 260914.59485603
1543363200, 28/11/2018, 00:00:00, 108.74, 126.46, 108.74, 121.94, 336446.6517417
1543449600, 29/11/2018, 00:00:00, 121.95, 123.05, 113.0, 116.38, 208250.88102992
1543536000, 30/11/2018, 00:00:00, 116.38, 119.0, 109.24, 111.65, 132379.95197781
1543622400, 01/12/2018, 00:00:00, 111.7, 119.77, 110.0, 116.82, 123338.64180085
1543708800, 02/12/2018, 00:00:00, 116.82, 119.45, 114.05, 114.76, 76262.88012718
1543795200, 03/12/2018, 00:00:00, 114.76, 115.12, 104.74, 107.21, 141150.72465588
1543881600, 04/12/2018, 00:00:00, 107.21, 112.0, 104.78, 108.61, 114117.39538312
1543968000, 05/12/2018, 00:00:00, 108.61, 109.37, 99.5, 100.76, 181819.43919535
1544054400, 06/12/2018, 00:00:00, 100.75, 102.85, 88.92, 89.09, 347693.32282974
1544140800, 07/12/2018, 00:00:00, 89.1, 97.16, 81.02, 92.45, 561764.88745187
1544227200, 08/12/2018, 00:00:00, 92.46, 97.52, 84.0, 89.99, 252970.51521697
1544313600, 09/12/2018, 00:00:00, 89.99, 98.3, 88.15, 92.79, 190909.13208633
1544400000, 10/12/2018, 00:00:00, 92.8, 94.62, 87.3, 89.23, 138872.09717663
1544486400, 11/12/2018, 00:00:00, 89.23, 91.21, 85.15, 86.96, 128274.4301784
1544572800, 12/12/2018, 00:00:00, 86.96, 91.0, 86.06, 89.09, 117430.49906082
1544659200, 13/12/2018, 00:00:00, 89.02, 90.25, 83.48, 85.35, 146120.43656492
1544745600, 14/12/2018, 00:00:00, 85.35, 85.98, 80.6, 83.0, 158096.10199817
1544832000, 15/12/2018, 00:00:00, 83.0, 84.29, 80.89, 83.03, 111703.11480954
1544918400, 16/12/2018, 00:00:00, 82.92, 86.82, 82.82, 83.74, 95638.40836968
1545004800, 17/12/2018, 00:00:00, 83.74, 96.74, 83.51, 93.79, 266398.71355486
1545091200, 18/12/2018, 00:00:00, 93.8, 101.5, 91.55, 101.0, 200102.85759057
1545177600, 19/12/2018, 00:00:00, 101.0, 107.88, 98.16, 99.34, 358540.81469224
1545264000, 20/12/2018, 00:00:00, 99.39, 119.0, 98.5, 114.52, 336677.57243746
1545350400, 21/12/2018, 00:00:00, 114.52, 120.0, 105.3, 107.74, 250746.79953019
1545436800, 22/12/2018, 00:00:00, 107.74, 116.3, 105.5, 116.09, 122011.29825044
1545523200, 23/12/2018, 00:00:00, 116.1, 133.0, 116.01, 129.61, 332666.35600676
1545609600, 24/12/2018, 00:00:00, 129.61, 159.51, 129.53, 139.09, 618285.82327341
1545696000, 25/12/2018, 00:00:00, 139.02, 140.26, 122.15, 128.82, 369771.52426131
1545782400, 26/12/2018, 00:00:00, 128.83, 136.72, 123.54, 130.47, 208096.40093351
1545868800, 27/12/2018, 00:00:00, 130.47, 131.78, 112.26, 114.63, 283102.63676172
1545955200, 28/12/2018, 00:00:00, 114.53, 138.58, 113.31, 136.82, 332662.38220525
1546041600, 29/12/2018, 00:00:00, 136.81, 147.3, 131.72, 134.15, 261566.1373545
1546128000, 30/12/2018, 00:00:00, 134.36, 140.64, 128.3, 138.78, 214924.88535576
1546214400, 31/12/2018, 00:00:00, 138.83, 138.9, 128.5, 130.53, 171863.09302169
1546300800, 01/01/2019, 00:00:00, 130.66, 140.9, 129.55, 139.75, 157652.41008451
1546387200, 02/01/2019, 00:00:00, 139.76, 156.69, 138.75, 153.5, 238326.55103927
1546473600, 03/01/2019, 00:00:00, 153.5, 154.44, 144.49, 147.23, 197122.58599257
1546560000, 04/01/2019, 00:00:00, 147.23, 155.51, 145.14, 153.24, 220512.57070221
1546646400, 05/01/2019, 00:00:00, 153.24, 160.62, 152.5, 154.21, 213686.16276661
1546732800, 06/01/2019, 00:00:00, 154.21, 159.58, 148.5, 155.92, 173438.86219927
1546819200, 07/01/2019, 00:00:00, 155.91, 157.15, 148.59, 150.62, 145179.87148568
1546905600, 08/01/2019, 00:00:00, 150.57, 152.9, 146.71, 148.97, 123724.63399899
1546992000, 09/01/2019, 00:00:00, 149.1, 152.88, 148.36, 149.5, 94953.11101914
1547078400, 10/01/2019, 00:00:00, 149.49, 150.9, 122.15, 126.41, 346632.61968851
1547164800, 11/01/2019, 00:00:00, 126.42, 128.84, 121.74, 125.83, 161522.39856758
1547251200, 12/01/2019, 00:00:00, 125.83, 127.28, 123.4, 124.59, 88962.93998702
1547337600, 13/01/2019, 00:00:00, 124.57, 125.21, 113.5, 115.58, 145212.54789435
1547424000, 14/01/2019, 00:00:00, 115.61, 132.38, 115.34, 128.37, 203574.72632038
1547510400, 15/01/2019, 00:00:00, 128.36, 130.61, 116.91, 120.0, 201834.22366877
1547596800, 16/01/2019, 00:00:00, 120.01, 127.6, 119.0, 122.12, 148908.69096552
1547683200, 17/01/2019, 00:00:00, 122.19, 123.83, 117.12, 122.55, 117990.75819607
1547769600, 18/01/2019, 00:00:00, 122.53, 122.88, 118.18, 119.53, 65948.75483108
1547856000, 19/01/2019, 00:00:00, 119.54, 126.3, 119.54, 123.17, 90928.9630829
1547942400, 20/01/2019, 00:00:00, 123.2, 123.7, 115.51, 117.43, 96855.28662478
1548028800, 21/01/2019, 00:00:00, 117.44, 118.02, 113.68, 115.86, 84283.26849933
1548115200, 22/01/2019, 00:00:00, 115.86, 119.5, 110.37, 118.08, 124950.90769255
1548201600, 23/01/2019, 00:00:00, 118.08, 118.9, 115.02, 116.55, 61060.32189658
1548288000, 24/01/2019, 00:00:00, 116.56, 117.11, 113.62, 116.4, 59367.65707181
1548374400, 25/01/2019, 00:00:00, 116.4, 117.09, 114.04, 114.95, 77821.19091979
1548460800, 26/01/2019, 00:00:00, 114.95, 117.47, 114.78, 115.01, 43621.34385393
1548547200, 27/01/2019, 00:00:00, 115.01, 115.45, 110.3, 111.35, 70799.34308281
1548633600, 28/01/2019, 00:00:00, 111.35, 112.1, 100.9, 105.47, 175738.30871965
1548720000, 29/01/2019, 00:00:00, 105.44, 105.98, 102.16, 104.02, 77500.92418347
1548806400, 30/01/2019, 00:00:00, 104.01, 109.45, 102.9, 107.61, 111443.14135118
1548892800, 31/01/2019, 00:00:00, 107.61, 109.97, 104.83, 105.79, 85581.12191545
1548979200, 01/02/2019, 00:00:00, 105.79, 107.69, 103.0, 105.88, 88491.11648974
1549065600, 02/02/2019, 00:00:00, 105.85, 109.98, 105.16, 109.3, 58843.40230811
1549152000, 03/02/2019, 00:00:00, 109.3, 110.0, 104.52, 105.94, 65945.94324768
1549238400, 04/02/2019, 00:00:00, 105.98, 107.85, 105.29, 106.08, 45781.08750642
1549324800, 05/02/2019, 00:00:00, 106.04, 106.5, 105.08, 106.0, 41040.00011483
1549411200, 06/02/2019, 00:00:00, 106.02, 106.31, 100.15, 103.36, 106516.79606559
1549497600, 07/02/2019, 00:00:00, 103.32, 104.77, 102.75, 103.21, 47915.93888922
1549584000, 08/02/2019, 00:00:00, 103.22, 122.0, 102.29, 117.96, 232502.28262242
1549670400, 09/02/2019, 00:00:00, 117.96, 119.77, 116.55, 118.06, 67741.85203653
1549756800, 10/02/2019, 00:00:00, 118.06, 125.28, 115.04, 123.94, 93443.53388736
1549843200, 11/02/2019, 00:00:00, 123.93, 124.11, 118.24, 119.55, 126354.21715778
1549929600, 12/02/2019, 00:00:00, 119.57, 122.35, 117.0, 120.82, 104451.63662862
1550016000, 13/02/2019, 00:00:00, 120.81, 125.0, 119.51, 120.74, 91230.80347702
1550102400, 14/02/2019, 00:00:00, 120.74, 123.22, 118.73, 119.39, 74312.95458156
1550188800, 15/02/2019, 00:00:00, 119.39, 123.57, 119.13, 120.42, 62036.48868837
1550275200, 16/02/2019, 00:00:00, 120.42, 123.6, 120.42, 121.56, 37397.10303824
1550361600, 17/02/2019, 00:00:00, 121.55, 134.14, 121.38, 132.34, 189286.81824004
1550448000, 18/02/2019, 00:00:00, 132.33, 147.8, 131.05, 144.62, 324838.34445571
1550534400, 19/02/2019, 00:00:00, 144.58, 149.47, 142.46, 142.69, 174940.35332438
1550620800, 20/02/2019, 00:00:00, 142.71, 148.4, 138.16, 147.19, 142484.55505055
1550707200, 21/02/2019, 00:00:00, 147.16, 148.6, 141.76, 144.21, 114594.16926271
1550793600, 22/02/2019, 00:00:00, 144.19, 147.5, 142.26, 146.68, 82908.85085031
1550880000, 23/02/2019, 00:00:00, 146.67, 159.91, 144.89, 157.56, 169420.2257729
1550966400, 24/02/2019, 00:00:00, 157.55, 165.62, 131.0, 131.76, 349219.94405158
1551052800, 25/02/2019, 00:00:00, 131.76, 141.09, 130.61, 137.64, 165457.69097425
1551139200, 26/02/2019, 00:00:00, 137.63, 140.63, 133.03, 135.66, 94611.60674136
1551225600, 27/02/2019, 00:00:00, 135.74, 140.0, 125.7, 134.46, 149133.38447066
1551312000, 28/02/2019, 00:00:00, 134.36, 139.0, 131.66, 134.48, 118030.51658506
1551398400, 01/03/2019, 00:00:00, 134.48, 137.53, 133.52, 134.72, 90382.88879399
1551484800, 02/03/2019, 00:00:00, 134.71, 135.39, 128.85, 132.32, 73890.52108609
1551571200, 03/03/2019, 00:00:00, 132.31, 134.41, 127.49, 129.78, 56761.42680555
1551657600, 04/03/2019, 00:00:00, 129.79, 130.22, 122.75, 125.24, 145880.92698053
1551744000, 05/03/2019, 00:00:00, 125.24, 137.49, 124.78, 136.3, 126482.54436724
1551830400, 06/03/2019, 00:00:00, 136.3, 140.0, 129.4, 137.0, 132735.21160008
1551916800, 07/03/2019, 00:00:00, 137.0, 139.68, 134.84, 136.29, 78148.67498289
1552003200, 08/03/2019, 00:00:00, 136.25, 138.6, 130.13, 132.75, 109051.38383922
1552089600, 09/03/2019, 00:00:00, 132.75, 138.01, 132.09, 136.41, 72226.47787985
1552176000, 10/03/2019, 00:00:00, 136.41, 136.73, 133.42, 134.66, 39485.26535825
1552262400, 11/03/2019, 00:00:00, 134.67, 135.37, 130.57, 132.05, 60950.85678864
1552348800, 12/03/2019, 00:00:00, 132.05, 134.3, 127.19, 132.8, 109786.4621842
1552435200, 13/03/2019, 00:00:00, 132.81, 132.94, 130.2, 131.16, 46032.46797637
1552521600, 14/03/2019, 00:00:00, 131.14, 135.09, 128.9, 131.4, 50560.72963066
1552608000, 15/03/2019, 00:00:00, 131.4, 136.91, 131.4, 135.99, 91959.49521847
1552694400, 16/03/2019, 00:00:00, 135.99, 147.23, 135.98, 140.48, 146871.31910951
1552780800, 17/03/2019, 00:00:00, 140.49, 140.56, 136.3, 138.07, 50370.40578707
1552867200, 18/03/2019, 00:00:00, 138.08, 141.3, 135.67, 137.01, 78074.3144158
1552953600, 19/03/2019, 00:00:00, 137.01, 138.65, 136.32, 138.15, 51002.41575666
1553040000, 20/03/2019, 00:00:00, 138.15, 139.33, 135.4, 138.73, 54900.47763403
1553126400, 21/03/2019, 00:00:00, 138.72, 139.14, 132.21, 134.41, 87061.37800034
1553212800, 22/03/2019, 00:00:00, 134.47, 136.93, 134.1, 135.63, 43537.77573634
1553299200, 23/03/2019, 00:00:00, 135.67, 137.5, 135.18, 136.52, 31767.16377086
1553385600, 24/03/2019, 00:00:00, 136.52, 136.52, 133.22, 135.37, 47018.65729994
1553472000, 25/03/2019, 00:00:00, 135.36, 136.12, 130.64, 133.01, 54980.7929363
1553558400, 26/03/2019, 00:00:00, 133.01, 133.8, 131.38, 133.28, 35935.77654048
1553644800, 27/03/2019, 00:00:00, 133.26, 139.71, 133.01, 139.08, 95849.8485137
1553731200, 28/03/2019, 00:00:00, 139.08, 139.08, 136.7, 137.46, 42440.12631835
1553817600, 29/03/2019, 00:00:00, 137.43, 143.09, 136.88, 142.83, 69918.16695945
1553904000, 30/03/2019, 00:00:00, 142.83, 145.48, 140.12, 142.12, 70292.40607708
1553990400, 31/03/2019, 00:00:00, 142.12, 142.27, 140.21, 141.2, 34441.10928232
1554076800, 01/04/2019, 00:00:00, 141.23, 143.0, 138.81, 141.0, 60125.58056027
1554163200, 02/04/2019, 00:00:00, 140.91, 167.5, 140.71, 164.69, 377851.4887581
1554249600, 03/04/2019, 00:00:00, 164.55, 180.1, 150.52, 161.33, 508272.16678562
1554336000, 04/04/2019, 00:00:00, 161.05, 164.84, 153.5, 157.65, 167376.33672998
1554422400, 05/04/2019, 00:00:00, 157.69, 169.2, 155.5, 166.08, 138429.58476632
1554508800, 06/04/2019, 00:00:00, 166.07, 173.19, 160.48, 165.79, 121006.88089457
1554595200, 07/04/2019, 00:00:00, 165.7, 177.17, 164.27, 174.84, 133596.30513451
1554681600, 08/04/2019, 00:00:00, 174.91, 187.62, 173.95, 180.74, 262579.62465928
1554768000, 09/04/2019, 00:00:00, 180.74, 180.83, 174.34, 175.83, 110942.00252594
1554854400, 10/04/2019, 00:00:00, 175.78, 185.62, 169.52, 177.55, 234412.23707184
1554940800, 11/04/2019, 00:00:00, 177.64, 177.9, 160.56, 164.92, 183632.89673191
1555027200, 12/04/2019, 00:00:00, 164.92, 168.87, 159.27, 164.27, 122195.27831273
1555113600, 13/04/2019, 00:00:00, 164.24, 166.45, 161.08, 163.75, 45742.98420894
1555200000, 14/04/2019, 00:00:00, 163.76, 169.25, 161.83, 168.27, 42758.2169932
1555286400, 15/04/2019, 00:00:00, 168.32, 169.76, 156.0, 160.24, 110835.43191846
1555372800, 16/04/2019, 00:00:00, 160.03, 168.6, 159.46, 166.38, 83300.80229979
1555459200, 17/04/2019, 00:00:00, 166.38, 168.73, 164.55, 166.54, 57218.56651837
1555545600, 18/04/2019, 00:00:00, 166.53, 176.17, 166.01, 174.15, 122931.05509079
1555632000, 19/04/2019, 00:00:00, 174.15, 174.84, 169.14, 173.83, 88665.991039
1555718400, 20/04/2019, 00:00:00, 173.83, 177.84, 170.87, 173.73, 65288.39101341
1555804800, 21/04/2019, 00:00:00, 173.74, 174.45, 166.33, 169.9, 72244.11862119
1555891200, 22/04/2019, 00:00:00, 169.89, 173.65, 168.21, 171.58, 79232.67046925
1555977600, 23/04/2019, 00:00:00, 171.59, 176.94, 169.01, 170.14, 128517.81262502
1556064000, 24/04/2019, 00:00:00, 170.21, 171.08, 160.3, 165.75, 135785.58300153
1556150400, 25/04/2019, 00:00:00, 165.54, 166.34, 146.0, 152.05, 160352.9439292
1556236800, 26/04/2019, 00:00:00, 152.07, 156.0, 148.26, 153.41, 138423.24332632
1556323200, 27/04/2019, 00:00:00, 153.42, 159.0, 152.54, 155.66, 60998.93058193
1556409600, 28/04/2019, 00:00:00, 155.73, 156.45, 152.16, 153.19, 50413.79060096
1556496000, 29/04/2019, 00:00:00, 153.17, 154.69, 148.81, 152.36, 67927.03934099
1556582400, 30/04/2019, 00:00:00, 152.4, 161.2, 152.32, 160.4, 98019.06623203
1556668800, 01/05/2019, 00:00:00, 160.39, 163.25, 156.59, 158.3, 68430.60820603
1556755200, 02/05/2019, 00:00:00, 158.31, 160.57, 155.91, 158.7, 57673.51245969
1556841600, 03/05/2019, 00:00:00, 158.7, 169.26, 157.61, 164.74, 119958.52315646
1556928000, 04/05/2019, 00:00:00, 164.73, 168.71, 158.0, 161.85, 121207.98149473
1557014400, 05/05/2019, 00:00:00, 161.93, 163.4, 157.28, 161.25, 76173.12414933
1557100800, 06/05/2019, 00:00:00, 161.26, 175.97, 157.78, 171.07, 143496.62724211
1557187200, 07/05/2019, 00:00:00, 171.08, 180.69, 165.2, 166.51, 206913.20117177
1557273600, 08/05/2019, 00:00:00, 166.5, 172.03, 162.0, 169.58, 124621.32917553
1557360000, 09/05/2019, 00:00:00, 169.61, 173.33, 165.25, 170.11, 108442.46096158
1557446400, 10/05/2019, 00:00:00, 170.11, 176.32, 167.49, 172.21, 187668.29578342
1557532800, 11/05/2019, 00:00:00, 172.23, 207.0, 172.19, 192.52, 458103.16155206
1557619200, 12/05/2019, 00:00:00, 192.59, 204.19, 182.39, 188.23, 324858.65370109
1557705600, 13/05/2019, 00:00:00, 188.23, 209.85, 185.62, 196.51, 347273.92922569
1557792000, 14/05/2019, 00:00:00, 196.38, 221.0, 195.17, 217.44, 449154.94366757
1557878400, 15/05/2019, 00:00:00, 217.66, 250.79, 216.84, 249.0, 537189.049239
1557964800, 16/05/2019, 00:00:00, 249.0, 281.77, 242.19, 264.39, 817730.92021458
1558051200, 17/05/2019, 00:00:00, 264.31, 269.23, 222.88, 244.59, 586719.23064754
1558137600, 18/05/2019, 00:00:00, 244.47, 249.24, 231.4, 234.03, 166530.75233775
1558224000, 19/05/2019, 00:00:00, 234.0, 264.77, 232.44, 261.09, 271401.01834159
1558310400, 20/05/2019, 00:00:00, 260.44, 260.83, 239.0, 252.22, 255384.8649075
1558396800, 21/05/2019, 00:00:00, 252.42, 264.2, 247.84, 254.74, 241217.96171467
1558483200, 22/05/2019, 00:00:00, 254.64, 261.62, 240.04, 243.32, 224807.14020856
1558569600, 23/05/2019, 00:00:00, 243.37, 248.7, 231.12, 245.64, 173213.80426885
1558656000, 24/05/2019, 00:00:00, 245.8, 256.06, 242.4, 249.83, 164082.25365936
1558742400, 25/05/2019, 00:00:00, 249.82, 258.89, 248.43, 251.55, 69549.67352134
1558828800, 26/05/2019, 00:00:00, 251.55, 271.19, 245.66, 268.37, 160477.67495655
1558915200, 27/05/2019, 00:00:00, 268.23, 279.55, 262.0, 271.24, 221001.51087716
1559001600, 28/05/2019, 00:00:00, 271.53, 276.5, 265.45, 271.15, 113649.4720459
1559088000, 29/05/2019, 00:00:00, 271.15, 274.25, 260.2, 269.39, 146998.82045879
1559174400, 30/05/2019, 00:00:00, 269.39, 288.77, 235.44, 254.62, 409842.88900647
1559260800, 31/05/2019, 00:00:00, 254.7, 268.55, 245.05, 267.74, 189923.24442757
1559347200, 01/06/2019, 00:00:00, 267.68, 274.99, 261.3, 264.78, 122918.63094281
1559433600, 02/06/2019, 00:00:00, 264.72, 274.75, 264.11, 269.23, 59571.35658779
1559520000, 03/06/2019, 00:00:00, 269.24, 270.3, 246.6, 249.55, 156011.2024819
1559606400, 04/06/2019, 00:00:00, 249.4, 250.99, 233.0, 240.93, 237867.29020342
1559692800, 05/06/2019, 00:00:00, 240.95, 249.0, 237.55, 246.32, 140417.13083672
1559779200, 06/06/2019, 00:00:00, 246.28, 251.29, 235.32, 249.4, 127820.31105012
1559865600, 07/06/2019, 00:00:00, 249.54, 254.4, 244.84, 249.49, 120802.14284974
1559952000, 08/06/2019, 00:00:00, 249.47, 251.17, 241.52, 244.3, 53536.02546265
1560038400, 09/06/2019, 00:00:00, 244.3, 244.97, 226.56, 231.3, 127013.25075945
1560124800, 10/06/2019, 00:00:00, 231.36, 248.16, 227.52, 247.84, 124592.5254577
1560211200, 11/06/2019, 00:00:00, 247.75, 249.38, 237.33, 245.11, 105193.94701042
1560297600, 12/06/2019, 00:00:00, 245.16, 263.81, 243.01, 262.92, 163750.61979963
1560384000, 13/06/2019, 00:00:00, 262.89, 264.75, 254.2, 255.4, 132862.50737434
1560470400, 14/06/2019, 00:00:00, 255.29, 266.21, 252.42, 263.8, 130707.86632348
1560556800, 15/06/2019, 00:00:00, 263.83, 273.3, 261.57, 269.29, 104725.00632798
1560643200, 16/06/2019, 00:00:00, 269.26, 278.83, 263.02, 268.33, 129767.84976422
1560729600, 17/06/2019, 00:00:00, 268.35, 275.93, 267.69, 273.97, 110046.64920659
1560816000, 18/06/2019, 00:00:00, 273.9, 274.24, 261.0, 264.37, 123601.20044052
1560902400, 19/06/2019, 00:00:00, 264.27, 270.07, 263.36, 268.79, 91888.67661292
1560988800, 20/06/2019, 00:00:00, 268.88, 274.84, 266.51, 272.0, 79241.93844686
1561075200, 21/06/2019, 00:00:00, 272.0, 299.0, 272.0, 296.25, 266126.47729855
1561161600, 22/06/2019, 00:00:00, 296.79, 315.54, 293.46, 308.49, 290407.69396188
1561248000, 23/06/2019, 00:00:00, 308.5, 318.0, 304.6, 306.98, 166054.97568955
1561334400, 24/06/2019, 00:00:00, 306.85, 313.1, 295.68, 311.0, 160200.27089955
1561420800, 25/06/2019, 00:00:00, 311.0, 317.4, 306.0, 316.59, 136811.07252438
1561507200, 26/06/2019, 00:00:00, 316.59, 364.49, 308.0, 334.86, 554774.40893851
1561593600, 27/06/2019, 00:00:00, 334.81, 343.82, 273.5, 293.47, 502689.16596106
1561680000, 28/06/2019, 00:00:00, 293.47, 312.9, 289.66, 309.37, 208306.57785915
1561766400, 29/06/2019, 00:00:00, 309.38, 324.5, 291.25, 317.0, 184051.58650003
1561852800, 30/06/2019, 00:00:00, 317.04, 323.61, 286.0, 290.07, 164606.3739219
1561939200, 01/07/2019, 00:00:00, 290.08, 301.32, 278.65, 293.7, 184839.74588246
1562025600, 02/07/2019, 00:00:00, 293.72, 296.24, 270.42, 291.25, 221624.50052172
1562112000, 03/07/2019, 00:00:00, 291.25, 303.83, 289.61, 301.79, 105705.70508639
1562198400, 04/07/2019, 00:00:00, 301.77, 304.0, 280.1, 282.8, 100227.78726344
1562284800, 05/07/2019, 00:00:00, 282.81, 294.9, 280.0, 288.0, 106439.56862999
1562371200, 06/07/2019, 00:00:00, 287.83, 298.25, 285.31, 287.57, 67042.77052392
1562457600, 07/07/2019, 00:00:00, 287.58, 310.7, 283.87, 306.34, 124381.70907471
1562544000, 08/07/2019, 00:00:00, 306.33, 315.0, 302.24, 313.24, 107535.39042955
1562630400, 09/07/2019, 00:00:00, 313.23, 318.6, 302.78, 307.92, 127696.99944532
1562716800, 10/07/2019, 00:00:00, 307.95, 314.98, 281.3, 288.64, 188864.02455619
1562803200, 11/07/2019, 00:00:00, 288.68, 288.68, 261.57, 268.68, 220929.69769032
1562889600, 12/07/2019, 00:00:00, 268.88, 279.3, 266.37, 275.55, 87768.42959196
1562976000, 13/07/2019, 00:00:00, 275.62, 276.34, 261.79, 269.04, 82315.42742837
1563062400, 14/07/2019, 00:00:00, 268.99, 270.02, 222.7, 225.76, 233603.44513134
1563148800, 15/07/2019, 00:00:00, 225.96, 235.87, 203.0, 228.28, 396067.77282556
1563235200, 16/07/2019, 00:00:00, 228.2, 234.58, 190.11, 198.89, 405991.73776733
1563321600, 17/07/2019, 00:00:00, 198.92, 221.0, 192.04, 211.4, 264597.39633053
1563408000, 18/07/2019, 00:00:00, 211.55, 229.99, 206.2, 226.31, 227395.84250302
1563494400, 19/07/2019, 00:00:00, 226.29, 226.78, 213.15, 221.21, 118256.35139233
1563580800, 20/07/2019, 00:00:00, 221.3, 236.58, 219.98, 228.89, 108052.81733306
1563667200, 21/07/2019, 00:00:00, 228.84, 229.85, 217.04, 225.64, 91169.56939364
1563753600, 22/07/2019, 00:00:00, 225.7, 228.28, 211.45, 217.13, 110967.22826496
1563840000, 23/07/2019, 00:00:00, 217.13, 219.11, 208.43, 211.93, 120650.93848248
1563926400, 24/07/2019, 00:00:00, 211.96, 218.14, 200.5, 216.59, 162160.41709381
1564012800, 25/07/2019, 00:00:00, 216.55, 226.22, 215.19, 219.28, 104748.44286272
1564099200, 26/07/2019, 00:00:00, 219.29, 222.12, 212.69, 219.35, 75266.41662311
1564185600, 27/07/2019, 00:00:00, 219.42, 224.14, 202.46, 207.11, 130620.90261067
1564272000, 28/07/2019, 00:00:00, 207.11, 213.98, 197.0, 211.5, 81987.96383481
1564358400, 29/07/2019, 00:00:00, 211.5, 215.31, 205.7, 210.73, 93192.25144299
1564444800, 30/07/2019, 00:00:00, 210.7, 214.56, 204.0, 209.83, 55786.22007482
1564531200, 31/07/2019, 00:00:00, 209.8, 218.92, 209.53, 218.7, 65562.00210273
1564617600, 01/08/2019, 00:00:00, 218.68, 219.3, 211.0, 217.55, 63542.11348322
1564704000, 02/08/2019, 00:00:00, 217.53, 222.77, 214.82, 217.8, 76956.2426997
1564790400, 03/08/2019, 00:00:00, 217.86, 224.81, 215.5, 222.14, 72439.25920706
1564876800, 04/08/2019, 00:00:00, 222.15, 224.04, 217.37, 222.81, 42059.8553061
1564963200, 05/08/2019, 00:00:00, 222.87, 236.9, 222.82, 233.0, 122200.24027698
1565049600, 06/08/2019, 00:00:00, 232.91, 239.45, 222.05, 225.81, 116406.49371703
1565136000, 07/08/2019, 00:00:00, 225.82, 231.22, 220.0, 225.8, 90294.83853933
1565222400, 08/08/2019, 00:00:00, 225.96, 226.48, 213.7, 220.81, 102248.08047428
1565308800, 09/08/2019, 00:00:00, 220.83, 221.3, 206.5, 210.3, 86725.7821728
1565395200, 10/08/2019, 00:00:00, 210.3, 214.68, 200.38, 206.1, 78386.70942215
1565481600, 11/08/2019, 00:00:00, 206.11, 216.58, 205.63, 216.06, 53920.19155512
1565568000, 12/08/2019, 00:00:00, 216.21, 216.47, 209.51, 211.26, 63007.74590222
1565654400, 13/08/2019, 00:00:00, 211.28, 211.28, 202.8, 208.58, 84753.26760416
1565740800, 14/08/2019, 00:00:00, 208.49, 209.13, 181.6, 186.3, 179928.54755359
1565827200, 15/08/2019, 00:00:00, 186.3, 191.47, 171.0, 188.2, 175478.78465505
1565913600, 16/08/2019, 00:00:00, 188.2, 188.21, 178.47, 185.26, 68769.95687118
1566000000, 17/08/2019, 00:00:00, 185.25, 186.9, 181.57, 185.59, 38299.77489852
1566086400, 18/08/2019, 00:00:00, 185.59, 198.17, 183.31, 194.74, 66730.98135188
1566172800, 19/08/2019, 00:00:00, 194.74, 203.91, 193.0, 202.32, 66346.48442619
1566259200, 20/08/2019, 00:00:00, 202.32, 202.81, 194.52, 196.56, 62215.84391136
1566345600, 21/08/2019, 00:00:00, 196.56, 197.17, 180.0, 187.37, 105456.79961362
1566432000, 22/08/2019, 00:00:00, 187.29, 195.11, 182.53, 190.41, 77023.06777788
1566518400, 23/08/2019, 00:00:00, 190.42, 196.66, 188.56, 194.59, 85533.19472661
1566604800, 24/08/2019, 00:00:00, 194.55, 194.59, 186.02, 190.89, 43117.71933613
1566691200, 25/08/2019, 00:00:00, 190.9, 192.76, 182.04, 186.59, 42924.71730806
1566777600, 26/08/2019, 00:00:00, 186.6, 194.28, 185.51, 188.3, 69639.14164157
1566864000, 27/08/2019, 00:00:00, 188.26, 189.0, 184.33, 186.94, 42651.99630144
1566950400, 28/08/2019, 00:00:00, 186.95, 187.92, 165.9, 172.79, 115048.02313062
1567036800, 29/08/2019, 00:00:00, 172.81, 173.51, 163.57, 168.82, 94511.90637422
1567123200, 30/08/2019, 00:00:00, 168.92, 170.43, 165.3, 168.4, 60991.56306126
1567209600, 31/08/2019, 00:00:00, 168.45, 175.0, 165.5, 171.93, 38474.87409743
1567296000, 01/09/2019, 00:00:00, 171.89, 173.98, 168.03, 171.29, 41984.88292842
1567382400, 02/09/2019, 00:00:00, 171.31, 181.78, 170.54, 178.8, 60890.77326734
1567468800, 03/09/2019, 00:00:00, 178.81, 183.15, 174.2, 178.96, 76512.19739815
1567555200, 04/09/2019, 00:00:00, 179.09, 180.33, 173.29, 174.82, 58944.58363482
1567641600, 05/09/2019, 00:00:00, 174.83, 175.82, 168.82, 174.0, 54459.52734815
1567728000, 06/09/2019, 00:00:00, 174.01, 178.45, 164.99, 169.2, 79408.28186347
1567814400, 07/09/2019, 00:00:00, 169.25, 181.07, 168.38, 178.08, 59067.8275201
1567900800, 08/09/2019, 00:00:00, 178.08, 184.73, 176.01, 181.56, 74954.60693096
1567987200, 09/09/2019, 00:00:00, 181.56, 186.0, 176.11, 180.63, 65713.85192782
1568073600, 10/09/2019, 00:00:00, 180.64, 184.55, 176.6, 179.64, 46977.59300526
1568160000, 11/09/2019, 00:00:00, 179.65, 182.49, 173.7, 178.3, 59154.85755616
1568246400, 12/09/2019, 00:00:00, 178.31, 182.66, 176.46, 181.09, 32447.47898189
1568332800, 13/09/2019, 00:00:00, 181.05, 181.85, 177.57, 181.65, 51330.3237735
1568419200, 14/09/2019, 00:00:00, 181.65, 189.32, 180.4, 188.85, 59593.5066095
1568505600, 15/09/2019, 00:00:00, 188.88, 190.99, 186.3, 189.3, 69949.05939013
1568592000, 16/09/2019, 00:00:00, 189.31, 199.55, 188.23, 197.59, 112064.05199504
1568678400, 17/09/2019, 00:00:00, 197.59, 215.0, 195.67, 207.95, 180307.35677094
1568764800, 18/09/2019, 00:00:00, 207.95, 217.49, 207.5, 210.27, 111866.08222226
1568851200, 19/09/2019, 00:00:00, 210.28, 224.71, 200.98, 220.8, 167317.15562892
1568937600, 20/09/2019, 00:00:00, 220.85, 222.38, 212.0, 218.06, 91581.94212672
1569024000, 21/09/2019, 00:00:00, 218.02, 221.61, 213.35, 214.8, 65798.83554123
1569110400, 22/09/2019, 00:00:00, 214.87, 215.45, 206.02, 211.1, 64814.29444826
1569196800, 23/09/2019, 00:00:00, 211.17, 211.6, 198.18, 200.8, 92704.99923469
1569283200, 24/09/2019, 00:00:00, 201.06, 202.72, 157.75, 166.26, 405426.94795946
1569369600, 25/09/2019, 00:00:00, 166.26, 175.25, 162.25, 170.0, 183524.37413052
1569456000, 26/09/2019, 00:00:00, 170.0, 171.0, 152.11, 165.85, 188006.849955
1569542400, 27/09/2019, 00:00:00, 165.85, 177.24, 161.19, 174.44, 109649.43559361
1569628800, 28/09/2019, 00:00:00, 174.36, 176.0, 168.21, 173.9, 75406.27245908
1569715200, 29/09/2019, 00:00:00, 173.9, 175.26, 164.34, 169.38, 72173.97481869
1569801600, 30/09/2019, 00:00:00, 169.39, 181.85, 165.2, 181.17, 126949.56757796
1569888000, 01/10/2019, 00:00:00, 181.22, 185.89, 173.85, 176.15, 97883.38773094
1569974400, 02/10/2019, 00:00:00, 176.14, 181.66, 174.15, 180.82, 73478.77608148
1570060800, 03/10/2019, 00:00:00, 180.9, 181.26, 169.59, 175.05, 70968.26833233
1570147200, 04/10/2019, 00:00:00, 175.11, 179.69, 170.77, 175.97, 52275.84820737
1570233600, 05/10/2019, 00:00:00, 175.97, 177.05, 172.27, 176.73, 32009.68689295
1570320000, 06/10/2019, 00:00:00, 176.72, 177.12, 167.5, 170.18, 57631.70410292
1570406400, 07/10/2019, 00:00:00, 170.18, 182.5, 168.61, 180.26, 90340.80934495
1570492800, 08/10/2019, 00:00:00, 180.29, 185.3, 177.42, 180.72, 67362.24343145
1570579200, 09/10/2019, 00:00:00, 180.73, 196.09, 179.2, 193.26, 147160.11182224
1570665600, 10/10/2019, 00:00:00, 193.26, 194.85, 187.29, 191.79, 86674.1411952
1570752000, 11/10/2019, 00:00:00, 191.86, 197.93, 179.23, 180.84, 121748.84380072
1570838400, 12/10/2019, 00:00:00, 180.94, 184.87, 177.27, 179.86, 57840.90237742
1570924800, 13/10/2019, 00:00:00, 179.76, 184.75, 178.63, 181.18, 51204.16843879
1571011200, 14/10/2019, 00:00:00, 181.12, 187.91, 180.52, 186.85, 60870.08017908
1571097600, 15/10/2019, 00:00:00, 186.86, 188.58, 176.48, 180.58, 119904.59634039
1571184000, 16/10/2019, 00:00:00, 180.56, 181.2, 171.7, 174.5, 83244.34068561
1571270400, 17/10/2019, 00:00:00, 174.55, 179.71, 172.79, 177.31, 67073.57692863
1571356800, 18/10/2019, 00:00:00, 177.31, 177.49, 168.34, 172.96, 80245.09602392
1571443200, 19/10/2019, 00:00:00, 172.96, 175.5, 169.72, 172.09, 47766.30788022
1571529600, 20/10/2019, 00:00:00, 172.05, 176.8, 169.11, 175.49, 43323.2493949
1571616000, 21/10/2019, 00:00:00, 175.49, 178.0, 171.45, 174.37, 69165.37852042
1571702400, 22/10/2019, 00:00:00, 174.36, 175.4, 170.47, 171.3, 41854.53917383
1571788800, 23/10/2019, 00:00:00, 171.26, 174.05, 153.0, 162.49, 204251.4778462
1571875200, 24/10/2019, 00:00:00, 162.42, 164.0, 158.9, 160.67, 56468.22413448
1571961600, 25/10/2019, 00:00:00, 160.67, 187.74, 160.57, 181.66, 158620.93268548
1572048000, 26/10/2019, 00:00:00, 181.66, 199.5, 173.86, 180.03, 241944.54485677
1572134400, 27/10/2019, 00:00:00, 180.02, 189.18, 176.84, 184.41, 85150.97041769
1572220800, 28/10/2019, 00:00:00, 184.32, 190.0, 181.0, 182.02, 83795.56183726
1572307200, 29/10/2019, 00:00:00, 182.03, 193.41, 181.72, 191.1, 67590.05967617
1572393600, 30/10/2019, 00:00:00, 191.03, 192.2, 180.05, 183.38, 74614.13014363
1572480000, 31/10/2019, 00:00:00, 183.4, 185.47, 177.81, 182.38, 63173.80698137
1572566400, 01/11/2019, 00:00:00, 182.38, 184.99, 177.39, 183.19, 61313.90214742
1572652800, 02/11/2019, 00:00:00, 183.26, 186.19, 181.91, 183.25, 29643.79000242
1572739200, 03/11/2019, 00:00:00, 183.26, 185.0, 179.11, 181.73, 23415.99177531
1572825600, 04/11/2019, 00:00:00, 181.73, 189.5, 180.45, 186.25, 52941.33587948
1572912000, 05/11/2019, 00:00:00, 186.26, 192.47, 181.76, 188.88, 71159.65174538
1572998400, 06/11/2019, 00:00:00, 188.88, 194.6, 187.87, 191.13, 53163.07554597
1573084800, 07/11/2019, 00:00:00, 191.17, 192.27, 184.14, 186.42, 44563.94990128
1573171200, 08/11/2019, 00:00:00, 186.42, 188.09, 180.71, 183.62, 66332.92266474
1573257600, 09/11/2019, 00:00:00, 183.62, 185.7, 182.21, 184.77, 31447.97094429
1573344000, 10/11/2019, 00:00:00, 184.77, 192.0, 183.41, 188.88, 44224.51984423
1573430400, 11/11/2019, 00:00:00, 188.89, 190.0, 183.77, 184.65, 34818.77604733
1573516800, 12/11/2019, 00:00:00, 184.65, 187.27, 182.07, 186.98, 41578.59846537
1573603200, 13/11/2019, 00:00:00, 186.98, 189.31, 185.08, 187.72, 33802.01492951
1573689600, 14/11/2019, 00:00:00, 187.81, 188.45, 182.75, 184.55, 81996.7273791
1573776000, 15/11/2019, 00:00:00, 184.55, 186.59, 177.0, 179.82, 97521.84219423
1573862400, 16/11/2019, 00:00:00, 179.79, 183.17, 178.95, 182.25, 32159.27524038
1573948800, 17/11/2019, 00:00:00, 182.23, 186.26, 180.0, 183.88, 34966.19809893
1574035200, 18/11/2019, 00:00:00, 183.88, 183.95, 173.56, 177.85, 57753.51387824
1574121600, 19/11/2019, 00:00:00, 177.8, 178.14, 172.38, 175.73, 45880.80040413
1574208000, 20/11/2019, 00:00:00, 175.75, 177.25, 173.26, 174.35, 48839.47664908
1574294400, 21/11/2019, 00:00:00, 174.35, 175.49, 155.0, 160.82, 142035.81431758
1574380800, 22/11/2019, 00:00:00, 160.83, 162.65, 137.8, 149.97, 282192.72934448
1574467200, 23/11/2019, 00:00:00, 149.98, 154.54, 146.37, 152.0, 88211.89264035
1574553600, 24/11/2019, 00:00:00, 152.0, 153.19, 138.53, 139.99, 86567.95699641
1574640000, 25/11/2019, 00:00:00, 140.1, 151.69, 131.8, 145.91, 223502.71656311
1574726400, 26/11/2019, 00:00:00, 146.16, 149.9, 143.57, 147.83, 72544.44431373
1574812800, 27/11/2019, 00:00:00, 147.83, 155.89, 141.02, 153.0, 129890.14649212
1574899200, 28/11/2019, 00:00:00, 153.04, 155.0, 149.31, 151.01, 56243.39113343
1574985600, 29/11/2019, 00:00:00, 151.01, 157.73, 150.5, 154.75, 82606.47013886
1575072000, 30/11/2019, 00:00:00, 154.75, 155.45, 149.6, 151.78, 45611.17813513
1575158400, 01/12/2019, 00:00:00, 151.61, 152.67, 145.97, 150.97, 59294.95282201
1575244800, 02/12/2019, 00:00:00, 150.94, 151.65, 146.82, 148.97, 42531.00970201
1575331200, 03/12/2019, 00:00:00, 148.83, 150.0, 145.67, 147.33, 39186.51439846
1575417600, 04/12/2019, 00:00:00, 147.33, 153.0, 143.17, 145.5, 100067.8290018
1575504000, 05/12/2019, 00:00:00, 145.5, 148.95, 143.8, 148.18, 48788.47831841
1575590400, 06/12/2019, 00:00:00, 148.2, 149.85, 145.75, 148.82, 45179.42472738
1575676800, 07/12/2019, 00:00:00, 148.82, 149.88, 147.2, 147.43, 22433.78975537
1575763200, 08/12/2019, 00:00:00, 147.41, 152.0, 146.36, 150.71, 34863.39671715
1575849600, 09/12/2019, 00:00:00, 150.7, 151.47, 146.69, 147.3, 46803.5083513
1575936000, 10/12/2019, 00:00:00, 147.28, 148.22, 143.81, 145.55, 42296.17158865
1576022400, 11/12/2019, 00:00:00, 145.54, 146.29, 142.01, 143.29, 32984.0629026
1576108800, 12/12/2019, 00:00:00, 143.29, 146.12, 139.1, 144.69, 71296.16682566
1576195200, 13/12/2019, 00:00:00, 144.7, 145.13, 142.76, 144.7, 40038.07083
1576281600, 14/12/2019, 00:00:00, 144.7, 145.03, 141.11, 141.73, 35634.32109091
1576368000, 15/12/2019, 00:00:00, 141.72, 143.99, 139.8, 142.38, 38771.46693104
1576454400, 16/12/2019, 00:00:00, 142.38, 142.53, 129.03, 132.36, 112774.91970049
1576540800, 17/12/2019, 00:00:00, 132.36, 132.66, 119.5, 121.83, 190028.12824453
1576627200, 18/12/2019, 00:00:00, 121.84, 134.81, 116.25, 132.89, 203446.51981441
1576713600, 19/12/2019, 00:00:00, 132.89, 134.11, 125.68, 128.18, 93934.20288922
1576800000, 20/12/2019, 00:00:00, 128.18, 129.32, 125.71, 128.37, 44379.22091837
1576886400, 21/12/2019, 00:00:00, 128.36, 128.45, 126.63, 127.09, 25941.74023594
1576972800, 22/12/2019, 00:00:00, 127.16, 133.22, 126.89, 132.4, 40439.9594125
1577059200, 23/12/2019, 00:00:00, 132.4, 135.24, 126.16, 127.78, 62248.12241615
1577145600, 24/12/2019, 00:00:00, 127.75, 129.5, 126.5, 127.71, 34976.25422744
1577232000, 25/12/2019, 00:00:00, 127.67, 127.77, 123.16, 125.0, 45117.58085216
1577318400, 26/12/2019, 00:00:00, 125.0, 132.06, 124.06, 125.49, 51891.10919615
1577404800, 27/12/2019, 00:00:00, 125.49, 126.7, 122.15, 126.23, 39780.97303035
1577491200, 28/12/2019, 00:00:00, 126.23, 129.6, 125.8, 127.91, 47036.68791942
1577577600, 29/12/2019, 00:00:00, 127.95, 137.85, 127.22, 134.3, 64885.83350862
1577664000, 30/12/2019, 00:00:00, 134.31, 135.97, 129.79, 131.1, 58811.72784574
1577750400, 31/12/2019, 00:00:00, 131.08, 133.19, 127.6, 128.54, 85044.39188554
1577836800, 01/01/2020, 00:00:00, 128.54, 132.68, 128.12, 130.19, 57512.49500629
1577923200, 02/01/2020, 00:00:00, 130.14, 130.18, 125.83, 126.81, 49211.56901537
1578009600, 03/01/2020, 00:00:00, 126.81, 134.93, 125.52, 134.17, 88651.89284841
1578096000, 04/01/2020, 00:00:00, 134.17, 135.75, 132.5, 134.14, 31254.84712421
1578182400, 05/01/2020, 00:00:00, 134.14, 138.97, 134.14, 135.31, 45353.69311227
1578268800, 06/01/2020, 00:00:00, 135.31, 144.51, 134.78, 144.19, 91523.60992709
1578355200, 07/01/2020, 00:00:00, 144.2, 145.25, 138.79, 143.08, 96525.42253821
1578441600, 08/01/2020, 00:00:00, 143.08, 148.0, 137.03, 140.6, 101682.09291578
1578528000, 09/01/2020, 00:00:00, 140.64, 141.38, 135.12, 137.71, 61184.99933797
1578614400, 10/01/2020, 00:00:00, 137.72, 145.81, 135.26, 144.72, 137620.99823131
1578700800, 11/01/2020, 00:00:00, 144.89, 148.0, 142.0, 142.63, 52850.50876755
1578787200, 12/01/2020, 00:00:00, 142.51, 146.6, 141.83, 146.6, 35450.66532334
1578873600, 13/01/2020, 00:00:00, 146.55, 147.0, 142.1, 143.51, 44072.65864059
1578960000, 14/01/2020, 00:00:00, 143.5, 170.83, 143.45, 165.76, 258408.61594025
1579046400, 15/01/2020, 00:00:00, 165.74, 172.18, 159.13, 166.29, 165292.68609565
1579132800, 16/01/2020, 00:00:00, 166.27, 167.28, 158.17, 163.93, 88188.75031049
1579219200, 17/01/2020, 00:00:00, 164.0, 174.52, 162.01, 169.59, 134919.66648757
1579305600, 18/01/2020, 00:00:00, 169.54, 179.32, 164.92, 174.06, 113052.32285408
1579392000, 19/01/2020, 00:00:00, 174.05, 178.0, 161.7, 166.75, 113433.68959115
1579478400, 20/01/2020, 00:00:00, 166.67, 169.3, 161.1, 166.68, 66340.77435099
1579564800, 21/01/2020, 00:00:00, 166.66, 170.0, 164.28, 169.19, 61518.4955582
1579651200, 22/01/2020, 00:00:00, 169.29, 171.05, 165.65, 167.68, 49452.51856158
1579737600, 23/01/2020, 00:00:00, 167.73, 167.79, 158.44, 162.4, 69309.04423236
1579824000, 24/01/2020, 00:00:00, 162.49, 164.21, 154.48, 162.3, 88510.10066684
1579910400, 25/01/2020, 00:00:00, 162.31, 162.41, 157.4, 160.12, 36677.5237579
1579996800, 26/01/2020, 00:00:00, 160.0, 167.59, 159.09, 167.35, 44653.7353865
1580083200, 27/01/2020, 00:00:00, 167.58, 171.7, 164.89, 169.77, 84463.87778454
1580169600, 28/01/2020, 00:00:00, 169.78, 176.5, 169.78, 175.99, 102264.17475594
1580256000, 29/01/2020, 00:00:00, 175.91, 178.31, 173.13, 173.45, 85409.92407361
1580342400, 30/01/2020, 00:00:00, 173.41, 186.89, 170.0, 184.55, 104426.47390742
1580428800, 31/01/2020, 00:00:00, 184.52, 185.68, 175.0, 179.74, 108639.77662455
1580515200, 01/02/2020, 00:00:00, 179.72, 184.2, 179.0, 183.5, 65650.16851655
1580601600, 02/02/2020, 00:00:00, 183.49, 193.52, 178.98, 188.29, 96138.84421015
1580688000, 03/02/2020, 00:00:00, 188.22, 195.21, 186.25, 189.42, 89093.19595622
1580774400, 04/02/2020, 00:00:00, 189.41, 191.37, 184.29, 188.24, 89059.71463466
1580860800, 05/02/2020, 00:00:00, 188.25, 207.93, 186.89, 204.0, 143938.17466042
1580947200, 06/02/2020, 00:00:00, 204.01, 216.49, 200.54, 212.95, 162316.43667648
1581033600, 07/02/2020, 00:00:00, 212.94, 224.78, 212.94, 223.22, 161651.51487279
1581120000, 08/02/2020, 00:00:00, 223.22, 228.4, 213.24, 223.37, 137475.60159995
1581206400, 09/02/2020, 00:00:00, 223.36, 230.9, 223.16, 228.8, 111211.55092349
1581292800, 10/02/2020, 00:00:00, 228.8, 229.6, 216.31, 222.85, 106485.3898759
1581379200, 11/02/2020, 00:00:00, 222.86, 239.92, 217.83, 237.98, 174444.85728588
1581465600, 12/02/2020, 00:00:00, 237.99, 276.15, 237.95, 266.49, 293996.34960631
1581552000, 13/02/2020, 00:00:00, 266.63, 278.01, 253.75, 268.42, 264197.24736242
1581638400, 14/02/2020, 00:00:00, 268.37, 287.98, 260.13, 286.27, 191566.74315799
1581724800, 15/02/2020, 00:00:00, 285.95, 290.0, 261.35, 264.92, 251243.79219334
1581811200, 16/02/2020, 00:00:00, 264.83, 274.0, 236.37, 258.5, 248679.14437688
1581897600, 17/02/2020, 00:00:00, 258.58, 269.0, 242.36, 268.03, 204959.48476961
1581984000, 18/02/2020, 00:00:00, 268.2, 286.87, 259.24, 283.31, 211662.70708459
1582070400, 19/02/2020, 00:00:00, 283.34, 287.13, 250.0, 258.66, 239803.85463207
1582156800, 20/02/2020, 00:00:00, 258.51, 264.26, 245.25, 257.4, 203271.5155604
1582243200, 21/02/2020, 00:00:00, 257.2, 268.71, 254.1, 265.8, 136892.24699258
1582329600, 22/02/2020, 00:00:00, 265.79, 267.04, 256.3, 262.08, 63814.59112412
1582416000, 23/02/2020, 00:00:00, 261.94, 276.62, 261.53, 275.48, 104405.13989679
1582502400, 24/02/2020, 00:00:00, 275.48, 278.13, 256.06, 265.31, 197775.66826806
1582588800, 25/02/2020, 00:00:00, 265.53, 266.24, 244.44, 246.5, 152709.51365655
1582675200, 26/02/2020, 00:00:00, 246.28, 250.84, 215.33, 223.5, 404352.61565839
1582761600, 27/02/2020, 00:00:00, 223.78, 239.0, 209.26, 227.63, 342714.17971542
1582848000, 28/02/2020, 00:00:00, 227.6, 234.9, 213.63, 227.37, 258340.98757632
1582934400, 29/02/2020, 00:00:00, 227.13, 233.32, 216.83, 217.31, 93401.32179224
1583020800, 01/03/2020, 00:00:00, 217.36, 227.99, 211.5, 217.26, 144339.90935814
1583107200, 02/03/2020, 00:00:00, 217.34, 234.5, 215.75, 232.12, 189047.53250784
1583193600, 03/03/2020, 00:00:00, 232.12, 232.92, 220.0, 223.75, 173987.90547375
1583280000, 04/03/2020, 00:00:00, 223.72, 228.83, 220.39, 224.56, 106846.75811775
1583366400, 05/03/2020, 00:00:00, 224.49, 234.47, 224.49, 228.64, 160025.91518532
1583452800, 06/03/2020, 00:00:00, 228.6, 245.84, 227.77, 245.56, 140307.21140132
1583539200, 07/03/2020, 00:00:00, 245.53, 253.01, 236.67, 237.75, 147025.87399131
1583625600, 08/03/2020, 00:00:00, 237.75, 237.75, 196.0, 199.46, 293962.39516435
1583712000, 09/03/2020, 00:00:00, 199.51, 208.65, 189.85, 202.77, 461839.12853606
1583798400, 10/03/2020, 00:00:00, 202.76, 206.28, 195.17, 200.5, 184956.93858031
1583884800, 11/03/2020, 00:00:00, 200.63, 202.98, 181.0, 194.61, 240340.20653555
1583971200, 12/03/2020, 00:00:00, 194.62, 195.64, 101.22, 110.3, 1290935.34805301
1584057600, 13/03/2020, 00:00:00, 110.3, 148.0, 90.0, 135.51, 1322282.9798003
1584144000, 14/03/2020, 00:00:00, 135.44, 135.9, 120.71, 122.17, 284672.85934781
1584230400, 15/03/2020, 00:00:00, 122.11, 134.1, 119.84, 123.3, 438391.83520594
1584316800, 16/03/2020, 00:00:00, 123.33, 123.75, 100.5, 111.38, 891238.58022214
1584403200, 17/03/2020, 00:00:00, 111.36, 121.49, 109.66, 116.09, 418552.55664492
1584489600, 18/03/2020, 00:00:00, 116.06, 118.88, 110.18, 118.6, 306306.60980115
1584576000, 19/03/2020, 00:00:00, 118.59, 144.44, 115.72, 136.68, 486951.21183315
1584662400, 20/03/2020, 00:00:00, 136.65, 154.0, 115.51, 133.27, 626525.45202553
1584748800, 21/03/2020, 00:00:00, 133.35, 137.64, 125.84, 132.79, 259380.31056445
1584835200, 22/03/2020, 00:00:00, 132.79, 137.38, 120.9, 122.42, 261957.09352208
1584921600, 23/03/2020, 00:00:00, 122.31, 138.0, 119.2, 137.0, 392334.34456747
1585008000, 24/03/2020, 00:00:00, 137.0, 144.16, 133.04, 139.0, 328276.63196021
1585094400, 25/03/2020, 00:00:00, 138.95, 142.79, 132.5, 136.26, 228043.63383605
1585180800, 26/03/2020, 00:00:00, 136.35, 140.36, 133.52, 139.0, 168611.79605607
1585267200, 27/03/2020, 00:00:00, 139.0, 142.5, 130.0, 131.56, 173786.92012003
1585353600, 28/03/2020, 00:00:00, 131.56, 133.8, 125.01, 131.35, 172811.93639922
1585440000, 29/03/2020, 00:00:00, 131.36, 132.18, 123.72, 124.35, 93067.42014241
1585526400, 30/03/2020, 00:00:00, 124.43, 135.48, 124.05, 132.32, 154018.23932986
1585612800, 31/03/2020, 00:00:00, 132.3, 135.35, 130.45, 133.08, 86613.22974083
1585699200, 01/04/2020, 00:00:00, 133.08, 137.4, 128.6, 136.14, 99102.5178578
1585785600, 02/04/2020, 00:00:00, 136.14, 150.5, 135.5, 141.53, 214501.14100152
1585872000, 03/04/2020, 00:00:00, 141.48, 146.81, 138.0, 141.54, 120557.4337924
1585958400, 04/04/2020, 00:00:00, 141.48, 146.69, 139.04, 144.48, 85410.10645987
1586044800, 05/04/2020, 00:00:00, 144.49, 145.98, 140.81, 142.79, 64777.90082877
1586131200, 06/04/2020, 00:00:00, 142.79, 172.19, 142.79, 171.5, 398555.26124929
1586217600, 07/04/2020, 00:00:00, 171.56, 176.82, 161.47, 164.57, 533130.95121358
1586304000, 08/04/2020, 00:00:00, 164.54, 174.77, 163.49, 173.36, 192588.6023951
1586390400, 09/04/2020, 00:00:00, 173.43, 173.55, 165.32, 169.75, 165254.80474587
1586476800, 10/04/2020, 00:00:00, 169.71, 170.39, 152.3, 158.1, 258810.1653336
1586563200, 11/04/2020, 00:00:00, 158.1, 161.5, 154.2, 158.55, 96587.83228092
1586649600, 12/04/2020, 00:00:00, 158.68, 165.45, 155.31, 158.87, 133037.62244785
1586736000, 13/04/2020, 00:00:00, 158.82, 159.44, 149.7, 156.76, 233848.97745777
1586822400, 14/04/2020, 00:00:00, 156.76, 163.0, 155.56, 158.65, 198839.23382124
1586908800, 15/04/2020, 00:00:00, 158.68, 161.5, 152.17, 152.77, 142489.51028959
1586995200, 16/04/2020, 00:00:00, 152.76, 175.2, 148.08, 172.55, 376129.26054849
1587081600, 17/04/2020, 00:00:00, 172.58, 175.1, 168.5, 170.89, 136537.58680864
1587168000, 18/04/2020, 00:00:00, 170.85, 191.22, 170.69, 187.88, 320092.58324239
1587254400, 19/04/2020, 00:00:00, 187.85, 189.92, 176.53, 180.39, 194900.14018716
1587340800, 20/04/2020, 00:00:00, 180.28, 186.67, 166.4, 170.5, 280053.96893369
1587427200, 21/04/2020, 00:00:00, 170.39, 174.93, 168.44, 171.07, 169875.06657111
1587513600, 22/04/2020, 00:00:00, 171.05, 184.41, 170.02, 183.11, 178433.47878367
1587600000, 23/04/2020, 00:00:00, 183.1, 194.86, 178.44, 185.66, 271745.32794126
1587686400, 24/04/2020, 00:00:00, 185.65, 189.91, 184.97, 187.84, 125300.66822971
1587772800, 25/04/2020, 00:00:00, 187.92, 198.2, 185.97, 194.42, 147021.91304917
1587859200, 26/04/2020, 00:00:00, 194.42, 200.0, 192.54, 197.83, 134905.32156149
1587945600, 27/04/2020, 00:00:00, 197.8, 199.41, 189.6, 196.78, 165535.9963748
1588032000, 28/04/2020, 00:00:00, 196.88, 197.95, 192.5, 196.67, 105608.41827873
1588118400, 29/04/2020, 00:00:00, 196.64, 219.59, 196.64, 215.66, 377357.2932836
1588204800, 30/04/2020, 00:00:00, 215.74, 227.5, 202.3, 206.23, 410315.64169167
1588291200, 01/05/2020, 00:00:00, 206.22, 217.58, 206.18, 212.09, 153088.48477931
1588377600, 02/05/2020, 00:00:00, 212.08, 215.59, 210.57, 214.25, 86048.74335239
1588464000, 03/05/2020, 00:00:00, 214.25, 219.48, 205.28, 210.24, 145164.74879656
1588550400, 04/05/2020, 00:00:00, 210.24, 210.96, 195.17, 206.86, 209514.67319864
1588636800, 05/05/2020, 00:00:00, 207.02, 212.17, 201.33, 205.43, 126463.17604265
1588723200, 06/05/2020, 00:00:00, 205.5, 211.21, 198.18, 199.26, 172142.53654051
1588809600, 07/05/2020, 00:00:00, 199.1, 215.99, 196.82, 212.47, 259914.56415047
1588896000, 08/05/2020, 00:00:00, 212.5, 217.0, 207.2, 211.59, 156564.17053734
1588982400, 09/05/2020, 00:00:00, 211.65, 214.79, 208.27, 210.0, 120178.88081369
1589068800, 10/05/2020, 00:00:00, 210.06, 210.06, 180.01, 187.73, 479238.22296594
1589155200, 11/05/2020, 00:00:00, 187.65, 193.77, 176.43, 185.93, 266403.27205753
1589241600, 12/05/2020, 00:00:00, 185.93, 192.89, 185.79, 190.1, 114408.63558372
1589328000, 13/05/2020, 00:00:00, 189.93, 201.59, 188.36, 199.92, 145067.37490257
1589414400, 14/05/2020, 00:00:00, 199.92, 206.25, 195.7, 203.4, 169935.22065409
1589500800, 15/05/2020, 00:00:00, 203.4, 204.3, 191.35, 194.7, 145885.04950668
1589587200, 16/05/2020, 00:00:00, 194.66, 203.36, 193.24, 200.53, 89046.63238362
1589673600, 17/05/2020, 00:00:00, 200.5, 210.0, 199.1, 207.05, 114512.3105608
1589760000, 18/05/2020, 00:00:00, 207.05, 216.99, 206.99, 214.97, 163043.28096713
1589846400, 19/05/2020, 00:00:00, 214.86, 215.84, 209.22, 214.71, 98910.17410947
1589932800, 20/05/2020, 00:00:00, 214.8, 215.5, 205.1, 209.96, 104103.82197937
1590019200, 21/05/2020, 00:00:00, 209.95, 211.52, 191.27, 198.62, 179532.29834323
1590105600, 22/05/2020, 00:00:00, 198.61, 209.28, 196.12, 207.32, 129598.18331979
1590192000, 23/05/2020, 00:00:00, 207.3, 211.3, 204.56, 206.66, 67466.85940148
1590278400, 24/05/2020, 00:00:00, 206.61, 210.67, 199.3, 199.63, 106095.09791687
1590364800, 25/05/2020, 00:00:00, 199.63, 205.71, 198.01, 204.06, 81997.29845547
1590451200, 26/05/2020, 00:00:00, 204.13, 205.03, 196.65, 200.91, 100703.87164821
1590537600, 27/05/2020, 00:00:00, 200.87, 208.48, 200.76, 208.41, 77179.58901738
1590624000, 28/05/2020, 00:00:00, 208.41, 220.68, 204.5, 220.44, 146497.83268041
1590710400, 29/05/2020, 00:00:00, 220.39, 224.84, 217.52, 220.62, 135620.52543794
1590796800, 30/05/2020, 00:00:00, 220.55, 247.36, 218.33, 243.84, 254679.91896954
1590883200, 31/05/2020, 00:00:00, 243.85, 245.46, 229.46, 231.54, 162582.98189044
1590969600, 01/06/2020, 00:00:00, 231.43, 251.46, 230.59, 248.41, 216373.63959941
1591056000, 02/06/2020, 00:00:00, 248.42, 253.6, 225.6, 237.71, 270793.52134846
1591142400, 03/06/2020, 00:00:00, 237.7, 245.39, 233.28, 244.6, 112638.13782506
1591228800, 04/06/2020, 00:00:00, 244.59, 246.73, 236.17, 243.18, 159033.0192543
1591315200, 05/06/2020, 00:00:00, 243.18, 247.9, 238.65, 240.04, 117168.70393642
1591401600, 06/06/2020, 00:00:00, 240.04, 244.52, 237.67, 241.92, 60101.61055226
1591488000, 07/06/2020, 00:00:00, 241.92, 245.45, 234.48, 244.81, 128372.56725763
1591574400, 08/06/2020, 00:00:00, 244.79, 247.97, 240.82, 246.55, 93327.75056481
1591660800, 09/06/2020, 00:00:00, 246.55, 249.99, 238.91, 244.03, 111405.53181014
1591747200, 10/06/2020, 00:00:00, 244.04, 250.56, 242.13, 248.16, 142311.15342422
1591833600, 11/06/2020, 00:00:00, 248.27, 250.26, 225.2, 230.15, 240083.16277683
1591920000, 12/06/2020, 00:00:00, 230.14, 239.54, 227.84, 237.53, 133036.84861839
1592006400, 13/06/2020, 00:00:00, 237.57, 238.8, 234.11, 238.17, 46315.99128011
1592092800, 14/06/2020, 00:00:00, 238.18, 238.59, 229.75, 231.34, 108186.66771876
1592179200, 15/06/2020, 00:00:00, 231.34, 234.0, 217.79, 230.98, 240181.57688417
1592265600, 16/06/2020, 00:00:00, 230.96, 236.02, 228.78, 235.34, 86465.3143021
1592352000, 17/06/2020, 00:00:00, 235.35, 237.0, 227.5, 233.71, 89376.40701295
1592438400, 18/06/2020, 00:00:00, 233.69, 234.5, 227.37, 231.05, 64198.37536142
1592524800, 19/06/2020, 00:00:00, 231.05, 231.9, 226.43, 228.66, 66279.2578057
1592611200, 20/06/2020, 00:00:00, 228.67, 230.67, 225.5, 228.8, 44777.05564533
1592697600, 21/06/2020, 00:00:00, 228.8, 231.29, 226.86, 227.68, 44083.75435657
1592784000, 22/06/2020, 00:00:00, 227.7, 246.95, 227.2, 243.23, 166917.79861423
1592870400, 23/06/2020, 00:00:00, 243.24, 244.8, 240.73, 243.12, 73617.26296542
1592956800, 24/06/2020, 00:00:00, 243.08, 249.04, 230.66, 234.44, 145340.38961032
1593043200, 25/06/2020, 00:00:00, 234.44, 235.24, 227.05, 231.97, 115681.75713751
1593129600, 26/06/2020, 00:00:00, 231.94, 233.25, 227.3, 229.44, 82611.98976703
1593216000, 27/06/2020, 00:00:00, 229.45, 231.1, 215.16, 220.76, 131871.65434052
1593302400, 28/06/2020, 00:00:00, 220.74, 227.93, 217.35, 224.76, 67155.35599069
1593388800, 29/06/2020, 00:00:00, 224.94, 229.98, 220.98, 227.81, 81211.44620718
1593475200, 30/06/2020, 00:00:00, 227.81, 228.69, 222.93, 225.48, 57678.36075887
1593561600, 01/07/2020, 00:00:00, 225.5, 232.77, 224.11, 231.03, 91282.48097
1593648000, 02/07/2020, 00:00:00, 231.15, 232.15, 222.78, 226.48, 89324.15323347
1593734400, 03/07/2020, 00:00:00, 226.43, 228.26, 224.31, 225.06, 67562.68650168
1593820800, 04/07/2020, 00:00:00, 224.98, 231.04, 224.5, 229.34, 50798.99631699
1593907200, 05/07/2020, 00:00:00, 229.34, 229.93, 223.5, 227.67, 45635.09435721
1593993600, 06/07/2020, 00:00:00, 227.62, 241.99, 227.08, 241.65, 140881.46531449
1594080000, 07/07/2020, 00:00:00, 241.71, 243.82, 234.55, 239.37, 84359.1623332
1594166400, 08/07/2020, 00:00:00, 239.37, 249.0, 237.91, 247.14, 135216.77486401
1594252800, 09/07/2020, 00:00:00, 247.11, 247.67, 237.04, 242.0, 107698.9573371
1594339200, 10/07/2020, 00:00:00, 242.0, 242.12, 235.56, 241.2, 71281.88112286
1594425600, 11/07/2020, 00:00:00, 241.26, 241.58, 237.43, 239.17, 38867.95249326
1594512000, 12/07/2020, 00:00:00, 239.18, 243.9, 236.51, 242.81, 61521.88398572
1594598400, 13/07/2020, 00:00:00, 242.81, 245.37, 236.97, 239.44, 123671.07492457
1594684800, 14/07/2020, 00:00:00, 239.25, 242.01, 236.66, 240.43, 70522.17530535
1594771200, 15/07/2020, 00:00:00, 240.4, 241.44, 236.36, 238.33, 116172.66592129
1594857600, 16/07/2020, 00:00:00, 238.35, 239.16, 229.77, 233.41, 143676.50946975
1594944000, 17/07/2020, 00:00:00, 233.47, 234.55, 230.87, 232.63, 77645.60947152
1595030400, 18/07/2020, 00:00:00, 232.59, 236.97, 232.24, 235.72, 48348.08464248
1595116800, 19/07/2020, 00:00:00, 235.69, 240.0, 233.28, 239.17, 47600.88537256
1595203200, 20/07/2020, 00:00:00, 239.26, 239.8, 233.85, 236.1, 75335.42836551
1595289600, 21/07/2020, 00:00:00, 236.12, 247.18, 235.77, 245.65, 132078.78763576
1595376000, 22/07/2020, 00:00:00, 245.64, 269.49, 241.62, 264.28, 152721.59642151
1595462400, 23/07/2020, 00:00:00, 264.28, 282.6, 260.1, 275.68, 309092.34216714
1595548800, 24/07/2020, 00:00:00, 275.56, 287.8, 268.39, 279.59, 180943.23090308
1595635200, 25/07/2020, 00:00:00, 279.66, 310.0, 279.62, 305.66, 245086.41093138
1595721600, 26/07/2020, 00:00:00, 305.55, 319.86, 300.21, 311.35, 238205.01599146
1595808000, 27/07/2020, 00:00:00, 311.43, 334.34, 311.38, 322.24, 412079.37629514
1595894400, 28/07/2020, 00:00:00, 322.41, 327.34, 306.29, 317.59, 208395.56039785
1595980800, 29/07/2020, 00:00:00, 317.52, 325.85, 312.66, 318.16, 166994.96333734
1596067200, 30/07/2020, 00:00:00, 318.15, 342.4, 314.52, 335.31, 175330.87646686
1596153600, 31/07/2020, 00:00:00, 335.25, 349.74, 328.35, 346.86, 199448.47978816
1596240000, 01/08/2020, 00:00:00, 346.86, 394.0, 343.75, 387.4, 308505.50003166
1596326400, 02/08/2020, 00:00:00, 387.4, 415.0, 325.75, 372.21, 573146.54484066
1596412800, 03/08/2020, 00:00:00, 372.19, 399.69, 366.34, 386.22, 246596.56665901
1596499200, 04/08/2020, 00:00:00, 386.27, 403.64, 380.67, 389.82, 250989.95459676
1596585600, 05/08/2020, 00:00:00, 389.76, 408.0, 383.86, 401.21, 208377.2177264
1596672000, 06/08/2020, 00:00:00, 401.21, 404.03, 391.0, 395.28, 147321.25541594
1596758400, 07/08/2020, 00:00:00, 395.28, 398.57, 362.88, 379.75, 258109.56327072
1596844800, 08/08/2020, 00:00:00, 379.76, 400.06, 376.18, 397.51, 109615.57796907
1596931200, 09/08/2020, 00:00:00, 397.5, 401.0, 384.02, 390.41, 144028.58904543
1597017600, 10/08/2020, 00:00:00, 390.41, 400.21, 385.44, 395.78, 198449.18038811
1597104000, 11/08/2020, 00:00:00, 395.77, 398.3, 364.77, 378.88, 231283.21718575
1597190400, 12/08/2020, 00:00:00, 378.92, 389.57, 365.19, 387.27, 193171.5051413
1597276800, 13/08/2020, 00:00:00, 387.27, 432.94, 376.46, 424.94, 363868.52826094
1597363200, 14/08/2020, 00:00:00, 425.0, 445.45, 417.52, 438.83, 320572.96388462
1597449600, 15/08/2020, 00:00:00, 438.83, 443.33, 428.0, 432.55, 170960.90077551
1597536000, 16/08/2020, 00:00:00, 432.67, 437.0, 412.51, 433.7, 198013.6894012
1597622400, 17/08/2020, 00:00:00, 433.71, 447.5, 420.5, 431.5, 221839.14358535
1597708800, 18/08/2020, 00:00:00, 431.5, 434.27, 414.44, 422.31, 148682.30738539
1597795200, 19/08/2020, 00:00:00, 422.31, 426.97, 393.75, 407.59, 212936.96902525
1597881600, 20/08/2020, 00:00:00, 407.6, 419.58, 402.3, 415.92, 146536.51021535
1597968000, 21/08/2020, 00:00:00, 415.92, 418.92, 385.0, 388.05, 218376.51497554
1598054400, 22/08/2020, 00:00:00, 388.0, 399.73, 379.53, 395.62, 145453.08931908
1598140800, 23/08/2020, 00:00:00, 395.52, 400.0, 383.67, 390.9, 79939.92783349
1598227200, 24/08/2020, 00:00:00, 390.78, 411.97, 387.72, 407.76, 153521.94600679
1598313600, 25/08/2020, 00:00:00, 407.76, 409.31, 369.36, 383.33, 189576.54223265
1598400000, 26/08/2020, 00:00:00, 383.26, 393.5, 377.56, 386.1, 131417.52221164
1598486400, 27/08/2020, 00:00:00, 386.12, 397.15, 371.5, 383.25, 121889.95194935
1598572800, 28/08/2020, 00:00:00, 383.27, 398.16, 379.67, 395.47, 123755.41938251
1598659200, 29/08/2020, 00:00:00, 395.35, 405.82, 392.34, 398.58, 89963.76995825
1598745600, 30/08/2020, 00:00:00, 398.57, 429.9, 398.24, 428.94, 170379.4456584
1598832000, 31/08/2020, 00:00:00, 428.92, 439.0, 418.16, 433.89, 168619.80537213
1598918400, 01/09/2020, 00:00:00, 433.88, 488.95, 429.66, 475.57, 333743.62207967
1599004800, 02/09/2020, 00:00:00, 475.57, 481.2, 420.58, 440.02, 320308.05438354
1599091200, 03/09/2020, 00:00:00, 439.99, 451.0, 370.0, 382.87, 407832.29146336
1599177600, 04/09/2020, 00:00:00, 382.15, 400.5, 359.0, 388.96, 286186.00739699
1599264000, 05/09/2020, 00:00:00, 389.2, 394.38, 310.0, 335.25, 607878.87819331
1599350400, 06/09/2020, 00:00:00, 335.25, 360.61, 316.43, 352.77, 266338.83290829
1599436800, 07/09/2020, 00:00:00, 352.85, 358.66, 323.17, 353.71, 215514.08931085
1599523200, 08/09/2020, 00:00:00, 353.71, 357.01, 325.36, 337.48, 209229.73612667
1599609600, 09/09/2020, 00:00:00, 337.48, 359.41, 330.6, 351.1, 166730.61512655
1599696000, 10/09/2020, 00:00:00, 351.11, 377.79, 350.23, 368.06, 217245.43576712
1599782400, 11/09/2020, 00:00:00, 367.94, 375.38, 355.81, 373.93, 132464.58690229
1599868800, 12/09/2020, 00:00:00, 373.93, 388.25, 364.88, 387.81, 109437.79363532
1599955200, 13/09/2020, 00:00:00, 387.82, 390.41, 353.58, 366.58, 164465.94392732
1600041600, 14/09/2020, 00:00:00, 366.58, 384.61, 355.66, 377.28, 190573.77197746
1600128000, 15/09/2020, 00:00:00, 377.27, 382.76, 362.5, 364.2, 170054.9627384
1600214400, 16/09/2020, 00:00:00, 364.05, 373.37, 355.0, 365.23, 130167.7980122
1600300800, 17/09/2020, 00:00:00, 365.22, 394.55, 363.4, 389.45, 212965.41279613
1600387200, 18/09/2020, 00:00:00, 389.52, 392.69, 375.19, 384.64, 163353.49313499
1600473600, 19/09/2020, 00:00:00, 384.6, 388.43, 377.2, 385.23, 70257.87733175
1600560000, 20/09/2020, 00:00:00, 385.25, 385.31, 364.89, 370.69, 89803.37071302
1600646400, 21/09/2020, 00:00:00, 371.03, 376.76, 331.0, 340.11, 266795.43383713
1600732800, 22/09/2020, 00:00:00, 340.36, 346.84, 335.57, 344.26, 125988.89838001
1600819200, 23/09/2020, 00:00:00, 344.25, 344.64, 313.0, 320.63, 190725.11444266
1600905600, 24/09/2020, 00:00:00, 320.65, 353.14, 316.65, 349.14, 183245.45463309
1600992000, 25/09/2020, 00:00:00, 349.14, 358.12, 337.63, 352.11, 126913.44997664
1601078400, 26/09/2020, 00:00:00, 352.12, 356.5, 346.03, 354.13, 61035.01105045
1601164800, 27/09/2020, 00:00:00, 354.01, 362.86, 347.05, 357.55, 80085.26429182
1601251200, 28/09/2020, 00:00:00, 357.53, 368.52, 351.88, 353.91, 104212.37558644
1601337600, 29/09/2020, 00:00:00, 353.68, 360.59, 350.19, 359.9, 116581.13501754
1601424000, 30/09/2020, 00:00:00, 359.93, 361.51, 351.38, 359.89, 61528.3697469
1601510400, 01/10/2020, 00:00:00, 360.01, 370.25, 345.01, 352.9, 123288.381776
1601596800, 02/10/2020, 00:00:00, 352.84, 354.25, 334.19, 345.7, 152553.41162458
1601683200, 03/10/2020, 00:00:00, 345.74, 351.2, 343.71, 346.18, 39972.14867485
1601769600, 04/10/2020, 00:00:00, 346.18, 354.35, 344.08, 352.48, 57672.70466128
1601856000, 05/10/2020, 00:00:00, 352.42, 356.12, 348.69, 353.73, 53291.56083882
1601942400, 06/10/2020, 00:00:00, 353.82, 355.33, 336.73, 340.78, 101113.66417348
1602028800, 07/10/2020, 00:00:00, 340.8, 342.83, 332.87, 341.68, 95554.36544775
1602115200, 08/10/2020, 00:00:00, 341.7, 353.34, 334.29, 351.25, 88039.97567275
1602201600, 09/10/2020, 00:00:00, 351.17, 368.7, 347.15, 365.36, 116241.01508045
1602288000, 10/10/2020, 00:00:00, 365.35, 380.81, 365.02, 370.75, 117309.72652529
1602374400, 11/10/2020, 00:00:00, 370.73, 377.49, 369.02, 374.38, 55925.96138195
1602460800, 12/10/2020, 00:00:00, 374.37, 395.18, 365.77, 386.74, 111464.29529211
1602547200, 13/10/2020, 00:00:00, 386.77, 387.88, 374.29, 381.37, 84543.6186979
1602633600, 14/10/2020, 00:00:00, 381.37, 387.63, 373.29, 378.97, 80200.71716699
1602720000, 15/10/2020, 00:00:00, 379.01, 381.99, 370.06, 377.94, 68915.97860381
1602806400, 16/10/2020, 00:00:00, 377.89, 380.0, 361.38, 365.57, 106263.28472121
1602892800, 17/10/2020, 00:00:00, 365.57, 370.57, 363.56, 368.48, 41868.07115942
1602979200, 18/10/2020, 00:00:00, 368.48, 378.69, 367.31, 378.58, 42509.2101992
1603065600, 19/10/2020, 00:00:00, 378.56, 384.69, 372.89, 379.36, 69957.45766229
1603152000, 20/10/2020, 00:00:00, 379.53, 380.9, 363.01, 368.81, 84940.26982272
1603238400, 21/10/2020, 00:00:00, 368.81, 402.62, 368.06, 391.53, 249849.80700571
1603324800, 22/10/2020, 00:00:00, 391.36, 421.47, 391.33, 414.7, 182333.508395
1603411200, 23/10/2020, 00:00:00, 414.64, 419.48, 401.51, 409.52, 124844.52058112
1603497600, 24/10/2020, 00:00:00, 409.55, 417.0, 407.4, 412.58, 68349.19907782
1603584000, 25/10/2020, 00:00:00, 412.58, 417.86, 402.92, 406.46, 53762.84086586
1603670400, 26/10/2020, 00:00:00, 406.32, 411.47, 382.21, 393.12, 129676.34185848
1603756800, 27/10/2020, 00:00:00, 393.07, 411.77, 390.35, 404.55, 108903.27558482
1603843200, 28/10/2020, 00:00:00, 404.56, 409.52, 380.5, 388.63, 128255.13819075
1603929600, 29/10/2020, 00:00:00, 388.59, 394.0, 380.75, 387.6, 104421.73544657
1604016000, 30/10/2020, 00:00:00, 387.49, 392.16, 373.4, 382.77, 107710.17276225
1604102400, 31/10/2020, 00:00:00, 382.77, 394.0, 380.76, 386.74, 76755.21020838
1604188800, 01/11/2020, 00:00:00, 386.72, 397.65, 385.09, 396.91, 49385.47176829
1604275200, 02/11/2020, 00:00:00, 396.91, 404.57, 378.36, 383.33, 128275.51088227
1604361600, 03/11/2020, 00:00:00, 383.33, 390.35, 370.5, 388.32, 105339.73002582
1604448000, 04/11/2020, 00:00:00, 388.33, 409.0, 376.64, 403.18, 214751.18285099
1604534400, 05/11/2020, 00:00:00, 403.19, 421.25, 396.43, 417.17, 248936.20591844
1604620800, 06/11/2020, 00:00:00, 417.29, 458.92, 415.57, 456.65, 357787.28499666
1604707200, 07/11/2020, 00:00:00, 456.69, 468.98, 423.0, 435.73, 297289.78479728
1604793600, 08/11/2020, 00:00:00, 435.59, 460.57, 432.65, 454.61, 111199.12192081
1604880000, 09/11/2020, 00:00:00, 454.61, 460.0, 433.83, 444.81, 171387.94473541
1604966400, 10/11/2020, 00:00:00, 444.84, 455.51, 439.36, 450.89, 132863.6764641
1605052800, 11/11/2020, 00:00:00, 450.89, 476.8, 449.95, 463.79, 195694.06578762
1605139200, 12/11/2020, 00:00:00, 463.75, 470.56, 452.07, 462.98, 180116.97555794
1605225600, 13/11/2020, 00:00:00, 462.91, 478.31, 457.64, 477.14, 134796.05936368
1605312000, 14/11/2020, 00:00:00, 477.15, 478.0, 452.17, 461.16, 114594.78378366
1605398400, 15/11/2020, 00:00:00, 461.21, 463.24, 439.77, 448.58, 89217.75628557
1605484800, 16/11/2020, 00:00:00, 448.6, 466.21, 445.91, 460.85, 112980.26100088
1605571200, 17/11/2020, 00:00:00, 460.87, 485.0, 460.05, 482.68, 196041.73514216
1605657600, 18/11/2020, 00:00:00, 482.75, 495.68, 456.5, 478.96, 296492.09128068
1605744000, 19/11/2020, 00:00:00, 479.0, 480.99, 465.18, 471.92, 131594.48266392
1605830400, 20/11/2020, 00:00:00, 471.92, 514.73, 471.07, 510.43, 296509.77452923
1605916800, 21/11/2020, 00:00:00, 510.6, 554.28, 502.82, 553.07, 287728.12781004
1606003200, 22/11/2020, 00:00:00, 553.06, 581.8, 511.16, 560.82, 403902.15612966
1606089600, 23/11/2020, 00:00:00, 560.78, 611.43, 550.0, 609.26, 444789.07944749
1606176000, 24/11/2020, 00:00:00, 609.26, 623.22, 587.25, 605.45, 387478.59472708
1606262400, 25/11/2020, 00:00:00, 605.45, 606.49, 554.0, 568.79, 255508.1788265
1606348800, 26/11/2020, 00:00:00, 569.19, 577.0, 480.08, 520.34, 614152.35686943
1606435200, 27/11/2020, 00:00:00, 520.35, 531.41, 493.51, 519.07, 199205.09175665
1606521600, 28/11/2020, 00:00:00, 519.04, 548.83, 505.01, 538.11, 166450.43752162
1606608000, 29/11/2020, 00:00:00, 537.97, 577.55, 531.0, 576.76, 139940.81576302
1606694400, 30/11/2020, 00:00:00, 576.9, 617.0, 571.11, 617.0, 313418.9868296
1606780800, 01/12/2020, 00:00:00, 617.0, 636.53, 563.01, 586.03, 373179.79775575
1606867200, 02/12/2020, 00:00:00, 585.87, 604.96, 575.08, 597.35, 136242.16440789
1606953600, 03/12/2020, 00:00:00, 597.03, 624.57, 586.11, 616.65, 168346.30401374
1607040000, 04/12/2020, 00:00:00, 616.46, 620.56, 566.0, 567.6, 195480.70629191
1607126400, 05/12/2020, 00:00:00, 567.76, 597.88, 561.15, 597.29, 95956.77136123
1607212800, 06/12/2020, 00:00:00, 597.29, 607.46, 583.31, 601.95, 101652.72670304
1607299200, 07/12/2020, 00:00:00, 601.97, 603.4, 584.54, 591.47, 79196.58540342
1607385600, 08/12/2020, 00:00:00, 591.53, 595.47, 548.12, 554.79, 173888.79056355
1607472000, 09/12/2020, 00:00:00, 554.8, 578.67, 530.32, 573.38, 246145.836363
1607558400, 10/12/2020, 00:00:00, 573.26, 575.62, 547.83, 559.45, 117320.21056794
1607644800, 11/12/2020, 00:00:00, 559.33, 560.62, 535.5, 544.23, 173696.26025699
1607731200, 12/12/2020, 00:00:00, 544.51, 574.33, 543.22, 568.64, 101618.14658727
1607817600, 13/12/2020, 00:00:00, 568.64, 595.21, 563.79, 590.75, 105159.23425191
1607904000, 14/12/2020, 00:00:00, 590.45, 591.71, 575.58, 586.39, 103488.31631148
1607990400, 15/12/2020, 00:00:00, 586.4, 597.04, 579.15, 589.08, 95567.38638129
1608076800, 16/12/2020, 00:00:00, 589.08, 639.58, 581.21, 637.98, 261818.28860235
1608163200, 17/12/2020, 00:00:00, 637.91, 677.05, 626.79, 643.37, 430253.08270837
1608249600, 18/12/2020, 00:00:00, 643.26, 664.46, 629.59, 654.66, 177136.01903836
1608336000, 19/12/2020, 00:00:00, 654.66, 672.06, 646.54, 658.96, 186815.55508677
1608422400, 20/12/2020, 00:00:00, 658.8, 661.4, 621.46, 638.4, 164504.33582055
1608508800, 21/12/2020, 00:00:00, 638.19, 648.35, 596.9, 608.07, 267136.10267039
1608595200, 22/12/2020, 00:00:00, 608.07, 638.5, 587.54, 636.82, 207333.55726725
1608681600, 23/12/2020, 00:00:00, 636.73, 638.75, 551.45, 585.11, 328147.46529268
1608768000, 24/12/2020, 00:00:00, 585.37, 614.99, 565.61, 612.27, 213890.61477265
1608854400, 25/12/2020, 00:00:00, 612.25, 633.97, 604.26, 626.75, 158871.75321373
1608940800, 26/12/2020, 00:00:00, 626.71, 652.7, 615.22, 636.52, 195895.6773533
1609027200, 27/12/2020, 00:00:00, 636.85, 714.99, 625.01, 684.12, 436385.25431205
1609113600, 28/12/2020, 00:00:00, 684.11, 747.0, 680.9, 729.7, 397946.53045409
1609200000, 29/12/2020, 00:00:00, 729.65, 739.66, 688.0, 731.76, 295088.40177823
1609286400, 30/12/2020, 00:00:00, 731.79, 759.0, 717.0, 752.86, 238441.21767564
1609372800, 31/12/2020, 00:00:00, 752.87, 755.9, 724.0, 737.67, 217610.26070386
1609459200, 01/01/2021, 00:00:00, 737.89, 750.0, 717.1, 730.99, 198060.44209411
1609545600, 02/01/2021, 00:00:00, 730.97, 789.21, 715.22, 775.3, 368899.31941969
1609632000, 03/01/2021, 00:00:00, 775.29, 1015.14, 770.0, 980.44, 858743.81908511
1609718400, 04/01/2021, 00:00:00, 980.44, 1168.99, 886.33, 1042.38, 1103882.9026854
1609804800, 05/01/2021, 00:00:00, 1042.24, 1136.93, 975.0, 1103.73, 858495.88816745
1609891200, 06/01/2021, 00:00:00, 1103.71, 1215.98, 1058.32, 1212.02, 821084.91284462
1609977600, 07/01/2021, 00:00:00, 1212.68, 1291.94, 1140.0, 1227.34, 661416.03292889
1610064000, 08/01/2021, 00:00:00, 1227.55, 1275.0, 1063.18, 1217.35, 781425.78426996
1610150400, 09/01/2021, 00:00:00, 1217.31, 1310.0, 1172.86, 1281.45, 434123.02634182
1610236800, 10/01/2021, 00:00:00, 1281.25, 1350.88, 1153.0, 1255.13, 670103.5931583
1610323200, 11/01/2021, 00:00:00, 1255.1, 1260.24, 905.0, 1088.79, 1556217.07756248
1610409600, 12/01/2021, 00:00:00, 1088.55, 1150.0, 1006.83, 1049.79, 656376.70350396
1610496000, 13/01/2021, 00:00:00, 1050.46, 1137.75, 980.0, 1130.8, 504920.57439418
1610582400, 14/01/2021, 00:00:00, 1130.79, 1246.99, 1087.05, 1231.32, 438467.28987015
1610668800, 15/01/2021, 00:00:00, 1231.59, 1255.59, 1065.0, 1168.1, 578841.8829192
1610755200, 16/01/2021, 00:00:00, 1169.04, 1294.0, 1152.3, 1227.14, 422140.39314774
1610841600, 17/01/2021, 00:00:00, 1227.76, 1268.83, 1165.78, 1232.99, 295103.60231119
1610928000, 18/01/2021, 00:00:00, 1232.6, 1261.0, 1181.9, 1258.48, 287749.94730348
1611014400, 19/01/2021, 00:00:00, 1258.55, 1440.0, 1252.01, 1368.04, 709702.99933138
1611100800, 20/01/2021, 00:00:00, 1367.7, 1408.5, 1234.01, 1376.88, 596370.07168489
1611187200, 21/01/2021, 00:00:00, 1377.15, 1390.0, 1081.0, 1110.62, 789194.34468025
1611273600, 22/01/2021, 00:00:00, 1110.61, 1275.99, 1039.62, 1233.6, 758560.99547401
1611360000, 23/01/2021, 00:00:00, 1233.42, 1272.0, 1196.74, 1234.55, 269855.02080844
1611446400, 24/01/2021, 00:00:00, 1234.47, 1401.92, 1221.66, 1394.0, 434746.40508943
1611532800, 25/01/2021, 00:00:00, 1394.04, 1477.3, 1293.65, 1317.97, 627535.52793717
1611619200, 26/01/2021, 00:00:00, 1317.98, 1378.12, 1245.0, 1367.98, 484756.90659865
1611705600, 27/01/2021, 00:00:00, 1367.97, 1375.91, 1206.05, 1240.96, 546037.67685749
1611792000, 28/01/2021, 00:00:00, 1240.62, 1363.27, 1220.08, 1333.19, 361803.16655087
1611878400, 29/01/2021, 00:00:00, 1333.61, 1442.88, 1286.56, 1379.87, 629545.82992845
1611964800, 30/01/2021, 00:00:00, 1380.04, 1408.97, 1327.0, 1380.0, 283799.50273321
1612051200, 31/01/2021, 00:00:00, 1380.0, 1382.0, 1283.0, 1313.94, 216853.04918505
1612137600, 01/02/2021, 00:00:00, 1313.95, 1378.02, 1271.31, 1374.6, 282549.58638538
1612224000, 02/02/2021, 00:00:00, 1374.55, 1549.0, 1360.27, 1513.67, 596570.35740844
1612310400, 03/02/2021, 00:00:00, 1513.85, 1672.21, 1509.48, 1668.72, 492422.63736011
1612396800, 04/02/2021, 00:00:00, 1668.71, 1699.0, 1556.0, 1597.55, 531943.12791716
1612483200, 05/02/2021, 00:00:00, 1597.34, 1763.93, 1589.17, 1721.06, 414535.83691975
1612569600, 06/02/2021, 00:00:00, 1721.06, 1745.25, 1646.7, 1679.77, 330440.89591973
1612656000, 07/02/2021, 00:00:00, 1679.76, 1695.38, 1493.28, 1615.32, 416691.917484
1612742400, 08/02/2021, 00:00:00, 1615.51, 1780.0, 1565.98, 1752.98, 454314.62328634
1612828800, 09/02/2021, 00:00:00, 1752.98, 1824.23, 1710.01, 1772.16, 345860.43376582
1612915200, 10/02/2021, 00:00:00, 1771.91, 1839.0, 1680.0, 1742.93, 368565.10934926
1613001600, 11/02/2021, 00:00:00, 1742.51, 1819.0, 1704.23, 1787.32, 263018.46640028
1613088000, 12/02/2021, 00:00:00, 1787.33, 1868.9, 1741.29, 1845.0, 324522.83669583
1613174400, 13/02/2021, 00:00:00, 1844.78, 1877.88, 1766.15, 1818.01, 222718.507164
1613260800, 14/02/2021, 00:00:00, 1817.85, 1852.47, 1785.07, 1803.75, 172443.99258151
1613347200, 15/02/2021, 00:00:00, 1803.25, 1836.0, 1659.93, 1779.62, 320429.97588848
1613433600, 16/02/2021, 00:00:00, 1780.59, 1825.0, 1725.0, 1781.97, 209801.29066471
1613520000, 17/02/2021, 00:00:00, 1782.14, 1857.61, 1733.87, 1852.0, 224624.79625355
1613606400, 18/02/2021, 00:00:00, 1851.9, 1950.3, 1851.47, 1939.64, 279501.81066288
1613692800, 19/02/2021, 00:00:00, 1939.64, 1974.98, 1890.0, 1957.68, 247118.43154671
1613779200, 20/02/2021, 00:00:00, 1957.9, 2041.42, 1811.25, 1915.46, 419107.37348279
1613865600, 21/02/2021, 00:00:00, 1915.01, 1976.72, 1885.0, 1935.57, 159669.07872776
1613952000, 22/02/2021, 00:00:00, 1935.67, 1938.95, 1507.34, 1778.66, 665395.31208108
1614038400, 23/02/2021, 00:00:00, 1778.33, 1783.22, 1356.0, 1577.83, 1013355.39743643
1614124800, 24/02/2021, 00:00:00, 1577.84, 1714.0, 1500.28, 1625.3, 440088.38004088
1614211200, 25/02/2021, 00:00:00, 1625.27, 1672.49, 1458.5, 1482.62, 335391.64228393
1614297600, 26/02/2021, 00:00:00, 1482.05, 1564.11, 1400.01, 1445.18, 380775.95904184
1614384000, 27/02/2021, 00:00:00, 1445.09, 1526.82, 1420.0, 1460.57, 231399.55692715
1614470400, 28/02/2021, 00:00:00, 1460.49, 1469.96, 1292.76, 1422.02, 460805.82144299
1614556800, 01/03/2021, 00:00:00, 1421.8, 1574.28, 1412.61, 1571.82, 313413.589566
1614643200, 02/03/2021, 00:00:00, 1571.87, 1605.89, 1455.86, 1488.34, 240668.58113618
1614729600, 03/03/2021, 00:00:00, 1488.34, 1657.91, 1476.72, 1567.86, 233779.70945241
1614816000, 04/03/2021, 00:00:00, 1568.4, 1625.0, 1504.06, 1539.69, 231528.48274717
1614902400, 05/03/2021, 00:00:00, 1539.53, 1551.19, 1442.32, 1528.82, 324961.01226774
1614988800, 06/03/2021, 00:00:00, 1528.82, 1673.02, 1512.45, 1651.83, 248888.00355718
1615075200, 07/03/2021, 00:00:00, 1651.75, 1735.0, 1631.07, 1728.22, 210732.49738587
1615161600, 08/03/2021, 00:00:00, 1727.95, 1843.99, 1664.08, 1834.58, 310581.14494936
1615248000, 09/03/2021, 00:00:00, 1834.88, 1872.26, 1800.0, 1871.99, 225203.26521323
1615334400, 10/03/2021, 00:00:00, 1871.93, 1879.0, 1756.29, 1795.37, 284059.53415917
1615420800, 11/03/2021, 00:00:00, 1795.55, 1847.0, 1725.0, 1827.04, 210929.2155979
1615507200, 12/03/2021, 00:00:00, 1826.53, 1841.96, 1721.15, 1767.79, 236995.37958528
1615593600, 13/03/2021, 00:00:00, 1766.76, 1944.0, 1728.3, 1921.61, 242511.38585835
1615680000, 14/03/2021, 00:00:00, 1921.76, 1931.97, 1836.61, 1848.9, 153591.2699543
1615766400, 15/03/2021, 00:00:00, 1848.56, 1893.75, 1734.87, 1795.07, 283178.47343009
1615852800, 16/03/2021, 00:00:00, 1794.08, 1819.2, 1706.25, 1806.03, 183635.76254277
1615939200, 17/03/2021, 00:00:00, 1805.7, 1841.13, 1742.0, 1824.74, 192527.7769105
1616025600, 18/03/2021, 00:00:00, 1824.45, 1850.0, 1758.4, 1776.4, 190138.5330396
1616112000, 19/03/2021, 00:00:00, 1776.4, 1840.69, 1734.29, 1809.38, 144695.63348271
1616198400, 20/03/2021, 00:00:00, 1808.95, 1869.0, 1800.55, 1806.47, 111937.33021974
1616284800, 21/03/2021, 00:00:00, 1806.04, 1818.86, 1748.25, 1784.0, 121647.31152544
1616371200, 22/03/2021, 00:00:00, 1784.11, 1806.39, 1657.17, 1681.02, 200417.24791012
1616457600, 23/03/2021, 00:00:00, 1681.4, 1723.61, 1651.58, 1668.09, 212509.86225776
1616544000, 24/03/2021, 00:00:00, 1668.37, 1740.91, 1545.77, 1581.79, 278130.15826272
1616630400, 25/03/2021, 00:00:00, 1581.97, 1622.27, 1548.69, 1587.08, 286235.84724682
1616716800, 26/03/2021, 00:00:00, 1587.01, 1700.7, 1586.81, 1700.1, 175253.6705026
1616803200, 27/03/2021, 00:00:00, 1699.97, 1732.85, 1666.4, 1713.88, 110263.21715736
1616889600, 28/03/2021, 00:00:00, 1713.96, 1725.71, 1662.0, 1686.92, 95999.89882024
1616976000, 29/03/2021, 00:00:00, 1686.92, 1841.88, 1675.28, 1815.73, 203102.37426045
1617062400, 30/03/2021, 00:00:00, 1815.73, 1860.0, 1785.77, 1841.16, 151376.69947985
1617148800, 31/03/2021, 00:00:00, 1841.03, 1948.0, 1771.94, 1920.0, 263472.22513295
1617235200, 01/04/2021, 00:00:00, 1919.99, 1982.21, 1886.11, 1968.38, 206220.44426132
1617321600, 02/04/2021, 00:00:00, 1968.74, 2145.0, 1948.67, 2134.68, 273307.72019019
1617408000, 03/04/2021, 00:00:00, 2134.38, 2139.33, 2000.0, 2009.25, 198152.20897275
1617494400, 04/04/2021, 00:00:00, 2008.97, 2093.07, 1980.0, 2076.36, 117506.19033922
1617580800, 05/04/2021, 00:00:00, 2076.31, 2131.27, 2003.1, 2106.98, 150633.34725495
1617667200, 06/04/2021, 00:00:00, 2107.45, 2151.0, 2046.08, 2113.0, 195664.36827122
1617753600, 07/04/2021, 00:00:00, 2113.55, 2128.99, 1929.69, 1964.23, 297887.0746854
1617840000, 08/04/2021, 00:00:00, 1964.69, 2084.54, 1949.34, 2081.29, 134740.59760903
1617926400, 09/04/2021, 00:00:00, 2081.29, 2100.0, 2048.41, 2066.03, 116343.17660276
1618012800, 10/04/2021, 00:00:00, 2066.5, 2195.0, 2057.2, 2133.08, 172198.2806936
1618099200, 11/04/2021, 00:00:00, 2133.07, 2163.18, 2112.58, 2150.54, 83861.37599123
1618185600, 12/04/2021, 00:00:00, 2150.54, 2199.11, 2102.55, 2138.03, 127578.86243868
1618272000, 13/04/2021, 00:00:00, 2138.02, 2317.3, 2135.9, 2299.92, 230007.9920857
1618358400, 14/04/2021, 00:00:00, 2300.01, 2446.91, 2283.26, 2432.54, 322816.09722215
1618444800, 15/04/2021, 00:00:00, 2432.16, 2546.82, 2401.25, 2517.03, 218658.15563428
1618531200, 16/04/2021, 00:00:00, 2517.03, 2548.0, 2305.0, 2426.64, 305993.48077725
1618617600, 17/04/2021, 00:00:00, 2426.64, 2497.84, 2305.55, 2318.7, 184015.29039346
1618704000, 18/04/2021, 00:00:00, 2319.11, 2341.0, 2000.0, 2241.46, 484164.17039406
1618790400, 19/04/2021, 00:00:00, 2241.67, 2282.6, 2050.0, 2163.82, 269095.50575273
1618876800, 20/04/2021, 00:00:00, 2163.69, 2349.5, 2054.25, 2332.6, 312215.54603767
1618963200, 21/04/2021, 00:00:00, 2332.18, 2471.72, 2237.02, 2357.21, 305022.6790685
1619049600, 22/04/2021, 00:00:00, 2357.74, 2646.2, 2304.0, 2399.99, 584078.8877022
1619136000, 23/04/2021, 00:00:00, 2399.21, 2442.29, 2040.0, 2370.05, 644161.18986279
1619222400, 24/04/2021, 00:00:00, 2369.8, 2371.18, 2158.36, 2216.72, 220990.83137577
1619308800, 25/04/2021, 00:00:00, 2216.18, 2358.22, 2166.0, 2322.16, 253708.11161981
1619395200, 26/04/2021, 00:00:00, 2322.43, 2542.04, 2306.03, 2534.0, 310905.02678021
1619481600, 27/04/2021, 00:00:00, 2533.99, 2683.0, 2484.56, 2667.86, 276539.98979416
1619568000, 28/04/2021, 00:00:00, 2667.86, 2762.59, 2551.0, 2751.59, 388997.91493036
1619654400, 29/04/2021, 00:00:00, 2751.56, 2800.0, 2672.0, 2758.92, 289566.94008224
1619740800, 30/04/2021, 00:00:00, 2758.92, 2800.0, 2727.0, 2776.45, 203784.33868508
1619827200, 01/05/2021, 00:00:00, 2776.76, 2955.9, 2757.28, 2948.92, 219121.32332416
1619913600, 02/05/2021, 00:00:00, 2948.92, 2986.0, 2855.29, 2952.09, 158755.45128689
1620000000, 03/05/2021, 00:00:00, 2952.21, 3457.75, 2952.08, 3433.99, 552087.28112543
1620086400, 04/05/2021, 00:00:00, 3433.99, 3534.5, 3166.12, 3240.01, 713308.42978124
1620172800, 05/05/2021, 00:00:00, 3239.61, 3550.0, 3201.33, 3529.97, 466260.19811275
1620259200, 06/05/2021, 00:00:00, 3529.96, 3610.91, 3381.11, 3492.75, 368967.13672979
1620345600, 07/05/2021, 00:00:00, 3492.33, 3595.07, 3356.69, 3484.7, 305837.39644288
1620432000, 08/05/2021, 00:00:00, 3484.69, 3962.44, 3455.0, 3917.26, 329490.02398979
1620518400, 09/05/2021, 00:00:00, 3917.26, 3984.0, 3726.29, 3928.44, 303199.06513222
1620604800, 10/05/2021, 00:00:00, 3928.41, 4213.85, 3650.01, 3949.45, 591122.82046763
1620691200, 11/05/2021, 00:00:00, 3949.45, 4183.25, 3760.0, 4179.76, 371785.21687275
1620777600, 12/05/2021, 00:00:00, 4179.77, 4384.43, 3700.0, 3826.37, 617506.79293758
1620864000, 13/05/2021, 00:00:00, 3826.37, 4055.62, 3525.62, 3719.23, 812296.19058095
1620950400, 14/05/2021, 00:00:00, 3719.22, 4177.77, 3695.0, 4080.51, 344804.82454669
1621036800, 15/05/2021, 00:00:00, 4080.51, 4138.0, 3632.0, 3649.54, 332664.12210277
1621123200, 16/05/2021, 00:00:00, 3648.16, 3878.23, 3334.88, 3585.62, 496714.18827206
1621209600, 17/05/2021, 00:00:00, 3584.79, 3590.0, 3101.0, 3283.32, 681492.46445778
1621296000, 18/05/2021, 00:00:00, 3283.32, 3567.4, 3241.06, 3375.96, 443596.42566946
1621382400, 19/05/2021, 00:00:00, 3376.98, 3444.96, 1860.0, 2443.91, 1664158.9063247
1621468800, 20/05/2021, 00:00:00, 2443.91, 2999.99, 2156.0, 2775.07, 1050830.69730324
1621555200, 21/05/2021, 00:00:00, 2775.06, 2950.0, 2105.0, 2434.86, 936011.86609611
1621641600, 22/05/2021, 00:00:00, 2434.86, 2486.29, 2156.0, 2297.19, 665111.58789821
1621728000, 23/05/2021, 00:00:00, 2296.68, 2382.0, 1728.0, 2099.58, 1045012.76021567
1621814400, 24/05/2021, 00:00:00, 2100.07, 2678.25, 2072.15, 2651.24, 860939.09041545
1621900800, 25/05/2021, 00:00:00, 2651.57, 2768.0, 2383.39, 2707.56, 725633.89598362
1621987200, 26/05/2021, 00:00:00, 2707.75, 2913.68, 2647.21, 2889.84, 532990.73904717
1622073600, 27/05/2021, 00:00:00, 2889.43, 2893.96, 2639.32, 2745.51, 380707.48775302
1622160000, 28/05/2021, 00:00:00, 2745.25, 2762.91, 2329.2, 2413.81, 657497.5191979
1622246400, 29/05/2021, 00:00:00, 2413.28, 2574.86, 2207.74, 2280.72, 496783.55299687
1622332800, 30/05/2021, 00:00:00, 2280.78, 2480.69, 2182.2, 2387.66, 388966.15183724
1622419200, 31/05/2021, 00:00:00, 2387.65, 2720.0, 2275.22, 2707.12, 400639.23849696
1622505600, 01/06/2021, 00:00:00, 2707.87, 2748.0, 2527.88, 2634.42, 341435.04494495
1622592000, 02/06/2021, 00:00:00, 2634.46, 2803.0, 2552.28, 2706.64, 268753.93459884
1622678400, 03/06/2021, 00:00:00, 2706.87, 2890.0, 2663.02, 2856.68, 254235.89167581
1622764800, 04/06/2021, 00:00:00, 2856.73, 2859.85, 2554.39, 2690.68, 294466.9594428
1622851200, 05/06/2021, 00:00:00, 2691.13, 2816.92, 2552.18, 2629.75, 228143.70836692
1622937600, 06/06/2021, 00:00:00, 2629.45, 2745.36, 2615.0, 2710.97, 122420.16649011
1623024000, 07/06/2021, 00:00:00, 2710.97, 2849.15, 2575.0, 2592.47, 267934.37140931
1623110400, 08/06/2021, 00:00:00, 2592.47, 2621.91, 2306.52, 2509.11, 451505.06172677
1623196800, 09/06/2021, 00:00:00, 2509.1, 2628.16, 2406.33, 2611.27, 291643.03769418
1623283200, 10/06/2021, 00:00:00, 2611.4, 2625.0, 2428.16, 2471.59, 181679.49879048
1623369600, 11/06/2021, 00:00:00, 2471.59, 2499.34, 2322.16, 2355.27, 189880.6813896
1623456000, 12/06/2021, 00:00:00, 2355.11, 2452.58, 2257.07, 2371.49, 177293.96771257
1623542400, 13/06/2021, 00:00:00, 2371.85, 2550.0, 2309.67, 2510.23, 172712.48563163
1623628800, 14/06/2021, 00:00:00, 2510.22, 2609.02, 2461.63, 2582.86, 169626.35302782
1623715200, 15/06/2021, 00:00:00, 2582.45, 2640.0, 2506.23, 2543.58, 168529.3479128
1623801600, 16/06/2021, 00:00:00, 2543.57, 2555.0, 2351.01, 2367.73, 178257.28803783
1623888000, 17/06/2021, 00:00:00, 2368.24, 2459.53, 2306.35, 2373.33, 153637.62400874
1623974400, 18/06/2021, 00:00:00, 2373.33, 2377.8, 2125.12, 2234.47, 273328.22658507
1624060800, 19/06/2021, 00:00:00, 2234.8, 2279.0, 2162.72, 2164.72, 162828.91242019
1624147200, 20/06/2021, 00:00:00, 2165.13, 2275.78, 2042.5, 2242.9, 231871.91509491
1624233600, 21/06/2021, 00:00:00, 2242.89, 2259.1, 1864.5, 1885.67, 598655.07269099
1624320000, 22/06/2021, 00:00:00, 1885.49, 1996.67, 1700.0, 1881.65, 620163.37396399
1624406400, 23/06/2021, 00:00:00, 1881.24, 2045.0, 1823.97, 1968.37, 287217.09052056
1624492800, 24/06/2021, 00:00:00, 1968.36, 2035.39, 1884.77, 1988.81, 208623.5990145
1624579200, 25/06/2021, 00:00:00, 1988.81, 2019.39, 1792.0, 1809.07, 370739.74744615
1624665600, 26/06/2021, 00:00:00, 1809.07, 1851.97, 1717.41, 1829.17, 238207.16665611
1624752000, 27/06/2021, 00:00:00, 1829.0, 1988.62, 1807.89, 1984.71, 177413.91064922
1624838400, 28/06/2021, 00:00:00, 1984.84, 2143.67, 1957.24, 2083.79, 278261.98240028
1624924800, 29/06/2021, 00:00:00, 2083.99, 2247.03, 2074.53, 2166.18, 215702.68781407
1625011200, 30/06/2021, 00:00:00, 2165.64, 2288.0, 2089.16, 2276.72, 254873.14574192
1625097600, 01/07/2021, 00:00:00, 2276.74, 2277.44, 2072.06, 2107.01, 240720.57482006
1625184000, 02/07/2021, 00:00:00, 2107.75, 2159.43, 2017.07, 2156.0, 192127.19122379
1625270400, 03/07/2021, 00:00:00, 2156.0, 2239.69, 2113.18, 2226.95, 98666.79185779
1625356800, 04/07/2021, 00:00:00, 2227.46, 2389.22, 2190.56, 2323.15, 126325.73621254
1625443200, 05/07/2021, 00:00:00, 2323.27, 2324.44, 2160.0, 2197.34, 156103.9362224
1625529600, 06/07/2021, 00:00:00, 2197.34, 2350.0, 2195.02, 2321.84, 165693.46720418
1625616000, 07/07/2021, 00:00:00, 2322.2, 2411.19, 2294.16, 2316.82, 159702.0440841
1625702400, 08/07/2021, 00:00:00, 2317.64, 2325.46, 2084.0, 2116.95, 223830.00371273
1625788800, 09/07/2021, 00:00:00, 2116.3, 2189.28, 2050.0, 2147.38, 190883.32617917
1625875200, 10/07/2021, 00:00:00, 2147.38, 2192.98, 2075.0, 2110.55, 116594.48589325
1625961600, 11/07/2021, 00:00:00, 2110.56, 2173.37, 2081.51, 2140.82, 89340.97126887
1626048000, 12/07/2021, 00:00:00, 2141.45, 2169.0, 2002.0, 2030.72, 174561.37955667
1626134400, 13/07/2021, 00:00:00, 2030.74, 2047.72, 1917.4, 1940.76, 217891.77262081
1626220800, 14/07/2021, 00:00:00, 1940.34, 2019.9, 1865.5, 1994.11, 195351.53451543
1626307200, 15/07/2021, 00:00:00, 1994.12, 2039.99, 1880.0, 1918.07, 229477.74435019
1626393600, 16/07/2021, 00:00:00, 1918.99, 1965.35, 1850.15, 1877.22, 184221.68200937
1626480000, 17/07/2021, 00:00:00, 1877.22, 1919.0, 1847.0, 1899.75, 113724.29716977
1626566400, 18/07/2021, 00:00:00, 1899.75, 1994.4, 1878.67, 1891.46, 124679.10845278
1626652800, 19/07/2021, 00:00:00, 1891.46, 1918.65, 1805.47, 1818.44, 191611.5191467
1626739200, 20/07/2021, 00:00:00, 1818.45, 1840.79, 1718.41, 1786.46, 278984.79921803
1626825600, 21/07/2021, 00:00:00, 1786.51, 2033.16, 1754.27, 1996.18, 263702.46075895
1626912000, 22/07/2021, 00:00:00, 1996.21, 2046.74, 1948.68, 2024.75, 196355.49626351
1626998400, 23/07/2021, 00:00:00, 2024.75, 2131.51, 1995.0, 2125.81, 177278.18951605
1627084800, 24/07/2021, 00:00:00, 2125.82, 2200.0, 2107.13, 2185.95, 151102.52474975
1627171200, 25/07/2021, 00:00:00, 2186.76, 2197.05, 2108.08, 2193.03, 129013.98912781
1627257600, 26/07/2021, 00:00:00, 2192.38, 2437.99, 2172.99, 2228.26, 427763.06726806
1627344000, 27/07/2021, 00:00:00, 2228.71, 2321.0, 2152.0, 2300.59, 253782.97390467
1627430400, 28/07/2021, 00:00:00, 2300.28, 2347.88, 2245.1, 2300.42, 205833.21106135
1627516800, 29/07/2021, 00:00:00, 2300.76, 2399.99, 2267.78, 2383.32, 172925.7166805
1627603200, 30/07/2021, 00:00:00, 2383.47, 2474.82, 2317.51, 2463.9, 222140.744211
1627689600, 31/07/2021, 00:00:00, 2463.88, 2555.0, 2422.31, 2533.74, 134549.11974341
1627776000, 01/08/2021, 00:00:00, 2533.54, 2699.0, 2511.5, 2555.43, 260742.0604239
1627862400, 02/08/2021, 00:00:00, 2555.99, 2666.36, 2503.7, 2608.12, 234264.49105555
1627948800, 03/08/2021, 00:00:00, 2608.12, 2633.0, 2445.58, 2508.31, 237814.06443089
1628035200, 04/08/2021, 00:00:00, 2508.16, 2771.42, 2455.94, 2724.71, 250129.62895073
1628121600, 05/08/2021, 00:00:00, 2724.71, 2845.0, 2530.69, 2829.35, 326176.98753449
1628208000, 06/08/2021, 00:00:00, 2829.49, 2949.21, 2721.0, 2892.98, 283374.42059615
1628294400, 07/08/2021, 00:00:00, 2892.83, 3173.72, 2866.58, 3163.09, 299359.36243726
1628380800, 08/08/2021, 00:00:00, 3163.09, 3191.99, 2948.76, 3014.13, 244654.45876056
1628467200, 09/08/2021, 00:00:00, 3014.12, 3190.0, 2892.5, 3162.34, 315853.32665056
1628553600, 10/08/2021, 00:00:00, 3162.33, 3235.1, 3051.0, 3142.09, 223500.03188943
1628640000, 11/08/2021, 00:00:00, 3142.18, 3275.0, 3122.22, 3162.61, 194586.91786387
1628726400, 12/08/2021, 00:00:00, 3162.16, 3239.69, 2980.0, 3047.21, 243214.90148817
1628812800, 13/08/2021, 00:00:00, 3047.21, 3330.0, 3034.52, 3324.51, 190905.3520745
1628899200, 14/08/2021, 00:00:00, 3324.51, 3333.0, 3206.96, 3266.52, 118892.50906903
1628985600, 15/08/2021, 00:00:00, 3266.52, 3323.54, 3112.96, 3310.93, 162311.47927523
1629072000, 16/08/2021, 00:00:00, 3311.02, 3341.47, 3135.0, 3146.6, 177756.89052157
1629158400, 17/08/2021, 00:00:00, 3146.6, 3293.15, 2992.15, 3011.01, 246541.89921532
1629244800, 18/08/2021, 00:00:00, 3011.77, 3126.51, 2951.0, 3014.38, 193245.63285215
1629331200, 19/08/2021, 00:00:00, 3014.38, 3187.48, 2960.0, 3184.21, 161902.28879318
1629417600, 20/08/2021, 00:00:00, 3184.32, 3300.0, 3178.65, 3286.58, 173202.49961989
1629504000, 21/08/2021, 00:00:00, 3286.82, 3311.0, 3206.96, 3226.73, 108432.72740463
1629590400, 22/08/2021, 00:00:00, 3226.38, 3275.0, 3128.82, 3241.42, 98417.87656735
1629676800, 23/08/2021, 00:00:00, 3241.41, 3378.6, 3233.19, 3323.12, 170976.09020067
1629763200, 24/08/2021, 00:00:00, 3322.76, 3360.0, 3133.45, 3171.52, 162665.07930976
1629849600, 25/08/2021, 00:00:00, 3170.94, 3249.0, 3079.92, 3228.51, 138830.69124351
1629936000, 26/08/2021, 00:00:00, 3228.51, 3251.05, 3056.0, 3093.2, 140286.63490594
1630022400, 27/08/2021, 00:00:00, 3092.71, 3283.26, 3050.0, 3274.67, 168913.62309989
1630108800, 28/08/2021, 00:00:00, 3275.32, 3290.51, 3212.01, 3247.99, 72183.42536015
1630195200, 29/08/2021, 00:00:00, 3247.99, 3287.73, 3153.75, 3226.46, 89119.39624772
1630281600, 30/08/2021, 00:00:00, 3226.45, 3349.0, 3145.45, 3229.01, 219625.56218696
1630368000, 31/08/2021, 00:00:00, 3229.02, 3486.8, 3190.56, 3430.23, 320212.11999266
1630454400, 01/09/2021, 00:00:00, 3430.0, 3843.12, 3384.24, 3829.39, 306568.70086335
1630540800, 02/09/2021, 00:00:00, 3829.29, 3838.28, 3722.65, 3787.97, 206168.93909873
1630627200, 03/09/2021, 00:00:00, 3788.2, 4030.35, 3710.59, 3940.06, 284766.1603865
1630713600, 04/09/2021, 00:00:00, 3940.06, 3970.0, 3834.57, 3887.53, 130047.41569531
1630800000, 05/09/2021, 00:00:00, 3887.58, 3982.64, 3835.7, 3952.17, 101339.56157838
1630886400, 06/09/2021, 00:00:00, 3951.68, 3973.27, 3868.0, 3928.89, 111675.62991707
1630972800, 07/09/2021, 00:00:00, 3928.72, 3948.0, 3009.0, 3436.96, 482489.77503547
1631059200, 08/09/2021, 00:00:00, 3436.75, 3562.98, 3216.0, 3500.34, 352658.69072643
1631145600, 09/09/2021, 00:00:00, 3499.54, 3568.59, 3393.17, 3424.95, 244244.24892658
1631232000, 10/09/2021, 00:00:00, 3424.32, 3514.37, 3142.67, 3209.82, 271075.68986114
1631318400, 11/09/2021, 00:00:00, 3209.29, 3349.43, 3199.88, 3266.77, 133373.86127026
1631404800, 12/09/2021, 00:00:00, 3266.97, 3472.99, 3231.75, 3403.75, 133979.51978513
1631491200, 13/09/2021, 00:00:00, 3403.81, 3430.0, 3111.14, 3286.2, 215497.91819641
1631577600, 14/09/2021, 00:00:00, 3285.66, 3439.15, 3270.74, 3436.29, 152957.54148077
1631664000, 15/09/2021, 00:00:00, 3436.29, 3621.15, 3359.96, 3615.65, 157550.50123984
1631750400, 16/09/2021, 00:00:00, 3615.68, 3675.92, 3482.97, 3568.66, 193709.08937556
1631836800, 17/09/2021, 00:00:00, 3568.77, 3595.0, 3350.06, 3400.0, 164813.94731616
1631923200, 18/09/2021, 00:00:00, 3400.0, 3543.0, 3369.53, 3436.31, 129386.37129349
1632009600, 19/09/2021, 00:00:00, 3436.59, 3457.22, 3278.0, 3328.59, 93362.31450909
1632096000, 20/09/2021, 00:00:00, 3328.7, 3346.58, 2911.81, 2976.48, 434236.7826118
1632182400, 21/09/2021, 00:00:00, 2976.36, 3104.82, 2651.0, 2765.69, 441567.8736938
1632268800, 22/09/2021, 00:00:00, 2765.33, 3090.83, 2738.24, 3078.43, 271497.54590784
1632355200, 23/09/2021, 00:00:00, 3078.42, 3182.34, 3035.83, 3154.62, 166485.49300907
1632441600, 24/09/2021, 00:00:00, 3154.42, 3160.48, 2735.0, 2930.61, 365024.83204626
1632528000, 25/09/2021, 00:00:00, 2930.59, 2968.85, 2800.01, 2924.01, 145561.52444175
1632614400, 26/09/2021, 00:00:00, 2923.91, 3117.48, 2741.34, 3060.71, 168746.48142334
1632700800, 27/09/2021, 00:00:00, 3059.92, 3168.03, 2925.0, 2925.27, 172472.29785812
1632787200, 28/09/2021, 00:00:00, 2926.27, 2971.16, 2782.6, 2805.65, 186331.02775653
1632873600, 29/09/2021, 00:00:00, 2805.64, 2950.6, 2781.99, 2850.14, 177979.48195163
1632960000, 30/09/2021, 00:00:00, 2849.71, 3048.58, 2836.21, 3000.46, 169873.45079422
1633046400, 01/10/2021, 00:00:00, 3001.14, 3337.15, 2967.41, 3311.16, 201035.51345113
1633132800, 02/10/2021, 00:00:00, 3311.2, 3469.95, 3258.94, 3387.82, 144778.38450029
1633219200, 03/10/2021, 00:00:00, 3388.67, 3489.18, 3343.36, 3420.07, 124271.04864619
1633305600, 04/10/2021, 00:00:00, 3419.63, 3438.91, 3269.67, 3387.2, 163829.62677831
1633392000, 05/10/2021, 00:00:00, 3386.9, 3547.88, 3365.34, 3515.3, 163084.66881477
1633478400, 06/10/2021, 00:00:00, 3517.26, 3632.44, 3342.16, 3575.85, 219116.78797009
1633564800, 07/10/2021, 00:00:00, 3576.45, 3655.02, 3471.52, 3588.51, 195554.94828114
1633651200, 08/10/2021, 00:00:00, 3588.83, 3670.0, 3535.0, 3563.96, 146564.44707403
1633737600, 09/10/2021, 00:00:00, 3563.96, 3634.13, 3538.61, 3575.83, 88782.58533301
1633824000, 10/10/2021, 00:00:00, 3575.2, 3605.49, 3406.44, 3415.0, 112835.1020128
1633910400, 11/10/2021, 00:00:00, 3414.75, 3625.0, 3373.45, 3542.37, 142525.70987846
1633996800, 12/10/2021, 00:00:00, 3542.2, 3549.0, 3403.51, 3490.61, 176617.45185163
1634083200, 13/10/2021, 00:00:00, 3490.17, 3614.48, 3412.45, 3608.21, 158955.26821205
1634169600, 14/10/2021, 00:00:00, 3608.43, 3828.84, 3588.55, 3791.66, 216569.69208772
1634256000, 15/10/2021, 00:00:00, 3791.06, 3900.0, 3734.44, 3869.73, 204682.20802319
1634342400, 16/10/2021, 00:00:00, 3869.73, 3968.49, 3802.0, 3829.66, 130674.36831436
1634428800, 17/10/2021, 00:00:00, 3829.7, 3919.0, 3643.0, 3847.18, 134515.91092357
1634515200, 18/10/2021, 00:00:00, 3847.38, 3894.7, 3676.35, 3745.48, 187448.53280815
1634601600, 19/10/2021, 00:00:00, 3745.13, 3890.36, 3700.0, 3878.17, 154012.15326702
1634688000, 20/10/2021, 00:00:00, 3878.35, 4169.0, 3829.59, 4161.94, 235728.75520251
1634774400, 21/10/2021, 00:00:00, 4161.83, 4374.95, 4010.22, 4053.9, 286201.83773073
1634860800, 22/10/2021, 00:00:00, 4053.97, 4169.72, 3885.25, 3971.55, 187484.20093549
1634947200, 23/10/2021, 00:00:00, 3971.89, 4172.04, 3935.92, 4168.56, 109253.57167984
1635033600, 24/10/2021, 00:00:00, 4168.53, 4188.42, 3962.05, 4082.64, 126731.47064484
1635120000, 25/10/2021, 00:00:00, 4082.09, 4236.27, 4069.22, 4220.93, 145753.84102089
1635206400, 26/10/2021, 00:00:00, 4221.16, 4297.0, 4091.31, 4131.47, 169619.87486465
1635292800, 27/10/2021, 00:00:00, 4132.19, 4314.63, 3911.0, 3923.94, 279555.38152718
1635379200, 28/10/2021, 00:00:00, 3925.26, 4299.0, 3889.05, 4288.26, 257149.82955488
1635465600, 29/10/2021, 00:00:00, 4288.25, 4461.96, 4266.91, 4421.23, 257148.94601167
1635552000, 30/10/2021, 00:00:00, 4421.23, 4435.0, 4236.99, 4324.67, 123410.59442713
1635638400, 31/10/2021, 00:00:00, 4325.55, 4395.99, 4168.1, 4290.16, 148206.08981334
1635724800, 01/11/2021, 00:00:00, 4290.31, 4385.16, 4151.0, 4322.89, 165298.66872401
1635811200, 02/11/2021, 00:00:00, 4322.89, 4604.99, 4287.32, 4595.01, 217839.79309642
1635897600, 03/11/2021, 00:00:00, 4594.27, 4671.0, 4456.0, 4606.07, 213935.75674438
1635984000, 04/11/2021, 00:00:00, 4606.07, 4610.24, 4423.01, 4537.15, 182872.96131449
1636070400, 05/11/2021, 00:00:00, 4537.14, 4574.0, 4446.01, 4479.47, 142403.14739608
1636156800, 06/11/2021, 00:00:00, 4479.47, 4534.43, 4329.21, 4523.16, 107961.55343832
1636243200, 07/11/2021, 00:00:00, 4523.73, 4639.8, 4506.99, 4617.02, 85312.85613745
1636329600, 08/11/2021, 00:00:00, 4617.27, 4825.0, 4616.5, 4811.9, 163884.29350308
1636416000, 09/11/2021, 00:00:00, 4811.89, 4842.54, 4697.9, 4731.59, 154525.60456333
1636502400, 10/11/2021, 00:00:00, 4731.58, 4867.81, 4460.0, 4632.22, 249949.62441734
1636588800, 11/11/2021, 00:00:00, 4632.23, 4783.05, 4578.05, 4721.87, 112248.30258781
1636675200, 12/11/2021, 00:00:00, 4721.07, 4809.27, 4508.42, 4667.34, 160383.45748095
1636761600, 13/11/2021, 00:00:00, 4667.79, 4708.6, 4586.8, 4644.44, 76568.33646209
1636848000, 14/11/2021, 00:00:00, 4644.43, 4695.07, 4516.05, 4627.03, 96933.07064437
1636934400, 15/11/2021, 00:00:00, 4626.61, 4770.0, 4541.0, 4565.06, 121693.76091856
1637020800, 16/11/2021, 00:00:00, 4564.34, 4564.98, 4108.0, 4209.5, 309826.45957038
1637107200, 17/11/2021, 00:00:00, 4209.89, 4300.01, 4068.24, 4289.4, 197969.47328462
1637193600, 18/11/2021, 00:00:00, 4289.4, 4346.42, 3960.0, 3997.93, 291477.64786245
1637280000, 19/11/2021, 00:00:00, 3998.57, 4314.82, 3975.24, 4299.55, 191232.56135587
1637366400, 20/11/2021, 00:00:00, 4299.55, 4438.96, 4206.03, 4416.69, 96882.12097892
1637452800, 21/11/2021, 00:00:00, 4416.36, 4427.72, 4246.07, 4262.99, 83775.31676078
1637539200, 22/11/2021, 00:00:00, 4263.04, 4322.86, 4024.45, 4089.16, 174572.98932477
1637625600, 23/11/2021, 00:00:00, 4089.17, 4389.95, 4062.28, 4341.62, 159935.23797902
1637712000, 24/11/2021, 00:00:00, 4341.58, 4359.88, 4168.99, 4270.74, 120268.67729032
1637798400, 25/11/2021, 00:00:00, 4270.93, 4555.11, 4250.0, 4525.87, 132338.28173546
1637884800, 26/11/2021, 00:00:00, 4527.03, 4555.53, 3915.0, 4043.67, 324817.57682312
1637971200, 27/11/2021, 00:00:00, 4043.62, 4186.97, 4031.56, 4098.31, 93299.56271946
1638057600, 28/11/2021, 00:00:00, 4098.53, 4303.35, 3950.0, 4298.38, 124752.71262005
1638144000, 29/11/2021, 00:00:00, 4298.38, 4466.0, 4282.07, 4449.42, 170935.20731881
1638230400, 30/11/2021, 00:00:00, 4449.42, 4759.0, 4350.91, 4634.95, 312105.05293146
1638316800, 01/12/2021, 00:00:00, 4636.43, 4784.5, 4526.94, 4586.95, 241301.695591
1638403200, 02/12/2021, 00:00:00, 4586.87, 4637.39, 4435.0, 4514.59, 171913.60834148
1638489600, 03/12/2021, 00:00:00, 4514.54, 4662.75, 4035.0, 4216.93, 312836.25058642
1638576000, 04/12/2021, 00:00:00, 4216.3, 4240.0, 3575.0, 4123.13, 512946.90714235
1638662400, 05/12/2021, 00:00:00, 4123.13, 4257.0, 4038.13, 4203.22, 250275.13989584
1638748800, 06/12/2021, 00:00:00, 4203.22, 4380.8, 3913.0, 4354.22, 349333.84787974
1638835200, 07/12/2021, 00:00:00, 4354.09, 4433.99, 4260.0, 4310.19, 198306.85854675
1638921600, 08/12/2021, 00:00:00, 4310.21, 4456.36, 4226.88, 4440.51, 186740.13696568
1639008000, 09/12/2021, 00:00:00, 4440.94, 4490.72, 4076.15, 4106.06, 222048.28315781
1639094400, 10/12/2021, 00:00:00, 4105.99, 4232.38, 3889.42, 3900.91, 273780.7217072
1639180800, 11/12/2021, 00:00:00, 3899.97, 4099.87, 3835.0, 4091.18, 166327.13830459
1639267200, 12/12/2021, 00:00:00, 4091.17, 4186.16, 3989.41, 4132.92, 108368.85746466
1639353600, 13/12/2021, 00:00:00, 4132.91, 4146.1, 3660.0, 3783.81, 305712.33000025
1639440000, 14/12/2021, 00:00:00, 3784.0, 3884.08, 3686.49, 3860.74, 197099.24204846
1639526400, 15/12/2021, 00:00:00, 3860.72, 4097.0, 3643.43, 4021.53, 319094.24570016
1639612800, 16/12/2021, 00:00:00, 4021.41, 4116.39, 3952.81, 3957.28, 174285.93324831
1639699200, 17/12/2021, 00:00:00, 3957.12, 3994.81, 3699.0, 3876.02, 209823.26509135
1639785600, 18/12/2021, 00:00:00, 3876.37, 3999.0, 3768.14, 3961.92, 113485.77521903
1639872000, 19/12/2021, 00:00:00, 3961.93, 4039.73, 3886.03, 3925.79, 102078.81232557
1639958400, 20/12/2021, 00:00:00, 3925.78, 3984.08, 3754.8, 3946.16, 172027.91571974
1640044800, 21/12/2021, 00:00:00, 3946.59, 4063.89, 3908.13, 4017.11, 137991.50149241
1640131200, 22/12/2021, 00:00:00, 4017.35, 4075.0, 3933.74, 3981.12, 110316.26044274
1640217600, 23/12/2021, 00:00:00, 3980.82, 4157.82, 3895.7, 4113.08, 180980.07790929
1640304000, 24/12/2021, 00:00:00, 4113.64, 4138.71, 4005.0, 4049.65, 109472.89747679
1640390400, 25/12/2021, 00:00:00, 4049.81, 4143.13, 4021.31, 4097.43, 68854.05530395
1640476800, 26/12/2021, 00:00:00, 4098.67, 4106.5, 4008.01, 4065.91, 66848.08372392
1640563200, 27/12/2021, 00:00:00, 4066.14, 4128.9, 4027.56, 4038.64, 108344.57109844
1640649600, 28/12/2021, 00:00:00, 4038.18, 4038.68, 3760.01, 3793.67, 203399.82203323
1640736000, 29/12/2021, 00:00:00, 3793.66, 3828.18, 3603.0, 3630.59, 167709.4231065
1640822400, 30/12/2021, 00:00:00, 3630.18, 3769.99, 3585.85, 3710.02, 155011.95096414
1640908800, 31/12/2021, 00:00:00, 3710.01, 3815.04, 3619.78, 3675.8, 171634.96154996
1640995200, 01/01/2022, 00:00:00, 3675.81, 3777.82, 3674.02, 3765.72, 98353.62552826
1641081600, 02/01/2022, 00:00:00, 3765.98, 3855.77, 3718.2, 3828.87, 78466.35113548
1641168000, 03/01/2022, 00:00:00, 3828.93, 3851.66, 3681.62, 3766.04, 106574.13357834
1641254400, 04/01/2022, 00:00:00, 3766.01, 3894.12, 3714.22, 3785.0, 148752.52638971
1641340800, 05/01/2022, 00:00:00, 3785.0, 3848.2, 3414.88, 3539.0, 240345.13859808
1641427200, 06/01/2022, 00:00:00, 3539.0, 3550.02, 3300.0, 3406.03, 282771.63777278
1641513600, 07/01/2022, 00:00:00, 3405.66, 3415.52, 3065.0, 3198.82, 376752.15627171
1641600000, 08/01/2022, 00:00:00, 3198.96, 3247.89, 3000.0, 3080.48, 231676.12058726
1641686400, 09/01/2022, 00:00:00, 3080.92, 3212.46, 3057.82, 3151.66, 131897.75381912
1641772800, 10/01/2022, 00:00:00, 3151.65, 3180.29, 2928.69, 3083.51, 260769.14044553
1641859200, 11/01/2022, 00:00:00, 3083.51, 3265.98, 3052.19, 3240.83, 158466.70742447
1641945600, 12/01/2022, 00:00:00, 3240.83, 3420.08, 3206.72, 3373.64, 165432.46044549
1642032000, 13/01/2022, 00:00:00, 3373.25, 3413.36, 3233.67, 3241.88, 130378.3015897
1642118400, 14/01/2022, 00:00:00, 3241.6, 3346.81, 3188.34, 3310.45, 110175.14720879
1642204800, 15/01/2022, 00:00:00, 3309.98, 3373.56, 3260.0, 3328.12, 58794.17252061
1642291200, 16/01/2022, 00:00:00, 3327.81, 3394.45, 3275.0, 3349.46, 58643.37423357
1642377600, 17/01/2022, 00:00:00, 3349.88, 3360.07, 3142.39, 3210.98, 128212.72032287
1642464000, 18/01/2022, 00:00:00, 3211.08, 3246.2, 3083.68, 3160.81, 151969.48482665
1642550400, 19/01/2022, 00:00:00, 3160.78, 3176.81, 3047.0, 3085.27, 159240.24960598
1642636800, 20/01/2022, 00:00:00, 3084.49, 3273.32, 2986.0, 3000.94, 185761.37491937
1642723200, 21/01/2022, 00:00:00, 3000.99, 3034.7, 2467.11, 2569.01, 603711.8291189
1642809600, 22/01/2022, 00:00:00, 2568.12, 2628.36, 2301.6, 2411.9, 457765.04354891
1642896000, 23/01/2022, 00:00:00, 2411.91, 2551.3, 2371.58, 2541.19, 248046.68461556
1642982400, 24/01/2022, 00:00:00, 2541.19, 2541.74, 2159.0, 2441.74, 583901.18061678
1643068800, 25/01/2022, 00:00:00, 2441.6, 2509.87, 2351.18, 2460.68, 268705.41724115
1643155200, 26/01/2022, 00:00:00, 2460.4, 2724.0, 2400.0, 2465.0, 409131.34465566
1643241600, 27/01/2022, 00:00:00, 2464.99, 2521.96, 2315.72, 2425.82, 272971.5127865
1643328000, 28/01/2022, 00:00:00, 2425.01, 2559.55, 2358.63, 2546.84, 231189.51401633
1643414400, 29/01/2022, 00:00:00, 2546.84, 2640.0, 2521.72, 2603.74, 138968.35714717
1643500800, 30/01/2022, 00:00:00, 2603.39, 2642.0, 2542.66, 2602.89, 103353.36641229
1643587200, 31/01/2022, 00:00:00, 2602.63, 2708.98, 2478.31, 2689.72, 193802.14585439
1643673600, 01/02/2022, 00:00:00, 2689.87, 2815.49, 2675.99, 2789.66, 212782.90255881
1643760000, 02/02/2022, 00:00:00, 2789.62, 2814.1, 2613.42, 2682.66, 256394.56721487
1643846400, 03/02/2022, 00:00:00, 2683.09, 2729.01, 2572.66, 2697.59, 197429.85205996
1643932800, 04/02/2022, 00:00:00, 2697.59, 2999.0, 2672.84, 2998.19, 275254.72885163
1644019200, 05/02/2022, 00:00:00, 2997.63, 3063.48, 2957.98, 3014.5, 159547.93620619
1644105600, 06/02/2022, 00:00:00, 3014.83, 3076.25, 2950.26, 3058.22, 80118.01843273
1644192000, 07/02/2022, 00:00:00, 3058.21, 3199.08, 2995.22, 3141.89, 232464.2844524
1644278400, 08/02/2022, 00:00:00, 3141.84, 3234.67, 3027.56, 3119.57, 215565.05621758
1644364800, 09/02/2022, 00:00:00, 3119.91, 3274.0, 3057.16, 3246.22, 159305.14378693
1644451200, 10/02/2022, 00:00:00, 3246.28, 3284.75, 3057.81, 3074.85, 221267.33665333
1644537600, 11/02/2022, 00:00:00, 3074.84, 3140.86, 2879.34, 2929.08, 268537.66433701
1644624000, 12/02/2022, 00:00:00, 2929.09, 2987.62, 2857.11, 2919.99, 113168.17322545
1644710400, 13/02/2022, 00:00:00, 2919.86, 2955.65, 2836.47, 2872.84, 82968.08334438
1644796800, 14/02/2022, 00:00:00, 2872.83, 2966.53, 2830.01, 2931.01, 176105.13710553
1644883200, 15/02/2022, 00:00:00, 2931.17, 3199.0, 2911.87, 3186.24, 180355.80323661
1644969600, 16/02/2022, 00:00:00, 3186.24, 3190.0, 3043.41, 3124.45, 148463.93058713
1645056000, 17/02/2022, 00:00:00, 3124.44, 3162.35, 2853.0, 2893.56, 210090.91381776
1645142400, 18/02/2022, 00:00:00, 2894.52, 2945.98, 2752.67, 2780.08, 197402.29756962
1645228800, 19/02/2022, 00:00:00, 2780.05, 2833.3, 2696.39, 2764.44, 111215.14420451
1645315200, 20/02/2022, 00:00:00, 2764.53, 2765.24, 2575.75, 2622.47, 165033.10298905
1645401600, 21/02/2022, 00:00:00, 2622.47, 2760.71, 2559.77, 2569.0, 235808.75914421
1645488000, 22/02/2022, 00:00:00, 2569.6, 2667.28, 2500.74, 2637.98, 241082.81650581
1645574400, 23/02/2022, 00:00:00, 2638.2, 2756.9, 2576.69, 2580.97, 189232.9352146
1645660800, 24/02/2022, 00:00:00, 2580.54, 2750.0, 2300.0, 2597.42, 495732.46045534
1645747200, 25/02/2022, 00:00:00, 2597.39, 2837.23, 2572.23, 2769.52, 232940.26531533
1645833600, 26/02/2022, 00:00:00, 2769.24, 2880.0, 2728.53, 2780.71, 118737.45939774
1645920000, 27/02/2022, 00:00:00, 2780.76, 2836.26, 2558.48, 2618.01, 193491.83696032
1646006400, 28/02/2022, 00:00:00, 2617.79, 2960.25, 2570.0, 2923.08, 273216.3610563
1646092800, 01/03/2022, 00:00:00, 2922.87, 3040.7, 2855.29, 2977.72, 249644.25411598
1646179200, 02/03/2022, 00:00:00, 2977.72, 3045.0, 2914.9, 2948.56, 231625.47605833
1646265600, 03/03/2022, 00:00:00, 2948.58, 2972.07, 2785.01, 2833.66, 191801.94423344
1646352000, 04/03/2022, 00:00:00, 2833.71, 2835.95, 2575.0, 2623.07, 264628.67091773
1646438400, 05/03/2022, 00:00:00, 2623.08, 2685.93, 2589.93, 2665.77, 74795.81490054
1646524800, 06/03/2022, 00:00:00, 2665.94, 2677.0, 2536.4, 2550.77, 81556.05091403
1646611200, 07/03/2022, 00:00:00, 2550.46, 2649.81, 2445.0, 2491.58, 209566.73792961
1646697600, 08/03/2022, 00:00:00, 2491.29, 2626.16, 2480.33, 2576.72, 192900.83723166
1646784000, 09/03/2022, 00:00:00, 2577.11, 2774.26, 2567.98, 2727.6, 178230.29132363
1646870400, 10/03/2022, 00:00:00, 2727.86, 2734.33, 2553.42, 2608.22, 181463.07885867
1646956800, 11/03/2022, 00:00:00, 2608.46, 2679.56, 2523.28, 2556.42, 155353.98026641
1647043200, 12/03/2022, 00:00:00, 2556.39, 2617.83, 2552.52, 2569.3, 56451.09317314
1647129600, 13/03/2022, 00:00:00, 2569.09, 2603.56, 2492.98, 2516.41, 71303.49491982
1647216000, 14/03/2022, 00:00:00, 2516.42, 2609.56, 2499.0, 2590.23, 133881.30167965
1647302400, 15/03/2022, 00:00:00, 2590.12, 2670.53, 2508.05, 2619.15, 161601.50858275
1647388800, 16/03/2022, 00:00:00, 2619.01, 2789.58, 2604.32, 2774.89, 211196.06612638
1647475200, 17/03/2022, 00:00:00, 2775.16, 2839.59, 2747.77, 2814.67, 228315.81827779
1647561600, 18/03/2022, 00:00:00, 2814.62, 2987.0, 2768.25, 2939.17, 226096.28101747
1647648000, 19/03/2022, 00:00:00, 2939.18, 2988.89, 2895.37, 2952.16, 101087.67252083
1647734400, 20/03/2022, 00:00:00, 2952.35, 2965.94, 2819.18, 2862.44, 103674.36633811
1647820800, 21/03/2022, 00:00:00, 2862.44, 2965.26, 2832.97, 2891.08, 148907.41126764
1647907200, 22/03/2022, 00:00:00, 2890.78, 3053.98, 2887.79, 2970.51, 192172.55035781
1647993600, 23/03/2022, 00:00:00, 2970.51, 3046.99, 2920.64, 3038.93, 212170.39198444
1648080000, 24/03/2022, 00:00:00, 3037.82, 3130.41, 3003.51, 3112.52, 248655.86785905
1648166400, 25/03/2022, 00:00:00, 3112.95, 3195.0, 3076.18, 3104.15, 220943.39724511
1648252800, 26/03/2022, 00:00:00, 3103.91, 3154.47, 3086.2, 3146.22, 69714.86952634
1648339200, 27/03/2022, 00:00:00, 3146.33, 3299.99, 3127.74, 3296.29, 122475.83176341
1648425600, 28/03/2022, 00:00:00, 3296.24, 3437.24, 3275.57, 3334.47, 237110.16743972
1648512000, 29/03/2022, 00:00:00, 3334.19, 3483.87, 3331.23, 3401.71, 174573.96933975
1648598400, 30/03/2022, 00:00:00, 3401.7, 3448.62, 3333.87, 3386.68, 135283.45551922
1648684800, 31/03/2022, 00:00:00, 3386.69, 3447.03, 3260.99, 3283.08, 168597.71177893
1648771200, 01/04/2022, 00:00:00, 3283.08, 3482.42, 3211.66, 3456.48, 213450.79609118
1648857600, 02/04/2022, 00:00:00, 3456.25, 3532.85, 3433.31, 3445.38, 117055.44343232
1648944000, 03/04/2022, 00:00:00, 3445.25, 3581.6, 3413.66, 3522.78, 100873.78414588
1649030400, 04/04/2022, 00:00:00, 3522.51, 3548.51, 3405.79, 3520.66, 155953.23125025
1649116800, 05/04/2022, 00:00:00, 3520.5, 3555.48, 3395.8, 3407.0, 166478.13322904
1649203200, 06/04/2022, 00:00:00, 3406.99, 3408.0, 3161.64, 3168.52, 311364.33037265
1649289600, 07/04/2022, 00:00:00, 3168.1, 3269.56, 3143.07, 3227.56, 157725.46332848
1649376000, 08/04/2022, 00:00:00, 3227.26, 3313.79, 3173.48, 3192.54, 137312.60396565
1649462400, 09/04/2022, 00:00:00, 3192.54, 3269.74, 3181.8, 3258.99, 48962.32688662
1649548800, 10/04/2022, 00:00:00, 3259.45, 3309.28, 3189.92, 3203.05, 58700.63987676
1649635200, 11/04/2022, 00:00:00, 3203.05, 3214.88, 2950.0, 2979.55, 238180.41734881
1649721600, 12/04/2022, 00:00:00, 2979.32, 3089.87, 2950.35, 3027.82, 201291.80136702
1649808000, 13/04/2022, 00:00:00, 3028.27, 3129.92, 2997.5, 3119.0, 135126.03200322
1649894400, 14/04/2022, 00:00:00, 3119.01, 3145.19, 2976.0, 3021.78, 131077.99214911
1649980800, 15/04/2022, 00:00:00, 3021.68, 3058.99, 2993.29, 3040.19, 75091.03161864
1650067200, 16/04/2022, 00:00:00, 3040.41, 3086.83, 3010.67, 3060.35, 46446.22013313
1650153600, 17/04/2022, 00:00:00, 3060.35, 3082.96, 2981.52, 2988.4, 67328.66942615
1650240000, 18/04/2022, 00:00:00, 2988.09, 3071.26, 2880.0, 3056.19, 165766.83949602
1650326400, 19/04/2022, 00:00:00, 3055.86, 3132.47, 3029.58, 3102.26, 117657.24244335
1650412800, 20/04/2022, 00:00:00, 3102.44, 3169.29, 3032.72, 3077.06, 117310.39372033
1650499200, 21/04/2022, 00:00:00, 3077.16, 3179.74, 2940.0, 2983.94, 173634.26729666
1650585600, 22/04/2022, 00:00:00, 2983.72, 3033.76, 2933.13, 2963.05, 147896.5340014
1650672000, 23/04/2022, 00:00:00, 2963.03, 2979.57, 2917.34, 2933.44, 50757.61746238
1650758400, 24/04/2022, 00:00:00, 2933.45, 2968.31, 2911.9, 2921.96, 47964.59818886
1650844800, 25/04/2022, 00:00:00, 2921.7, 3026.93, 2797.51, 3007.22, 231201.08128973
1650931200, 26/04/2022, 00:00:00, 3007.24, 3038.6, 2766.77, 2809.26, 191167.43185373
1651017600, 27/04/2022, 00:00:00, 2809.5, 2920.0, 2794.23, 2889.78, 172782.71761809
1651104000, 28/04/2022, 00:00:00, 2889.78, 2980.36, 2853.83, 2935.91, 167061.01272126
1651190400, 29/04/2022, 00:00:00, 2935.97, 2946.68, 2775.51, 2816.94, 204389.17477782
1651276800, 30/04/2022, 00:00:00, 2816.77, 2842.08, 2716.4, 2726.59, 98131.72028071
1651363200, 01/05/2022, 00:00:00, 2726.37, 2849.0, 2716.79, 2824.86, 98806.09499191
1651449600, 02/05/2022, 00:00:00, 2824.79, 2883.0, 2776.26, 2856.21, 205159.66957242
1651536000, 03/05/2022, 00:00:00, 2856.3, 2861.73, 2753.66, 2780.34, 156812.90555596
1651622400, 04/05/2022, 00:00:00, 2780.35, 2969.86, 2770.02, 2939.98, 173451.30953603
1651708800, 05/05/2022, 00:00:00, 2939.98, 2953.73, 2687.88, 2747.43, 194599.9120659
1651795200, 06/05/2022, 00:00:00, 2747.46, 2757.78, 2631.97, 2691.72, 184926.26187383
1651881600, 07/05/2022, 00:00:00, 2691.89, 2703.61, 2585.79, 2634.8, 75304.26885485
1651968000, 08/05/2022, 00:00:00, 2634.57, 2641.4, 2482.0, 2519.1, 136224.22284735
1652054400, 09/05/2022, 00:00:00, 2518.82, 2529.47, 2222.22, 2228.5, 470978.69055761
1652140800, 10/05/2022, 00:00:00, 2227.74, 2458.09, 2198.24, 2340.51, 464832.53812722
1652227200, 11/05/2022, 00:00:00, 2340.66, 2451.12, 2000.0, 2075.93, 562341.54813863
1652313600, 12/05/2022, 00:00:00, 2075.55, 2188.14, 1701.0, 1954.39, 803672.07576455
1652400000, 13/05/2022, 00:00:00, 1954.27, 2145.56, 1934.61, 2005.48, 336488.21225639
1652486400, 14/05/2022, 00:00:00, 2005.69, 2066.4, 1941.57, 2053.33, 118520.23264436
1652572800, 15/05/2022, 00:00:00, 2053.43, 2164.17, 1997.44, 2142.69, 100927.05806766
1652659200, 16/05/2022, 00:00:00, 2142.74, 2142.82, 1976.22, 2020.58, 188600.42878138
1652745600, 17/05/2022, 00:00:00, 2020.57, 2120.0, 2005.0, 2088.96, 153232.48671811
1652832000, 18/05/2022, 00:00:00, 2088.95, 2108.8, 1905.24, 1911.98, 180708.34004634
1652918400, 19/05/2022, 00:00:00, 1912.04, 2039.52, 1900.1, 2017.57, 206357.25885445
1653004800, 20/05/2022, 00:00:00, 2017.36, 2062.45, 1919.56, 1956.58, 197708.34053418
1653091200, 21/05/2022, 00:00:00, 1956.57, 1988.3, 1935.0, 1972.64, 54572.49166422
1653177600, 22/05/2022, 00:00:00, 1972.64, 2054.01, 1963.4, 2040.92, 81822.31011257
1653264000, 23/05/2022, 00:00:00, 2040.91, 2087.6, 1954.4, 1971.06, 202518.25742473
1653350400, 24/05/2022, 00:00:00, 1970.85, 1991.51, 1909.51, 1978.15, 163986.41926361
1653436800, 25/05/2022, 00:00:00, 1977.94, 2020.0, 1932.12, 1940.83, 164438.55615099
1653523200, 26/05/2022, 00:00:00, 1940.48, 1963.68, 1734.5, 1790.65, 289942.90063136
1653609600, 27/05/2022, 00:00:00, 1790.08, 1820.84, 1702.53, 1724.83, 341796.6398698
1653696000, 28/05/2022, 00:00:00, 1724.8, 1807.68, 1719.76, 1790.23, 107501.25754592
1653782400, 29/05/2022, 00:00:00, 1790.22, 1825.22, 1760.32, 1811.1, 84009.43387178
1653868800, 30/05/2022, 00:00:00, 1811.27, 2013.0, 1801.21, 1998.3, 218864.05954827
1653955200, 31/05/2022, 00:00:00, 1998.29, 2015.54, 1924.17, 1940.59, 242245.22269345
1654041600, 01/06/2022, 00:00:00, 1940.49, 1972.5, 1761.59, 1816.05, 266690.7084996
1654128000, 02/06/2022, 00:00:00, 1816.06, 1852.01, 1780.0, 1832.45, 174506.82421008
1654214400, 03/06/2022, 00:00:00, 1832.62, 1842.43, 1735.79, 1773.25, 190669.34154148
1654300800, 04/06/2022, 00:00:00, 1773.11, 1814.4, 1746.6, 1803.35, 64987.78039249
1654387200, 05/06/2022, 00:00:00, 1803.47, 1829.16, 1771.77, 1804.7, 59938.51406164
1654473600, 06/06/2022, 00:00:00, 1804.78, 1918.47, 1802.52, 1858.21, 184600.86286202
1654560000, 07/06/2022, 00:00:00, 1858.44, 1872.82, 1725.0, 1811.89, 212923.71432914
1654646400, 08/06/2022, 00:00:00, 1812.17, 1838.0, 1763.69, 1790.72, 170731.58092776
1654732800, 09/06/2022, 00:00:00, 1790.63, 1832.31, 1775.67, 1787.55, 124180.46274382
1654819200, 10/06/2022, 00:00:00, 1787.44, 1802.85, 1654.15, 1660.78, 236039.72064137
1654905600, 11/06/2022, 00:00:00, 1660.77, 1680.43, 1499.79, 1531.09, 295048.58494874
1654992000, 12/06/2022, 00:00:00, 1531.23, 1545.5, 1423.0, 1433.19, 308514.54263385
1655078400, 13/06/2022, 00:00:00, 1432.97, 1452.97, 1163.31, 1207.82, 954717.177807
1655164800, 14/06/2022, 00:00:00, 1207.9, 1266.34, 1074.64, 1207.58, 681419.51063789
1655251200, 15/06/2022, 00:00:00, 1207.58, 1247.0, 1012.72, 1236.45, 827548.41393819
1655337600, 16/06/2022, 00:00:00, 1236.45, 1257.04, 1050.39, 1066.87, 411463.97783225
1655424000, 17/06/2022, 00:00:00, 1067.07, 1117.43, 1049.19, 1085.76, 323648.95266925
1655510400, 18/06/2022, 00:00:00, 1085.65, 1096.64, 879.8, 993.64, 581590.08416866
1655596800, 19/06/2022, 00:00:00, 993.64, 1156.99, 933.6, 1126.9, 435976.06851744
1655683200, 20/06/2022, 00:00:00, 1126.97, 1168.18, 1051.3, 1126.84, 314649.45956811
1655769600, 21/06/2022, 00:00:00, 1127.04, 1193.0, 1107.87, 1124.85, 303835.07141015
1655856000, 22/06/2022, 00:00:00, 1124.9, 1126.44, 1042.36, 1048.96, 270475.56973113
1655942400, 23/06/2022, 00:00:00, 1048.93, 1153.01, 1043.68, 1144.0, 250147.3059031
1656028800, 24/06/2022, 00:00:00, 1144.01, 1244.78, 1131.02, 1224.47, 252255.18809433
1656115200, 25/06/2022, 00:00:00, 1224.26, 1255.0, 1178.77, 1241.33, 152145.87815948
1656201600, 26/06/2022, 00:00:00, 1241.14, 1280.0, 1194.01, 1197.13, 151784.21006562
1656288000, 27/06/2022, 00:00:00, 1196.99, 1237.83, 1171.88, 1191.27, 196439.99342204
1656374400, 28/06/2022, 00:00:00, 1191.27, 1236.21, 1134.9, 1142.65, 217739.97338483
1656460800, 29/06/2022, 00:00:00, 1142.47, 1155.21, 1085.41, 1099.15, 287668.03810615
1656547200, 30/06/2022, 00:00:00, 1099.09, 1105.61, 997.02, 1070.08, 338995.29713713
1656633600, 01/07/2022, 00:00:00, 1070.08, 1115.0, 1031.86, 1057.57, 324097.48129585
1656720000, 02/07/2022, 00:00:00, 1058.3, 1077.5, 1025.95, 1065.61, 114219.74455559
1656806400, 03/07/2022, 00:00:00, 1065.58, 1087.33, 1039.55, 1072.88, 110714.6004927
1656892800, 04/07/2022, 00:00:00, 1072.9, 1160.0, 1043.47, 1149.98, 205563.79288557
1656979200, 05/07/2022, 00:00:00, 1149.98, 1172.38, 1075.7, 1131.26, 267186.05683546
1657065600, 06/07/2022, 00:00:00, 1131.16, 1203.2, 1110.56, 1185.61, 284112.14163333
1657152000, 07/07/2022, 00:00:00, 1185.61, 1254.04, 1162.32, 1237.13, 347073.16202279
1657238400, 08/07/2022, 00:00:00, 1237.55, 1275.51, 1192.16, 1213.19, 321436.46883666
1657324800, 09/07/2022, 00:00:00, 1213.38, 1233.54, 1203.7, 1216.78, 94148.28233858
1657411200, 10/07/2022, 00:00:00, 1216.78, 1219.41, 1153.15, 1167.68, 110105.33274633
1657497600, 11/07/2022, 00:00:00, 1167.66, 1170.47, 1079.8, 1095.56, 229708.48705223
1657584000, 12/07/2022, 00:00:00, 1095.48, 1097.35, 1031.92, 1037.34, 334310.07377997
1657670400, 13/07/2022, 00:00:00, 1037.5, 1118.0, 1005.25, 1114.26, 448221.83579622
1657756800, 14/07/2022, 00:00:00, 1114.06, 1213.26, 1071.1, 1192.7, 340272.00761286
1657843200, 15/07/2022, 00:00:00, 1192.67, 1288.88, 1180.16, 1231.1, 439762.06228135
1657929600, 16/07/2022, 00:00:00, 1231.07, 1423.31, 1190.9, 1355.7, 281556.54770912
1658016000, 17/07/2022, 00:00:00, 1355.5, 1386.55, 1318.79, 1338.2, 287292.9117132
1658102400, 18/07/2022, 00:00:00, 1338.03, 1597.58, 1335.35, 1581.34, 586368.76273009
1658188800, 19/07/2022, 00:00:00, 1581.09, 1631.32, 1492.66, 1542.63, 531595.12469671
1658275200, 20/07/2022, 00:00:00, 1542.6, 1621.44, 1485.17, 1522.12, 399979.02882551
1658361600, 21/07/2022, 00:00:00, 1521.88, 1606.42, 1463.26, 1575.68, 333578.08401554
1658448000, 22/07/2022, 00:00:00, 1575.44, 1646.13, 1516.75, 1535.84, 301049.38716503
1658534400, 23/07/2022, 00:00:00, 1535.68, 1596.87, 1487.14, 1549.15, 179754.71211316
1658620800, 24/07/2022, 00:00:00, 1549.16, 1664.41, 1546.7, 1597.72, 181245.88687987
1658707200, 25/07/2022, 00:00:00, 1598.12, 1610.0, 1433.91, 1440.75, 309771.90005337
1658793600, 26/07/2022, 00:00:00, 1440.63, 1454.56, 1356.3, 1449.63, 283778.37687636
1658880000, 27/07/2022, 00:00:00, 1449.6, 1645.46, 1420.66, 1636.4, 388150.08353335
1658966400, 28/07/2022, 00:00:00, 1636.53, 1792.55, 1592.36, 1725.19, 446776.87871545
1659052800, 29/07/2022, 00:00:00, 1725.19, 1766.56, 1655.47, 1722.25, 311510.53584064
1659139200, 30/07/2022, 00:00:00, 1722.46, 1745.05, 1674.05, 1698.01, 180720.73885884
1659225600, 31/07/2022, 00:00:00, 1698.02, 1754.25, 1667.7, 1679.31, 130340.37729581
1659312000, 01/08/2022, 00:00:00, 1679.31, 1705.0, 1606.9, 1630.82, 180669.82560511
1659398400, 02/08/2022, 00:00:00, 1630.81, 1679.28, 1560.0, 1631.28, 246683.06058859
1659484800, 03/08/2022, 00:00:00, 1631.1, 1685.87, 1590.0, 1618.82, 328786.47691824
1659571200, 04/08/2022, 00:00:00, 1618.78, 1663.35, 1580.5, 1608.16, 323547.74502974
1659657600, 05/08/2022, 00:00:00, 1608.16, 1742.52, 1605.55, 1736.79, 415383.76775755
1659744000, 06/08/2022, 00:00:00, 1737.12, 1750.0, 1685.99, 1690.81, 206524.40782357
1659830400, 07/08/2022, 00:00:00, 1691.18, 1730.26, 1668.87, 1700.42, 177400.97769802
1659916800, 08/08/2022, 00:00:00, 1700.52, 1818.25, 1693.41, 1777.36, 345585.00729302
1660003200, 09/08/2022, 00:00:00, 1777.36, 1791.33, 1668.8, 1703.35, 353991.64333061
1660089600, 10/08/2022, 00:00:00, 1703.35, 1886.36, 1656.0, 1854.12, 491866.38496074
1660176000, 11/08/2022, 00:00:00, 1854.42, 1946.21, 1850.95, 1881.04, 451248.19043761
1660262400, 12/08/2022, 00:00:00, 1880.96, 1966.89, 1850.51, 1959.91, 301803.38654781
1660348800, 13/08/2022, 00:00:00, 1959.94, 2020.73, 1947.19, 1984.75, 282479.09097599
1660435200, 14/08/2022, 00:00:00, 1984.72, 2031.39, 1906.51, 1935.85, 263413.87030944
1660521600, 15/08/2022, 00:00:00, 1936.0, 2013.47, 1866.51, 1899.39, 473905.07822533
1660608000, 16/08/2022, 00:00:00, 1899.05, 1915.51, 1852.85, 1876.57, 362478.81254801
1660694400, 17/08/2022, 00:00:00, 1877.06, 1957.59, 1815.0, 1834.61, 450374.826949
1660780800, 18/08/2022, 00:00:00, 1834.52, 1883.35, 1821.02, 1845.9, 270253.66533006
1660867200, 19/08/2022, 00:00:00, 1846.15, 1848.29, 1602.28, 1608.72, 731158.98936189
1660953600, 20/08/2022, 00:00:00, 1608.64, 1658.14, 1523.54, 1575.76, 450361.01659576
1661040000, 21/08/2022, 00:00:00, 1575.76, 1646.69, 1562.27, 1617.84, 397164.81880075
1661126400, 22/08/2022, 00:00:00, 1617.88, 1629.61, 1528.93, 1624.78, 518834.55819815
1661212800, 23/08/2022, 00:00:00, 1624.89, 1674.12, 1563.29, 1665.93, 445250.58071281
1661299200, 24/08/2022, 00:00:00, 1665.95, 1694.89, 1604.6, 1656.74, 508562.94204632
1661385600, 25/08/2022, 00:00:00, 1656.54, 1722.18, 1653.57, 1695.27, 300950.83219719
1661472000, 26/08/2022, 00:00:00, 1695.16, 1706.41, 1485.94, 1508.02, 570455.80622658
1661558400, 27/08/2022, 00:00:00, 1508.04, 1519.11, 1446.62, 1491.22, 368067.50483068
1661644800, 28/08/2022, 00:00:00, 1490.87, 1511.12, 1423.85, 1426.63, 292543.93479078
1661731200, 29/08/2022, 00:00:00, 1426.29, 1560.37, 1420.74, 1551.65, 488169.79068986
1661817600, 30/08/2022, 00:00:00, 1551.51, 1606.34, 1474.14, 1524.81, 544379.70835677
1661904000, 31/08/2022, 00:00:00, 1524.61, 1619.99, 1524.12, 1554.0, 511240.91582582
1661990400, 01/09/2022, 00:00:00, 1554.25, 1599.51, 1512.83, 1586.23, 327753.13141002
1662076800, 02/09/2022, 00:00:00, 1586.1, 1650.0, 1546.2, 1575.69, 321184.07570982
1662163200, 03/09/2022, 00:00:00, 1575.81, 1582.69, 1534.54, 1557.7, 129300.81242992
1662249600, 04/09/2022, 00:00:00, 1557.55, 1583.52, 1540.59, 1579.04, 100143.24859449
1662336000, 05/09/2022, 00:00:00, 1578.97, 1631.44, 1557.04, 1618.01, 183163.38342493
1662422400, 06/09/2022, 00:00:00, 1617.87, 1686.82, 1554.03, 1559.28, 440790.49644997
1662508800, 07/09/2022, 00:00:00, 1558.92, 1657.68, 1489.98, 1629.92, 335894.82441078
1662595200, 08/09/2022, 00:00:00, 1629.61, 1664.52, 1594.31, 1635.73, 321019.10969844
1662681600, 09/09/2022, 00:00:00, 1635.72, 1746.87, 1630.51, 1719.21, 343757.70988125
1662768000, 10/09/2022, 00:00:00, 1719.38, 1789.86, 1706.94, 1774.69, 175467.88521982
1662854400, 11/09/2022, 00:00:00, 1774.73, 1789.98, 1719.01, 1766.95, 153045.89168193
1662940800, 12/09/2022, 00:00:00, 1766.97, 1783.56, 1692.45, 1716.71, 257983.67681215
1663027200, 13/09/2022, 00:00:00, 1716.65, 1761.04, 1561.06, 1574.71, 456961.84966513
1663113600, 14/09/2022, 00:00:00, 1574.4, 1649.44, 1552.88, 1639.14, 311641.00945194
1663200000, 15/09/2022, 00:00:00, 1639.12, 1655.55, 1457.69, 1472.68, 415068.57662522
1663286400, 16/09/2022, 00:00:00, 1472.85, 1483.21, 1404.31, 1433.73, 391498.26827311
1663372800, 17/09/2022, 00:00:00, 1433.64, 1476.22, 1408.79, 1468.97, 193158.36959142
1663459200, 18/09/2022, 00:00:00, 1468.9, 1470.15, 1325.48, 1334.72, 310480.68847119
1663545600, 19/09/2022, 00:00:00, 1334.71, 1392.94, 1279.0, 1376.17, 381868.12870185
1663632000, 20/09/2022, 00:00:00, 1376.23, 1385.0, 1312.4, 1322.8, 419548.01749631
1663718400, 21/09/2022, 00:00:00, 1322.74, 1412.0, 1220.0, 1245.65, 569985.27204919
1663804800, 22/09/2022, 00:00:00, 1245.36, 1348.87, 1237.0, 1326.43, 563572.08233165
1663891200, 23/09/2022, 00:00:00, 1326.14, 1359.99, 1261.9, 1326.82, 519153.45184389
1663977600, 24/09/2022, 00:00:00, 1327.24, 1349.31, 1306.29, 1317.25, 206779.39938562
1664064000, 25/09/2022, 00:00:00, 1317.49, 1337.26, 1269.41, 1294.63, 185703.74947364
1664150400, 26/09/2022, 00:00:00, 1294.65, 1341.0, 1278.24, 1336.61, 416561.97805353
1664236800, 27/09/2022, 00:00:00, 1336.45, 1400.51, 1303.66, 1327.92, 457125.64604668
1664323200, 28/09/2022, 00:00:00, 1327.87, 1355.34, 1253.65, 1336.93, 488408.68270425
1664409600, 29/09/2022, 00:00:00, 1336.92, 1351.85, 1288.12, 1336.02, 409208.96175042
1664496000, 30/09/2022, 00:00:00, 1336.04, 1373.46, 1315.0, 1328.95, 423994.58067369
1664582400, 01/10/2022, 00:00:00, 1328.74, 1333.99, 1302.65, 1311.76, 98845.97328111
1664668800, 02/10/2022, 00:00:00, 1311.79, 1318.0, 1269.69, 1277.02, 150803.12600735
1664755200, 03/10/2022, 00:00:00, 1276.84, 1330.24, 1262.45, 1323.31, 341841.34001978
1664841600, 04/10/2022, 00:00:00, 1323.44, 1370.43, 1318.82, 1362.06, 265741.94725719
1664928000, 05/10/2022, 00:00:00, 1362.1, 1364.93, 1316.54, 1352.48, 297201.24863549
1665014400, 06/10/2022, 00:00:00, 1352.37, 1384.41, 1345.0, 1352.24, 437205.23026817
1665100800, 07/10/2022, 00:00:00, 1352.18, 1362.14, 1317.54, 1331.14, 268128.07428348
1665187200, 08/10/2022, 00:00:00, 1331.12, 1337.61, 1303.76, 1315.71, 85052.24063383
1665273600, 09/10/2022, 00:00:00, 1315.71, 1329.33, 1307.21, 1323.41, 98670.85008504
1665360000, 10/10/2022, 00:00:00, 1323.27, 1338.41, 1287.66, 1290.06, 248135.48630736
1665446400, 11/10/2022, 00:00:00, 1289.94, 1297.95, 1267.0, 1279.94, 361513.38640616
1665532800, 12/10/2022, 00:00:00, 1279.87, 1306.72, 1274.73, 1294.33, 257271.51091194
1665619200, 13/10/2022, 00:00:00, 1294.21, 1301.85, 1190.0, 1286.96, 533160.99117969
1665705600, 14/10/2022, 00:00:00, 1286.89, 1344.4, 1283.26, 1296.36, 483178.87927368
1665792000, 15/10/2022, 00:00:00, 1296.42, 1302.14, 1263.6, 1275.09, 146252.46427666
1665878400, 16/10/2022, 00:00:00, 1275.16, 1315.62, 1274.61, 1306.04, 160206.63331032
1665964800, 17/10/2022, 00:00:00, 1305.89, 1338.69, 1295.36, 1331.49, 274413.38632897
1666051200, 18/10/2022, 00:00:00, 1331.57, 1342.28, 1286.67, 1310.78, 375586.2181984
1666137600, 19/10/2022, 00:00:00, 1310.79, 1313.8, 1280.02, 1284.76, 249903.49640293
1666224000, 20/10/2022, 00:00:00, 1284.92, 1311.1, 1270.34, 1282.6, 310500.82723664
1666310400, 21/10/2022, 00:00:00, 1282.59, 1307.18, 1254.0, 1299.83, 307346.53371619
1666396800, 22/10/2022, 00:00:00, 1299.94, 1320.56, 1294.17, 1313.88, 98142.700874
1666483200, 23/10/2022, 00:00:00, 1313.82, 1370.66, 1299.47, 1364.06, 182202.51780535
1666569600, 24/10/2022, 00:00:00, 1363.93, 1370.9, 1324.04, 1343.71, 330219.49579837
1666656000, 25/10/2022, 00:00:00, 1343.74, 1525.38, 1335.12, 1460.34, 738604.66673918
1666742400, 26/10/2022, 00:00:00, 1460.34, 1595.44, 1457.41, 1566.37, 867339.4350063
1666828800, 27/10/2022, 00:00:00, 1566.46, 1580.0, 1502.8, 1514.09, 768442.493559
1666915200, 28/10/2022, 00:00:00, 1514.2, 1577.89, 1479.41, 1554.83, 517416.22097988
1667001600, 29/10/2022, 00:00:00, 1554.81, 1664.29, 1547.79, 1620.09, 371454.96971093
1667088000, 30/10/2022, 00:00:00, 1620.18, 1640.41, 1576.24, 1590.89, 262404.11149452
1667174400, 31/10/2022, 00:00:00, 1590.88, 1635.7, 1546.31, 1572.67, 442623.55124963
1667260800, 01/11/2022, 00:00:00, 1572.58, 1612.74, 1563.05, 1578.24, 338781.998348
1667347200, 02/11/2022, 00:00:00, 1578.35, 1622.24, 1502.0, 1518.04, 597803.71672197
1667433600, 03/11/2022, 00:00:00, 1518.15, 1558.95, 1515.0, 1530.81, 417983.19723455
1667520000, 04/11/2022, 00:00:00, 1530.81, 1677.0, 1528.01, 1644.61, 595048.87785607
1667606400, 05/11/2022, 00:00:00, 1644.84, 1667.03, 1621.05, 1627.0, 191562.15441931
1667692800, 06/11/2022, 00:00:00, 1627.17, 1638.72, 1564.17, 1568.34, 206626.51589598
1667779200, 07/11/2022, 00:00:00, 1568.27, 1608.66, 1545.97, 1568.34, 420305.13392561
1667865600, 08/11/2022, 00:00:00, 1568.45, 1580.0, 1227.4, 1334.25, 1191644.98913668
1667952000, 09/11/2022, 00:00:00, 1333.97, 1337.49, 1071.11, 1099.9, 1483345.10339453
1668038400, 10/11/2022, 00:00:00, 1099.9, 1347.62, 1083.95, 1295.36, 898160.51223308
1668124800, 11/11/2022, 00:00:00, 1295.55, 1307.36, 1197.9, 1285.29, 807406.05368993
1668211200, 12/11/2022, 00:00:00, 1285.57, 1289.16, 1235.53, 1255.14, 252702.81256691
1668297600, 13/11/2022, 00:00:00, 1254.98, 1272.0, 1198.99, 1219.43, 245429.7415013
1668384000, 14/11/2022, 00:00:00, 1219.4, 1289.17, 1169.4, 1241.56, 524054.26384295
1668470400, 15/11/2022, 00:00:00, 1241.58, 1289.78, 1232.56, 1251.74, 417549.56093034
1668556800, 16/11/2022, 00:00:00, 1251.95, 1266.99, 1185.2, 1215.21, 430253.13724259
1668643200, 17/11/2022, 00:00:00, 1215.2, 1227.34, 1181.02, 1199.44, 347569.96062493
1668729600, 18/11/2022, 00:00:00, 1199.39, 1232.37, 1198.01, 1210.93, 276244.25355508
1668816000, 19/11/2022, 00:00:00, 1210.73, 1231.62, 1196.27, 1216.12, 154207.57456321
1668902400, 20/11/2022, 00:00:00, 1216.31, 1225.26, 1130.2, 1140.07, 309725.68130629
1668988800, 21/11/2022, 00:00:00, 1140.04, 1145.0, 1080.0, 1105.91, 645537.15248314
1669075200, 22/11/2022, 00:00:00, 1105.68, 1141.26, 1073.42, 1138.17, 571006.86329332
1669161600, 23/11/2022, 00:00:00, 1138.25, 1189.51, 1126.22, 1183.53, 488293.70716425
1669248000, 24/11/2022, 00:00:00, 1183.55, 1216.1, 1179.1, 1202.81, 347857.6927724
1669334400, 25/11/2022, 00:00:00, 1202.78, 1206.84, 1170.17, 1198.66, 255469.51018685
1669420800, 26/11/2022, 00:00:00, 1198.65, 1234.97, 1195.54, 1204.8, 194599.63009605
1669507200, 27/11/2022, 00:00:00, 1204.89, 1222.81, 1188.31, 1193.3, 160395.219962
1669593600, 28/11/2022, 00:00:00, 1193.46, 1198.87, 1150.09, 1167.24, 336303.06814697
1669680000, 29/11/2022, 00:00:00, 1167.22, 1227.08, 1157.37, 1215.91, 334230.25859657
1669766400, 30/11/2022, 00:00:00, 1216.04, 1311.76, 1212.0, 1294.77, 513868.94915466
1669852800, 01/12/2022, 00:00:00, 1294.68, 1302.0, 1262.85, 1276.48, 341051.44664941
1669939200, 02/12/2022, 00:00:00, 1276.48, 1297.57, 1265.56, 1295.63, 312335.42943569
1670025600, 03/12/2022, 00:00:00, 1295.63, 1308.89, 1236.42, 1240.91, 233057.32789248
1670112000, 04/12/2022, 00:00:00, 1240.91, 1287.44, 1240.27, 1279.68, 195680.27732029
1670198400, 05/12/2022, 00:00:00, 1279.67, 1305.75, 1246.73, 1259.23, 334071.84681319
1670284800, 06/12/2022, 00:00:00, 1259.32, 1274.57, 1241.83, 1271.19, 310591.43275838
1670371200, 07/12/2022, 00:00:00, 1271.36, 1277.49, 1215.0, 1231.56, 294892.06525655
1670457600, 08/12/2022, 00:00:00, 1231.49, 1292.58, 1221.72, 1280.33, 305010.10153789
1670544000, 09/12/2022, 00:00:00, 1280.15, 1296.55, 1255.61, 1262.95, 268613.51750162
1670630400, 10/12/2022, 00:00:00, 1262.75, 1283.4, 1259.59, 1266.45, 127080.35178923
1670716800, 11/12/2022, 00:00:00, 1266.45, 1284.68, 1255.7, 1262.92, 136453.26405627
1670803200, 12/12/2022, 00:00:00, 1263.08, 1279.22, 1240.0, 1275.72, 244239.65101571
1670889600, 13/12/2022, 00:00:00, 1275.74, 1351.05, 1255.67, 1320.47, 340963.9356146
1670976000, 14/12/2022, 00:00:00, 1320.47, 1351.87, 1300.85, 1307.47, 490007.78017941
1671062400, 15/12/2022, 00:00:00, 1307.42, 1311.5, 1259.37, 1266.48, 394788.38073718
1671148800, 16/12/2022, 00:00:00, 1266.48, 1279.99, 1155.55, 1166.98, 529307.05569583
1671235200, 17/12/2022, 00:00:00, 1166.98, 1190.0, 1161.83, 1187.06, 227688.40724908
1671321600, 18/12/2022, 00:00:00, 1187.17, 1196.6, 1172.43, 1183.32, 174291.58481891
1671408000, 19/12/2022, 00:00:00, 1183.37, 1195.34, 1150.34, 1167.6, 324622.25840589
1671494400, 20/12/2022, 00:00:00, 1167.59, 1231.28, 1163.02, 1216.69, 341462.57912696
1671580800, 21/12/2022, 00:00:00, 1216.76, 1222.99, 1203.06, 1213.7, 237732.89806607
1671667200, 22/12/2022, 00:00:00, 1213.7, 1238.76, 1182.43, 1217.5, 316565.60833412
1671753600, 23/12/2022, 00:00:00, 1217.48, 1231.7, 1210.6, 1219.92, 287942.04914518
1671840000, 24/12/2022, 00:00:00, 1219.99, 1227.47, 1213.7, 1220.51, 135682.63966273
1671926400, 25/12/2022, 00:00:00, 1220.49, 1224.1, 1193.17, 1218.37, 167839.6524151
1672012800, 26/12/2022, 00:00:00, 1218.41, 1230.92, 1209.0, 1227.58, 133431.00775547
1672099200, 27/12/2022, 00:00:00, 1227.66, 1233.75, 1199.58, 1210.99, 214552.81999638
1672185600, 28/12/2022, 00:00:00, 1211.06, 1215.38, 1180.04, 1189.24, 301571.06009872
1672272000, 29/12/2022, 00:00:00, 1189.33, 1206.07, 1186.13, 1199.74, 240611.27081058
1672358400, 30/12/2022, 00:00:00, 1199.73, 1201.64, 1180.44, 1199.1, 228129.48726539
1672444800, 31/12/2022, 00:00:00, 1199.19, 1208.0, 1191.01, 1195.25, 144035.63835908
1672531200, 01/01/2023, 00:00:00, 1195.25, 1204.17, 1190.03, 1199.92, 110146.33985965
1672617600, 02/01/2023, 00:00:00, 1199.97, 1224.59, 1192.41, 1213.69, 181181.02038691
1672704000, 03/01/2023, 00:00:00, 1213.77, 1219.79, 1204.04, 1214.21, 185992.27832726
1672790400, 04/01/2023, 00:00:00, 1214.21, 1272.01, 1212.17, 1256.34, 339875.39832487
1672876800, 05/01/2023, 00:00:00, 1256.35, 1259.77, 1239.97, 1250.88, 236940.93295139
1672963200, 06/01/2023, 00:00:00, 1250.87, 1276.6, 1234.2, 1268.84, 290563.27086874
1673049600, 07/01/2023, 00:00:00, 1268.94, 1270.83, 1260.75, 1263.94, 105755.0768252
1673136000, 08/01/2023, 00:00:00, 1263.84, 1295.38, 1257.34, 1289.92, 158918.85227266
1673222400, 09/01/2023, 00:00:00, 1289.73, 1345.87, 1285.0, 1320.02, 422757.66914599
1673308800, 10/01/2023, 00:00:00, 1320.0, 1348.19, 1316.63, 1335.56, 312409.22657272
1673395200, 11/01/2023, 00:00:00, 1335.69, 1397.98, 1319.81, 1389.24, 323378.0899808
1673481600, 12/01/2023, 00:00:00, 1389.21, 1438.55, 1361.39, 1416.05, 498193.37603557
1673568000, 13/01/2023, 00:00:00, 1416.05, 1466.0, 1400.75, 1451.78, 360619.22951853
1673654400, 14/01/2023, 00:00:00, 1451.7, 1597.99, 1449.38, 1550.06, 416565.15549879
1673740800, 15/01/2023, 00:00:00, 1550.06, 1567.37, 1516.06, 1552.89, 239830.62852681
1673827200, 16/01/2023, 00:00:00, 1552.83, 1603.91, 1521.01, 1576.85, 358689.23697211
1673913600, 17/01/2023, 00:00:00, 1577.01, 1608.65, 1540.49, 1565.68, 305156.24219933
1674000000, 18/01/2023, 00:00:00, 1565.52, 1612.66, 1500.32, 1510.83, 448866.83667712
1674086400, 19/01/2023, 00:00:00, 1510.9, 1564.61, 1508.87, 1550.98, 301311.86624594
1674172800, 20/01/2023, 00:00:00, 1550.96, 1668.0, 1541.94, 1658.25, 384319.56762063
1674259200, 21/01/2023, 00:00:00, 1658.36, 1680.0, 1617.29, 1626.8, 279483.48492139
1674345600, 22/01/2023, 00:00:00, 1626.83, 1664.42, 1603.39, 1627.88, 260032.85446371
1674432000, 23/01/2023, 00:00:00, 1628.01, 1648.56, 1584.43, 1626.55, 318174.33544585
1674518400, 24/01/2023, 00:00:00, 1626.71, 1641.72, 1528.95, 1556.09, 328086.36249044
1674604800, 25/01/2023, 00:00:00, 1556.1, 1640.92, 1513.77, 1612.54, 400283.96163126
1674691200, 26/01/2023, 00:00:00, 1612.64, 1633.55, 1577.61, 1601.1, 287943.16630833
1674777600, 27/01/2023, 00:00:00, 1601.14, 1622.32, 1550.0, 1598.18, 268869.68835868
1674864000, 28/01/2023, 00:00:00, 1598.14, 1606.99, 1556.21, 1572.3, 157162.92260998
1674950400, 29/01/2023, 00:00:00, 1572.4, 1661.0, 1566.61, 1644.89, 248495.16574301
1675036800, 30/01/2023, 00:00:00, 1644.79, 1647.73, 1534.71, 1566.23, 338686.64935097
1675123200, 31/01/2023, 00:00:00, 1566.23, 1605.01, 1561.43, 1585.39, 260524.32481966
1675209600, 01/02/2023, 00:00:00, 1585.32, 1647.75, 1556.83, 1642.05, 249363.55705356
1675296000, 02/02/2023, 00:00:00, 1642.06, 1714.83, 1625.86, 1643.19, 247393.67193925
1675382400, 03/02/2023, 00:00:00, 1643.14, 1676.53, 1625.0, 1663.69, 174700.87440617
1675468800, 04/02/2023, 00:00:00, 1663.63, 1695.0, 1645.33, 1666.83, 87920.78907165
1675555200, 05/02/2023, 00:00:00, 1666.83, 1673.81, 1608.91, 1629.37, 98366.95792608
1675641600, 06/02/2023, 00:00:00, 1629.44, 1658.41, 1605.0, 1614.5, 127337.9625051
1675728000, 07/02/2023, 00:00:00, 1614.57, 1678.57, 1613.26, 1671.28, 160326.3142596
1675814400, 08/02/2023, 00:00:00, 1671.27, 1699.66, 1630.33, 1650.65, 160919.28668196
1675900800, 09/02/2023, 00:00:00, 1650.65, 1656.02, 1524.31, 1545.54, 208804.37359024
1675987200, 10/02/2023, 00:00:00, 1545.64, 1554.89, 1491.44, 1513.04, 208821.85745678
1676073600, 11/02/2023, 00:00:00, 1513.04, 1543.61, 1505.05, 1538.86, 45695.84884336
1676160000, 12/02/2023, 00:00:00, 1538.85, 1548.2, 1493.77, 1515.25, 63658.2777464
1676246400, 13/02/2023, 00:00:00, 1515.24, 1526.64, 1462.0, 1506.29, 184081.98744754
1676332800, 14/02/2023, 00:00:00, 1506.29, 1569.16, 1490.23, 1556.67, 166683.0389409
1676419200, 15/02/2023, 00:00:00, 1556.52, 1682.45, 1540.85, 1674.88, 194454.22724882
1676505600, 16/02/2023, 00:00:00, 1674.8, 1742.5, 1633.63, 1637.83, 265109.62279703
1676592000, 17/02/2023, 00:00:00, 1637.88, 1722.07, 1630.2, 1694.37, 193779.10526277
1676678400, 18/02/2023, 00:00:00, 1694.32, 1713.75, 1680.14, 1691.82, 83934.5636202
1676764800, 19/02/2023, 00:00:00, 1691.81, 1727.0, 1666.67, 1680.23, 125069.25929165
1676851200, 20/02/2023, 00:00:00, 1680.42, 1720.02, 1650.72, 1703.63, 128111.15414263
1676937600, 21/02/2023, 00:00:00, 1703.62, 1716.82, 1636.42, 1659.76, 165366.23058318
1677024000, 22/02/2023, 00:00:00, 1659.76, 1667.14, 1594.84, 1642.95, 225280.02772351
1677110400, 23/02/2023, 00:00:00, 1642.99, 1679.03, 1629.3, 1650.62, 193711.79800745
1677196800, 24/02/2023, 00:00:00, 1650.62, 1664.65, 1575.44, 1607.57, 220198.199975
1677283200, 25/02/2023, 00:00:00, 1607.64, 1609.05, 1557.89, 1594.51, 101537.791246
1677369600, 26/02/2023, 00:00:00, 1594.5, 1651.6, 1587.64, 1641.41, 102165.02620752
1677456000, 27/02/2023, 00:00:00, 1641.34, 1665.29, 1608.23, 1633.26, 168619.95684808
1677542400, 28/02/2023, 00:00:00, 1633.22, 1647.6, 1597.32, 1605.4, 121647.07726004
1677628800, 01/03/2023, 00:00:00, 1605.59, 1669.9, 1595.0, 1665.2, 159957.7634787
1677715200, 02/03/2023, 00:00:00, 1665.2, 1678.14, 1619.0, 1647.87, 142104.54557876
1677801600, 03/03/2023, 00:00:00, 1647.82, 1649.28, 1547.54, 1569.54, 215881.09939694
1677888000, 04/03/2023, 00:00:00, 1569.55, 1577.6, 1550.0, 1566.72, 30134.44715405
1677974400, 05/03/2023, 00:00:00, 1566.72, 1588.35, 1553.5, 1564.81, 63988.35247481
1678060800, 06/03/2023, 00:00:00, 1564.8, 1583.19, 1554.8, 1565.85, 110665.70266199
1678147200, 07/03/2023, 00:00:00, 1565.82, 1584.23, 1535.7, 1561.67, 159584.17283139
1678233600, 08/03/2023, 00:00:00, 1561.61, 1570.77, 1522.73, 1532.17, 167130.97340169
1678320000, 09/03/2023, 00:00:00, 1532.11, 1546.09, 1407.0, 1437.41, 275519.01763011
1678406400, 10/03/2023, 00:00:00, 1437.39, 1438.7, 1369.79, 1432.15, 378169.2201289
1678492800, 11/03/2023, 00:00:00, 1432.15, 1499.0, 1416.98, 1483.68, 237241.39320646
1678579200, 12/03/2023, 00:00:00, 1483.62, 1612.0, 1459.79, 1592.31, 173448.47788935
1678665600, 13/03/2023, 00:00:00, 1592.04, 1702.6, 1571.0, 1681.93, 327008.79604186
1678752000, 14/03/2023, 00:00:00, 1681.93, 1787.74, 1650.45, 1704.95, 396668.70615898
1678838400, 15/03/2023, 00:00:00, 1704.9, 1722.79, 1613.7, 1656.8, 307749.31182138
1678924800, 16/03/2023, 00:00:00, 1656.7, 1696.0, 1637.72, 1677.24, 176868.38336715
1679011200, 17/03/2023, 00:00:00, 1677.36, 1803.73, 1666.16, 1793.66, 329141.08281765
1679097600, 18/03/2023, 00:00:00, 1793.61, 1846.0, 1752.52, 1763.68, 235521.57569177
1679184000, 19/03/2023, 00:00:00, 1763.88, 1846.77, 1762.62, 1786.4, 191354.71647603
1679270400, 20/03/2023, 00:00:00, 1786.37, 1809.1, 1728.52, 1739.42, 249197.06842683
1679356800, 21/03/2023, 00:00:00, 1739.28, 1839.99, 1724.37, 1807.23, 215769.94317511
1679443200, 22/03/2023, 00:00:00, 1806.79, 1823.8, 1715.17, 1739.18, 196097.23997699
1679529600, 23/03/2023, 00:00:00, 1738.99, 1861.67, 1733.77, 1817.49, 182879.51736378
1679616000, 24/03/2023, 00:00:00, 1817.27, 1822.55, 1728.27, 1751.93, 193658.46405908
1679702400, 25/03/2023, 00:00:00, 1751.79, 1764.93, 1715.23, 1743.8, 80639.99683541
1679788800, 26/03/2023, 00:00:00, 1743.69, 1801.02, 1741.01, 1775.86, 81741.29679602
1679875200, 27/03/2023, 00:00:00, 1775.85, 1782.19, 1688.0, 1716.42, 120123.69610665
1679961600, 28/03/2023, 00:00:00, 1716.13, 1795.54, 1701.81, 1773.7, 126114.46205033
1680048000, 29/03/2023, 00:00:00, 1773.82, 1827.7, 1772.99, 1793.41, 124064.2834112
1680134400, 30/03/2023, 00:00:00, 1793.4, 1829.82, 1762.94, 1793.68, 136706.00627233
1680220800, 31/03/2023, 00:00:00, 1793.68, 1847.12, 1779.47, 1822.01, 150470.34252747
1680307200, 01/04/2023, 00:00:00, 1822.11, 1843.0, 1809.12, 1821.73, 75499.214378
1680393600, 02/04/2023, 00:00:00, 1821.69, 1825.97, 1773.25, 1795.37, 53524.50081719
1680480000, 03/04/2023, 00:00:00, 1795.41, 1839.99, 1763.58, 1810.92, 156367.81692427
1680566400, 04/04/2023, 00:00:00, 1810.91, 1892.1, 1802.76, 1871.36, 160288.10821587
1680652800, 05/04/2023, 00:00:00, 1871.19, 1943.64, 1865.24, 1908.9, 159154.20039336
1680739200, 06/04/2023, 00:00:00, 1908.89, 1910.59, 1854.06, 1873.29, 106044.61222348
1680825600, 07/04/2023, 00:00:00, 1873.28, 1883.35, 1842.25, 1865.02, 59267.01815764
1680912000, 08/04/2023, 00:00:00, 1865.02, 1880.56, 1848.21, 1850.06, 38479.70792157
1680998400, 09/04/2023, 00:00:00, 1849.83, 1874.78, 1823.11, 1859.84, 57884.00934696
1681084800, 10/04/2023, 00:00:00, 1859.85, 1920.0, 1847.5, 1911.23, 100746.45225435
1681171200, 11/04/2023, 00:00:00, 1911.22, 1938.85, 1883.24, 1891.82, 115741.82211523
1681257600, 12/04/2023, 00:00:00, 1891.78, 1934.08, 1855.79, 1918.91, 156466.30398029
1681344000, 13/04/2023, 00:00:00, 1918.9, 2025.0, 1901.12, 2013.98, 199544.51674204
1681430400, 14/04/2023, 00:00:00, 2014.12, 2131.2, 2011.2, 2101.85, 261883.28915686
1681516800, 15/04/2023, 00:00:00, 2101.81, 2112.88, 2073.79, 2092.45, 82555.5452833
1681603200, 16/04/2023, 00:00:00, 2092.44, 2142.85, 2074.32, 2120.07, 87897.67238295
1681689600, 17/04/2023, 00:00:00, 2120.01, 2122.02, 2058.0, 2075.63, 111821.36109573
1681776000, 18/04/2023, 00:00:00, 2075.63, 2125.0, 2052.52, 2104.61, 98463.83447004
1681862400, 19/04/2023, 00:00:00, 2104.54, 2105.9, 1923.33, 1934.8, 180156.78946917
1681948800, 20/04/2023, 00:00:00, 1934.63, 1983.34, 1914.16, 1943.16, 127783.1585988
1682035200, 21/04/2023, 00:00:00, 1942.91, 1956.81, 1824.67, 1848.16, 184098.48749579
1682121600, 22/04/2023, 00:00:00, 1848.21, 1887.88, 1842.11, 1874.48, 58568.76361222
1682208000, 23/04/2023, 00:00:00, 1874.48, 1882.6, 1837.3, 1861.9, 59392.15616391
1682294400, 24/04/2023, 00:00:00, 1861.91, 1890.0, 1805.38, 1842.17, 151059.34701623
1682380800, 25/04/2023, 00:00:00, 1842.11, 1878.16, 1801.46, 1866.23, 121957.82152629
1682467200, 26/04/2023, 00:00:00, 1866.22, 1965.04, 1785.51, 1866.73, 220757.79257172
1682553600, 27/04/2023, 00:00:00, 1866.73, 1939.56, 1862.08, 1908.92, 173658.77646459
1682640000, 28/04/2023, 00:00:00, 1908.92, 1924.79, 1875.0, 1892.54, 102737.14594464
1682726400, 29/04/2023, 00:00:00, 1892.43, 1919.15, 1884.58, 1908.96, 43424.36883267
1682812800, 30/04/2023, 00:00:00, 1908.96, 1939.76, 1866.5, 1870.76, 68260.39204639
1682899200, 01/05/2023, 00:00:00, 1870.67, 1887.12, 1805.95, 1831.41, 123062.84388793
1682985600, 02/05/2023, 00:00:00, 1831.36, 1882.55, 1823.21, 1871.26, 96998.09681491
1683072000, 03/05/2023, 00:00:00, 1871.27, 1917.16, 1843.52, 1905.89, 104714.67015513
1683158400, 04/05/2023, 00:00:00, 1905.89, 1918.34, 1867.71, 1878.01, 69495.9189541
1683244800, 05/05/2023, 00:00:00, 1878.25, 2000.0, 1876.36, 1995.76, 181402.98639087
1683331200, 06/05/2023, 00:00:00, 1995.77, 2020.0, 1864.06, 1900.12, 112739.21557998
1683417600, 07/05/2023, 00:00:00, 1900.12, 1936.45, 1870.61, 1873.27, 74231.15468325
1683504000, 08/05/2023, 00:00:00, 1873.28, 1886.87, 1810.0, 1849.11, 168218.43505268
1683590400, 09/05/2023, 00:00:00, 1849.11, 1862.57, 1832.0, 1847.7, 93273.22792235
1683676800, 10/05/2023, 00:00:00, 1847.5, 1888.97, 1789.75, 1842.47, 176402.42399244
1683763200, 11/05/2023, 00:00:00, 1842.33, 1843.62, 1772.26, 1795.24, 133802.64396645
1683849600, 12/05/2023, 00:00:00, 1795.22, 1817.25, 1737.76, 1808.35, 138780.08409832
1683936000, 13/05/2023, 00:00:00, 1808.24, 1817.32, 1786.44, 1795.99, 51855.71796261
1684022400, 14/05/2023, 00:00:00, 1796.01, 1824.67, 1790.49, 1800.03, 46196.57094705
1684108800, 15/05/2023, 00:00:00, 1800.0, 1848.05, 1785.52, 1816.79, 117667.19574722
1684195200, 16/05/2023, 00:00:00, 1816.8, 1833.25, 1796.86, 1824.64, 82503.84666329
1684281600, 17/05/2023, 00:00:00, 1824.57, 1837.15, 1783.59, 1822.49, 94085.03920847
1684368000, 18/05/2023, 00:00:00, 1822.46, 1831.84, 1770.88, 1800.61, 80676.45327688
1684454400, 19/05/2023, 00:00:00, 1800.61, 1830.0, 1797.08, 1812.84, 64344.11418462
1684540800, 20/05/2023, 00:00:00, 1812.84, 1829.85, 1807.26, 1819.96, 33384.79974843
1684627200, 21/05/2023, 00:00:00, 1819.9, 1829.53, 1797.19, 1805.28, 33106.35974055
1684713600, 22/05/2023, 00:00:00, 1805.35, 1829.51, 1791.99, 1817.76, 65551.70673749
1684800000, 23/05/2023, 00:00:00, 1817.76, 1873.7, 1815.59, 1854.41, 86046.40887122
1684886400, 24/05/2023, 00:00:00, 1854.42, 1854.75, 1774.56, 1799.75, 91642.89182667
1684972800, 25/05/2023, 00:00:00, 1799.79, 1818.94, 1759.45, 1805.83, 83744.8701424
1685059200, 26/05/2023, 00:00:00, 1805.76, 1838.96, 1796.75, 1828.43, 69736.78276535
1685145600, 27/05/2023, 00:00:00, 1828.32, 1837.0, 1812.92, 1830.67, 28429.50747639
1685232000, 28/05/2023, 00:00:00, 1830.6, 1921.0, 1823.86, 1909.25, 81609.20883023
1685318400, 29/05/2023, 00:00:00, 1909.1, 1928.51, 1874.14, 1893.2, 91048.58194716
1685404800, 30/05/2023, 00:00:00, 1893.18, 1917.61, 1881.93, 1901.11, 96724.93469207
1685491200, 31/05/2023, 00:00:00, 1901.1, 1908.04, 1847.61, 1874.04, 93058.72475908
1685577600, 01/06/2023, 00:00:00, 1874.08, 1889.29, 1839.72, 1862.43, 96470.72304438
1685664000, 02/06/2023, 00:00:00, 1862.33, 1911.31, 1847.66, 1907.41, 87806.05449698
1685750400, 03/06/2023, 00:00:00, 1907.44, 1909.63, 1882.42, 1892.62, 33883.00307554
1685836800, 04/06/2023, 00:00:00, 1892.62, 1914.83, 1884.72, 1890.23, 32506.25336073
1685923200, 05/06/2023, 00:00:00, 1890.22, 1891.34, 1777.25, 1811.21, 133729.38796529
1686009600, 06/06/2023, 00:00:00, 1811.21, 1898.25, 1796.52, 1884.95, 117911.62779482
1686096000, 07/06/2023, 00:00:00, 1884.93, 1898.0, 1820.0, 1832.49, 126979.80361204
1686182400, 08/06/2023, 00:00:00, 1832.43, 1861.59, 1828.63, 1845.99, 53739.2409447
1686268800, 09/06/2023, 00:00:00, 1846.21, 1855.44, 1826.92, 1840.46, 61326.07108796
1686355200, 10/06/2023, 00:00:00, 1840.46, 1845.19, 1716.24, 1752.32, 180377.32723936
1686441600, 11/06/2023, 00:00:00, 1752.32, 1778.65, 1739.0, 1753.1, 67320.65838212
1686528000, 12/06/2023, 00:00:00, 1753.1, 1759.58, 1719.74, 1742.66, 104213.35741918
1686614400, 13/06/2023, 00:00:00, 1742.69, 1766.23, 1723.68, 1739.54, 112831.26060085
1686700800, 14/06/2023, 00:00:00, 1739.51, 1749.85, 1630.0, 1650.84, 124654.02551192
1686787200, 15/06/2023, 00:00:00, 1650.84, 1678.91, 1620.15, 1665.28, 137062.43019777
1686873600, 16/06/2023, 00:00:00, 1665.17, 1727.8, 1648.29, 1716.8, 88651.50050649
1686960000, 17/06/2023, 00:00:00, 1716.71, 1769.08, 1712.96, 1727.09, 45580.87620723
1687046400, 18/06/2023, 00:00:00, 1727.15, 1747.4, 1712.61, 1720.43, 37169.42339912
1687132800, 19/06/2023, 00:00:00, 1720.4, 1750.71, 1698.53, 1736.58, 64986.67973263
1687219200, 20/06/2023, 00:00:00, 1736.45, 1797.24, 1713.79, 1792.86, 131094.31127116
1687305600, 21/06/2023, 00:00:00, 1792.71, 1901.86, 1787.4, 1889.57, 205714.82101311
1687392000, 22/06/2023, 00:00:00, 1889.46, 1933.72, 1866.57, 1872.13, 136777.14234797
1687478400, 23/06/2023, 00:00:00, 1872.13, 1936.68, 1861.37, 1893.66, 112622.71955974
1687564800, 24/06/2023, 00:00:00, 1893.74, 1906.86, 1865.64, 1875.87, 44081.47507327
1687651200, 25/06/2023, 00:00:00, 1875.88, 1930.66, 1869.88, 1899.73, 67353.84099709
1687737600, 26/06/2023, 00:00:00, 1899.8, 1908.95, 1836.25, 1859.19, 89749.72763224
1687824000, 27/06/2023, 00:00:00, 1859.19, 1912.6, 1855.41, 1889.82, 92097.01330236
1687910400, 28/06/2023, 00:00:00, 1889.77, 1890.49, 1816.0, 1827.37, 101759.55539935
1687996800, 29/06/2023, 00:00:00, 1827.3, 1879.6, 1826.43, 1852.11, 72773.6432135
1688083200, 30/06/2023, 00:00:00, 1851.98, 1946.75, 1823.2, 1933.57, 211965.83457331
1688169600, 01/07/2023, 00:00:00, 1933.7, 1944.32, 1908.65, 1924.14, 56737.84297268
1688256000, 02/07/2023, 00:00:00, 1924.14, 1959.7, 1885.33, 1937.26, 85221.98862426
1688342400, 03/07/2023, 00:00:00, 1937.28, 1976.99, 1933.46, 1955.76, 104013.30517861
1688428800, 04/07/2023, 00:00:00, 1955.76, 1967.07, 1931.7, 1936.42, 61516.63477519
1688515200, 05/07/2023, 00:00:00, 1936.44, 1942.66, 1894.18, 1910.14, 70482.06535559
1688601600, 06/07/2023, 00:00:00, 1910.15, 1957.76, 1845.7, 1845.8, 124378.76917782
1688688000, 07/07/2023, 00:00:00, 1846.04, 1878.09, 1825.38, 1870.93, 86368.39903159
1688774400, 08/07/2023, 00:00:00, 1870.9, 1873.23, 1842.57, 1865.56, 49501.03716728
1688860800, 09/07/2023, 00:00:00, 1865.56, 1879.35, 1856.62, 1863.01, 34389.84936597
1688947200, 10/07/2023, 00:00:00, 1862.99, 1905.83, 1846.99, 1880.62, 90689.06095885
1689033600, 11/07/2023, 00:00:00, 1880.62, 1891.7, 1862.23, 1878.66, 58861.84428148
1689120000, 12/07/2023, 00:00:00, 1878.58, 1905.0, 1864.17, 1871.65, 91650.67609635
1689206400, 13/07/2023, 00:00:00, 1871.65, 2014.26, 1862.44, 2005.95, 217841.38411854
1689292800, 14/07/2023, 00:00:00, 2005.95, 2029.34, 1898.88, 1938.91, 164795.03146848
1689379200, 15/07/2023, 00:00:00, 1938.99, 1947.04, 1926.92, 1931.9, 40675.73037046
1689465600, 16/07/2023, 00:00:00, 1931.89, 1944.15, 1914.75, 1923.38, 39618.81522884
1689552000, 17/07/2023, 00:00:00, 1923.21, 1936.93, 1873.61, 1911.38, 132065.00633478
1689638400, 18/07/2023, 00:00:00, 1911.26, 1917.49, 1876.01, 1897.72, 129808.3219303
1689724800, 19/07/2023, 00:00:00, 1897.72, 1922.33, 1882.15, 1888.73, 111607.1389253
1689811200, 20/07/2023, 00:00:00, 1888.65, 1929.03, 1877.77, 1891.72, 100239.01603496
1689897600, 21/07/2023, 00:00:00, 1891.76, 1905.41, 1884.43, 1891.92, 55235.39533058
1689984000, 22/07/2023, 00:00:00, 1891.92, 1897.62, 1851.35, 1866.69, 42352.40590843
1690070400, 23/07/2023, 00:00:00, 1866.61, 1905.24, 1858.19, 1888.65, 61563.29015459
1690156800, 24/07/2023, 00:00:00, 1888.64, 1890.93, 1832.83, 1849.69, 127978.18134477
1690243200, 25/07/2023, 00:00:00, 1849.68, 1868.14, 1844.69, 1857.28, 57419.42710699
1690329600, 26/07/2023, 00:00:00, 1857.29, 1887.75, 1848.03, 1871.92, 72684.14808293
1690416000, 27/07/2023, 00:00:00, 1871.92, 1886.15, 1854.39, 1860.88, 53353.05426066
1690502400, 28/07/2023, 00:00:00, 1860.87, 1882.77, 1856.18, 1874.05, 52759.67579773
1690588800, 29/07/2023, 00:00:00, 1874.01, 1886.26, 1869.1, 1880.71, 23628.03151224
1690675200, 30/07/2023, 00:00:00, 1880.88, 1885.46, 1848.81, 1861.65, 49111.67488831
1690761600, 31/07/2023, 00:00:00, 1861.65, 1876.82, 1850.55, 1856.0, 84251.92423923
1690848000, 01/08/2023, 00:00:00, 1856.09, 1874.88, 1812.0, 1872.89, 160513.30855928
1690934400, 02/08/2023, 00:00:00, 1872.78, 1878.86, 1820.1, 1838.92, 102912.60761585
1691020800, 03/08/2023, 00:00:00, 1838.91, 1857.6, 1824.0, 1834.34, 70134.44959281
1691107200, 04/08/2023, 00:00:00, 1834.34, 1849.99, 1813.45, 1827.3, 72934.78259447
1691193600, 05/08/2023, 00:00:00, 1827.3, 1837.16, 1824.45, 1834.66, 24788.06790609
1691280000, 06/08/2023, 00:00:00, 1834.66, 1836.92, 1823.7, 1827.5, 25736.92637861
1691366400, 07/08/2023, 00:00:00, 1827.49, 1844.11, 1800.0, 1826.9, 80578.46482025
1691452800, 08/08/2023, 00:00:00, 1826.9, 1876.1, 1824.0, 1855.71, 90813.36288326
1691539200, 09/08/2023, 00:00:00, 1855.71, 1870.85, 1843.35, 1854.09, 67061.64786301
1691625600, 10/08/2023, 00:00:00, 1854.09, 1864.35, 1844.07, 1850.38, 47379.82288863
1691712000, 11/08/2023, 00:00:00, 1850.38, 1855.54, 1836.41, 1846.76, 51401.34991694
1691798400, 12/08/2023, 00:00:00, 1846.77, 1852.7, 1844.93, 1849.09, 20642.38300552
1691884800, 13/08/2023, 00:00:00, 1849.08, 1859.99, 1833.03, 1838.98, 28666.82026917
1691971200, 14/08/2023, 00:00:00, 1838.98, 1854.19, 1833.27, 1844.01, 50098.05830532
1692057600, 15/08/2023, 00:00:00, 1844.0, 1845.65, 1811.34, 1827.19, 50058.31066665
1692144000, 16/08/2023, 00:00:00, 1827.19, 1829.39, 1795.15, 1805.51, 67033.53900372
1692230400, 17/08/2023, 00:00:00, 1805.51, 1808.18, 1540.0, 1681.42, 189703.49281099
1692316800, 18/08/2023, 00:00:00, 1681.46, 1699.33, 1640.18, 1661.4, 160133.36341664
1692403200, 19/08/2023, 00:00:00, 1661.28, 1696.0, 1653.84, 1669.65, 54692.61607557
1692489600, 20/08/2023, 00:00:00, 1669.65, 1694.48, 1661.83, 1685.39, 46426.8880623
1692576000, 21/08/2023, 00:00:00, 1685.36, 1688.1, 1648.65, 1667.2, 79186.37606678
1692662400, 22/08/2023, 00:00:00, 1667.2, 1669.11, 1579.34, 1634.33, 110850.76953958
1692748800, 23/08/2023, 00:00:00, 1634.32, 1700.46, 1628.81, 1679.22, 111905.50727937
1692835200, 24/08/2023, 00:00:00, 1679.21, 1683.16, 1634.73, 1660.36, 77217.23328739
1692921600, 25/08/2023, 00:00:00, 1660.41, 1676.19, 1634.54, 1652.75, 83010.44896333
1693008000, 26/08/2023, 00:00:00, 1652.77, 1654.74, 1643.0, 1646.25, 18986.91545465
1693094400, 27/08/2023, 00:00:00, 1646.26, 1659.43, 1645.38, 1657.51, 22244.70853004
1693180800, 28/08/2023, 00:00:00, 1657.5, 1662.7, 1621.04, 1651.94, 60673.32488256
1693267200, 29/08/2023, 00:00:00, 1651.93, 1745.88, 1639.04, 1729.34, 122275.58410558
1693353600, 30/08/2023, 00:00:00, 1729.26, 1730.96, 1694.98, 1705.47, 61097.35135783
1693440000, 31/08/2023, 00:00:00, 1705.46, 1726.16, 1629.76, 1645.58, 116578.15874188
1693526400, 01/09/2023, 00:00:00, 1645.58, 1654.27, 1601.69, 1628.46, 92601.69188977
1693612800, 02/09/2023, 00:00:00, 1628.46, 1644.64, 1627.43, 1636.83, 30753.43898001
1693699200, 03/09/2023, 00:00:00, 1636.83, 1646.97, 1624.93, 1635.68, 36069.9532434
1693785600, 04/09/2023, 00:00:00, 1635.65, 1644.57, 1615.85, 1629.75, 43034.41180385
1693872000, 05/09/2023, 00:00:00, 1629.75, 1646.66, 1608.85, 1633.85, 54592.69579861
1693958400, 06/09/2023, 00:00:00, 1633.85, 1669.0, 1608.17, 1632.08, 64159.11336815
1694044800, 07/09/2023, 00:00:00, 1632.09, 1659.1, 1622.41, 1647.44, 60902.59005054
1694131200, 08/09/2023, 00:00:00, 1647.44, 1658.29, 1615.65, 1635.94, 58305.48970523
1694217600, 09/09/2023, 00:00:00, 1635.94, 1637.14, 1629.32, 1635.14, 13173.50160468
1694304000, 10/09/2023, 00:00:00, 1635.15, 1635.66, 1596.78, 1616.65, 46891.05891276
1694390400, 11/09/2023, 00:00:00, 1616.68, 1618.61, 1530.6, 1551.36, 122138.1334909
1694476800, 12/09/2023, 00:00:00, 1551.33, 1624.99, 1549.21, 1593.07, 92121.78663878
1694563200, 13/09/2023, 00:00:00, 1592.92, 1618.56, 1581.65, 1608.06, 71432.28132924
1694649600, 14/09/2023, 00:00:00, 1608.06, 1644.4, 1607.48, 1627.18, 84810.57469743
1694736000, 15/09/2023, 00:00:00, 1627.17, 1653.52, 1611.52, 1641.49, 46587.30736974
1694822400, 16/09/2023, 00:00:00, 1641.48, 1652.54, 1631.88, 1634.87, 25839.72626893
1694908800, 17/09/2023, 00:00:00, 1634.87, 1635.66, 1612.35, 1622.83, 28240.63467229
1694995200, 18/09/2023, 00:00:00, 1622.93, 1669.43, 1603.55, 1636.94, 82672.75437174
1695081600, 19/09/2023, 00:00:00, 1636.93, 1661.05, 1626.77, 1643.42, 53665.4341842
1695168000, 20/09/2023, 00:00:00, 1643.41, 1649.57, 1604.91, 1622.27, 69413.64809618
1695254400, 21/09/2023, 00:00:00, 1622.26, 1625.23, 1567.81, 1583.86, 70280.57355242
1695340800, 22/09/2023, 00:00:00, 1583.86, 1602.43, 1576.52, 1593.03, 49010.24393275
1695427200, 23/09/2023, 00:00:00, 1593.04, 1598.19, 1587.97, 1593.85, 17727.34147545
1695513600, 24/09/2023, 00:00:00, 1593.84, 1600.89, 1570.35, 1580.64, 32773.52822928
1695600000, 25/09/2023, 00:00:00, 1580.59, 1597.12, 1563.0, 1587.75, 62583.93066252
1695686400, 26/09/2023, 00:00:00, 1587.75, 1598.84, 1579.47, 1593.0, 49000.89806179
1695772800, 27/09/2023, 00:00:00, 1593.0, 1632.94, 1582.38, 1597.65, 80254.4465463
1695859200, 28/09/2023, 00:00:00, 1597.65, 1668.55, 1596.93, 1652.94, 136755.38213349
1695945600, 29/09/2023, 00:00:00, 1652.94, 1688.16, 1648.33, 1667.21, 96959.81985572
1696032000, 30/09/2023, 00:00:00, 1667.2, 1694.25, 1665.98, 1670.84, 52608.92316992
1696118400, 01/10/2023, 00:00:00, 1670.84, 1755.2, 1668.51, 1733.4, 75393.93444956
1696204800, 02/10/2023, 00:00:00, 1733.42, 1743.84, 1637.82, 1662.62, 158288.87222448
1696291200, 03/10/2023, 00:00:00, 1662.62, 1670.61, 1643.56, 1656.91, 75294.23778427
1696377600, 04/10/2023, 00:00:00, 1656.91, 1657.91, 1626.01, 1646.58, 80420.09102569
1696464000, 05/10/2023, 00:00:00, 1646.58, 1655.28, 1608.0, 1611.63, 88002.97784141
1696550400, 06/10/2023, 00:00:00, 1611.83, 1662.23, 1611.78, 1645.95, 71144.41944879
1696636800, 07/10/2023, 00:00:00, 1645.9, 1648.7, 1631.01, 1634.65, 27241.91429218
1696723200, 08/10/2023, 00:00:00, 1634.64, 1642.33, 1617.31, 1633.78, 38081.14823402
1696809600, 09/10/2023, 00:00:00, 1633.77, 1636.51, 1548.22, 1580.13, 102399.55980653
1696896000, 10/10/2023, 00:00:00, 1580.13, 1595.15, 1550.18, 1567.63, 79103.82961904
1696982400, 11/10/2023, 00:00:00, 1567.63, 1578.53, 1545.5, 1566.46, 79781.25310923
1697068800, 12/10/2023, 00:00:00, 1566.45, 1568.05, 1520.85, 1539.25, 68485.99935697
1697155200, 13/10/2023, 00:00:00, 1539.26, 1574.66, 1537.31, 1552.04, 63935.58299379
1697241600, 14/10/2023, 00:00:00, 1552.03, 1561.53, 1544.65, 1554.87, 20369.55429181
1697328000, 15/10/2023, 00:00:00, 1554.98, 1566.92, 1548.3, 1558.01, 28564.73003903
1697414400, 16/10/2023, 00:00:00, 1558.01, 1641.41, 1555.2, 1600.02, 140896.46861986
1697500800, 17/10/2023, 00:00:00, 1600.03, 1601.44, 1552.74, 1565.24, 63796.87989577
1697587200, 18/10/2023, 00:00:00, 1565.25, 1586.27, 1556.01, 1563.67, 57059.23546765
1697673600, 19/10/2023, 00:00:00, 1563.66, 1576.25, 1542.36, 1567.48, 59230.76611412
1697760000, 20/10/2023, 00:00:00, 1567.5, 1632.11, 1562.0, 1604.96, 110280.40281731
1697846400, 21/10/2023, 00:00:00, 1604.94, 1644.77, 1593.06, 1629.38, 63605.34688817
1697932800, 22/10/2023, 00:00:00, 1629.37, 1668.28, 1622.36, 1664.43, 64860.7669214
1698019200, 23/10/2023, 00:00:00, 1664.43, 1799.55, 1657.95, 1766.27, 191320.15916936
1698105600, 24/10/2023, 00:00:00, 1766.24, 1854.62, 1725.79, 1785.28, 261859.90084142
1698192000, 25/10/2023, 00:00:00, 1785.06, 1818.29, 1760.2, 1787.58, 126450.2986493
1698278400, 26/10/2023, 00:00:00, 1787.58, 1865.86, 1762.67, 1803.57, 162066.45814023
1698364800, 27/10/2023, 00:00:00, 1803.56, 1804.29, 1745.05, 1779.81, 90425.04228072
1698451200, 28/10/2023, 00:00:00, 1779.78, 1803.48, 1770.8, 1776.48, 34085.17268661
1698537600, 29/10/2023, 00:00:00, 1776.48, 1811.68, 1763.25, 1795.74, 48201.56051951
1698624000, 30/10/2023, 00:00:00, 1795.63, 1830.64, 1778.24, 1809.69, 80444.07174014
1698710400, 31/10/2023, 00:00:00, 1809.67, 1820.0, 1781.62, 1815.14, 80270.49772666
1698796800, 01/11/2023, 00:00:00, 1815.14, 1859.0, 1783.48, 1847.74, 139857.49667144
1698883200, 02/11/2023, 00:00:00, 1847.74, 1875.0, 1785.03, 1801.31, 110389.55551632
1698969600, 03/11/2023, 00:00:00, 1801.31, 1836.16, 1777.0, 1833.76, 79637.2413367
1699056000, 04/11/2023, 00:00:00, 1833.64, 1870.32, 1825.11, 1857.23, 38916.34595206
1699142400, 05/11/2023, 00:00:00, 1857.17, 1913.57, 1847.46, 1893.16, 82496.39953529
1699228800, 06/11/2023, 00:00:00, 1893.13, 1916.13, 1870.64, 1901.68, 97625.94820106
1699315200, 07/11/2023, 00:00:00, 1901.67, 1908.07, 1851.01, 1885.93, 122337.33944691
1699401600, 08/11/2023, 00:00:00, 1885.93, 1905.3, 1873.55, 1888.84, 74827.09163576
1699488000, 09/11/2023, 00:00:00, 1888.86, 2131.91, 1882.84, 2121.3, 290571.52840203
1699574400, 10/11/2023, 00:00:00, 2120.88, 2136.53, 2066.0, 2078.57, 148151.5915368
1699660800, 11/11/2023, 00:00:00, 2078.57, 2091.61, 2032.14, 2053.83, 84815.43690608
1699747200, 12/11/2023, 00:00:00, 2053.94, 2066.93, 2013.5, 2046.06, 50912.23589705
1699833600, 13/11/2023, 00:00:00, 2046.06, 2118.65, 2029.28, 2053.99, 144429.20318696
1699920000, 14/11/2023, 00:00:00, 2054.31, 2065.48, 1933.0, 1979.61, 136319.6702245
1700006400, 15/11/2023, 00:00:00, 1979.45, 2063.58, 1967.19, 2059.38, 152595.88274792
1700092800, 16/11/2023, 00:00:00, 2059.46, 2100.0, 1909.37, 1961.76, 178044.63341731
1700179200, 17/11/2023, 00:00:00, 1961.66, 1991.25, 1906.15, 1961.57, 125667.83736351
1700265600, 18/11/2023, 00:00:00, 1961.53, 1972.38, 1917.96, 1963.76, 45737.12941532
1700352000, 19/11/2023, 00:00:00, 1963.75, 2016.6, 1944.65, 2012.29, 55072.30287312
1700438400, 20/11/2023, 00:00:00, 2012.68, 2067.79, 1993.59, 2022.55, 146484.68418925
1700524800, 21/11/2023, 00:00:00, 2022.56, 2035.77, 1930.86, 1933.45, 136174.20007133
1700611200, 22/11/2023, 00:00:00, 1933.52, 2092.66, 1929.26, 2063.94, 146760.1198297
1700697600, 23/11/2023, 00:00:00, 2063.95, 2089.18, 2040.23, 2062.78, 84629.71524463
1700784000, 24/11/2023, 00:00:00, 2062.51, 2134.16, 2059.7, 2082.61, 127130.6016511
1700870400, 25/11/2023, 00:00:00, 2082.74, 2091.72, 2067.11, 2084.02, 32637.81834342
1700956800, 26/11/2023, 00:00:00, 2084.0, 2095.16, 2037.8, 2063.09, 57167.2638941
1701043200, 27/11/2023, 00:00:00, 2063.13, 2072.0, 1985.72, 2027.47, 125768.15951531
1701129600, 28/11/2023, 00:00:00, 2027.46, 2076.0, 1995.29, 2049.08, 100207.915287
1701216000, 29/11/2023, 00:00:00, 2048.94, 2075.84, 2019.63, 2029.11, 75542.21726307
1701302400, 30/11/2023, 00:00:00, 2029.14, 2055.74, 2020.96, 2053.1, 75775.80126746
1701388800, 01/12/2023, 00:00:00, 2053.08, 2112.09, 2045.99, 2088.4, 142736.12841928
1701475200, 02/12/2023, 00:00:00, 2088.43, 2190.48, 2086.97, 2165.76, 83470.66010767
1701561600, 03/12/2023, 00:00:00, 2165.85, 2217.78, 2150.3, 2194.13, 78192.25684803
1701648000, 04/12/2023, 00:00:00, 2194.12, 2274.95, 2192.41, 2243.29, 156712.86675745
1701734400, 05/12/2023, 00:00:00, 2243.25, 2309.82, 2187.97, 2293.97, 167077.77250219
1701820800, 06/12/2023, 00:00:00, 2293.96, 2312.75, 2219.61, 2232.8, 134193.65734318
1701907200, 07/12/2023, 00:00:00, 2233.08, 2384.0, 2222.58, 2356.57, 159654.71681372
1701993600, 08/12/2023, 00:00:00, 2356.4, 2392.35, 2338.25, 2358.59, 130139.81922754
1702080000, 09/12/2023, 00:00:00, 2359.01, 2403.37, 2329.35, 2341.28, 69627.48310609
1702166400, 10/12/2023, 00:00:00, 2341.48, 2377.61, 2322.53, 2352.29, 44645.61294931
1702252800, 11/12/2023, 00:00:00, 2352.71, 2354.99, 2127.36, 2224.06, 193291.06535168
1702339200, 12/12/2023, 00:00:00, 2224.15, 2243.23, 2164.82, 2202.34, 128295.68890567
1702425600, 13/12/2023, 00:00:00, 2202.39, 2284.98, 2144.52, 2260.69, 141516.28789964
1702512000, 14/12/2023, 00:00:00, 2260.69, 2332.39, 2229.9, 2315.95, 142369.02286482
1702598400, 15/12/2023, 00:00:00, 2315.81, 2318.39, 2199.76, 2220.31, 122773.57046315
1702684800, 16/12/2023, 00:00:00, 2220.44, 2262.0, 2209.68, 2227.29, 49598.43029094
1702771200, 17/12/2023, 00:00:00, 2227.19, 2247.08, 2189.89, 2194.75, 56323.1405293
1702857600, 18/12/2023, 00:00:00, 2194.45, 2223.31, 2115.22, 2218.71, 103052.23127627
1702944000, 19/12/2023, 00:00:00, 2218.58, 2254.14, 2134.43, 2177.27, 122574.02370214
1703030400, 20/12/2023, 00:00:00, 2177.32, 2264.85, 2156.96, 2202.0, 164826.68035353
1703116800, 21/12/2023, 00:00:00, 2201.93, 2279.65, 2182.83, 2239.92, 136641.48600479
1703203200, 22/12/2023, 00:00:00, 2239.92, 2344.26, 2230.66, 2326.35, 173481.66487576
1703289600, 23/12/2023, 00:00:00, 2326.49, 2332.69, 2266.79, 2309.58, 71690.42077486
1703376000, 24/12/2023, 00:00:00, 2309.51, 2327.66, 2244.79, 2265.33, 66756.02178328
1703462400, 25/12/2023, 00:00:00, 2265.45, 2304.93, 2253.96, 2271.53, 46049.01449884
1703548800, 26/12/2023, 00:00:00, 2271.42, 2275.2, 2148.1, 2230.91, 112774.77130849
1703635200, 27/12/2023, 00:00:00, 2230.93, 2393.39, 2212.12, 2380.66, 167830.74188422
1703721600, 28/12/2023, 00:00:00, 2380.54, 2448.25, 2336.7, 2344.94, 187887.79244123
1703808000, 29/12/2023, 00:00:00, 2345.08, 2386.99, 2255.78, 2299.37, 155499.37553718
1703894400, 30/12/2023, 00:00:00, 2299.17, 2322.86, 2267.63, 2291.15, 66344.10814823
1703980800, 31/12/2023, 00:00:00, 2291.51, 2320.48, 2259.1, 2281.07, 94453.26052695
1704067200, 01/01/2024, 00:00:00, 2281.03, 2353.33, 2264.86, 2352.76, 65735.83712724
1704153600, 02/01/2024, 00:00:00, 2352.8, 2433.19, 2342.19, 2356.16, 146957.41838868
1704240000, 03/01/2024, 00:00:00, 2356.27, 2385.66, 2100.0, 2210.49, 238855.87311254
1704326400, 04/01/2024, 00:00:00, 2210.49, 2297.64, 2203.1, 2269.47, 139871.10592444
1704412800, 05/01/2024, 00:00:00, 2269.48, 2278.84, 2207.6, 2270.35, 103166.13797897
1704499200, 06/01/2024, 00:00:00, 2270.29, 2271.72, 2217.0, 2241.87, 43380.28085198
1704585600, 07/01/2024, 00:00:00, 2241.81, 2258.57, 2206.66, 2222.69, 44609.45118075
1704672000, 08/01/2024, 00:00:00, 2222.86, 2360.81, 2167.68, 2332.51, 124227.66088047
1704758400, 09/01/2024, 00:00:00, 2332.52, 2376.1, 2228.42, 2344.93, 180275.73765795
1704844800, 10/01/2024, 00:00:00, 2344.97, 2644.42, 2340.77, 2584.77, 317568.89216896
1704931200, 11/01/2024, 00:00:00, 2584.85, 2691.07, 2567.08, 2618.31, 237306.47182505
1705017600, 12/01/2024, 00:00:00, 2618.37, 2717.89, 2455.0, 2522.03, 254977.63549268
1705104000, 13/01/2024, 00:00:00, 2522.02, 2589.97, 2496.41, 2578.12, 121668.19007134
1705190400, 14/01/2024, 00:00:00, 2578.13, 2578.96, 2467.97, 2470.66, 103969.50283893
1705276800, 15/01/2024, 00:00:00, 2470.65, 2551.77, 2468.6, 2509.94, 72919.16160111
1705363200, 16/01/2024, 00:00:00, 2509.85, 2614.04, 2498.25, 2586.83, 98820.86634244
1705449600, 17/01/2024, 00:00:00, 2586.46, 2592.5, 2505.19, 2527.94, 78118.40218361
1705536000, 18/01/2024, 00:00:00, 2528.02, 2547.67, 2423.43, 2468.82, 128802.61780602
1705622400, 19/01/2024, 00:00:00, 2468.82, 2502.14, 2412.4, 2490.13, 96947.20379828
1705708800, 20/01/2024, 00:00:00, 2489.98, 2489.98, 2452.02, 2470.44, 27547.90442945
1705795200, 21/01/2024, 00:00:00, 2470.51, 2480.69, 2451.26, 2455.52, 20818.01056422
1705881600, 22/01/2024, 00:00:00, 2455.09, 2464.33, 2301.0, 2311.34, 152916.39516189
1705968000, 23/01/2024, 00:00:00, 2311.52, 2349.07, 2165.01, 2240.81, 186226.75172366
1706054400, 24/01/2024, 00:00:00, 2241.1, 2262.88, 2195.32, 2234.06, 72772.97341402
1706140800, 25/01/2024, 00:00:00, 2234.34, 2241.35, 2169.47, 2217.3, 75539.58539235
1706227200, 26/01/2024, 00:00:00, 2217.29, 2281.72, 2194.88, 2267.34, 94910.54129622
1706313600, 27/01/2024, 00:00:00, 2267.47, 2282.54, 2250.9, 2268.07, 30982.52441099
1706400000, 28/01/2024, 00:00:00, 2268.12, 2307.97, 2239.3, 2256.51, 39248.46860701
1706486400, 29/01/2024, 00:00:00, 2256.47, 2322.55, 2233.15, 2317.42, 63329.25489388
1706572800, 30/01/2024, 00:00:00, 2317.63, 2391.91, 2296.86, 2342.96, 96526.62504443
1706659200, 31/01/2024, 00:00:00, 2342.96, 2352.17, 2262.47, 2281.6, 85201.8639706
1706745600, 01/02/2024, 00:00:00, 2281.55, 2310.97, 2239.04, 2303.61, 62864.78139733
1706832000, 02/02/2024, 00:00:00, 2303.66, 2323.4, 2280.43, 2308.03, 50538.33300083
1706918400, 03/02/2024, 00:00:00, 2308.06, 2328.42, 2292.29, 2295.97, 17826.99315399
1707004800, 04/02/2024, 00:00:00, 2295.97, 2309.45, 2266.14, 2288.82, 29623.64332388
1707091200, 05/02/2024, 00:00:00, 2288.82, 2336.1, 2268.0, 2298.91, 44870.36550212
1707177600, 06/02/2024, 00:00:00, 2298.93, 2392.65, 2295.79, 2372.09, 102729.57926297
1707264000, 07/02/2024, 00:00:00, 2372.09, 2446.9, 2352.34, 2424.55, 81310.98318267
1707350400, 08/02/2024, 00:00:00, 2424.71, 2462.69, 2410.77, 2419.78, 111654.90807514
1707436800, 09/02/2024, 00:00:00, 2419.78, 2524.11, 2418.79, 2487.84, 121261.76511101
1707523200, 10/02/2024, 00:00:00, 2487.87, 2518.02, 2473.32, 2501.08, 33777.58281582
1707609600, 11/02/2024, 00:00:00, 2501.08, 2540.57, 2494.42, 2508.11, 37979.95085055
1707696000, 12/02/2024, 00:00:00, 2508.49, 2666.66, 2472.17, 2661.03, 115679.36286012
1707782400, 13/02/2024, 00:00:00, 2661.13, 2687.13, 2590.41, 2641.63, 128589.09309863
1707868800, 14/02/2024, 00:00:00, 2641.84, 2788.95, 2619.36, 2777.56, 110804.3856468
1707955200, 15/02/2024, 00:00:00, 2777.37, 2868.68, 2761.9, 2825.94, 123679.76881122
1708041600, 16/02/2024, 00:00:00, 2825.88, 2860.28, 2745.48, 2803.89, 108579.83594863
1708128000, 17/02/2024, 00:00:00, 2804.09, 2806.8, 2719.73, 2786.83, 50463.18174055
1708214400, 18/02/2024, 00:00:00, 2787.12, 2896.74, 2765.55, 2882.06, 64492.75636679
1708300800, 19/02/2024, 00:00:00, 2881.91, 2985.0, 2857.33, 2945.43, 102810.47000218
1708387200, 20/02/2024, 00:00:00, 2944.94, 3033.53, 2873.82, 3015.56, 162450.24960627
1708473600, 21/02/2024, 00:00:00, 3015.53, 3017.99, 2868.32, 2968.37, 168311.07685356
1708560000, 22/02/2024, 00:00:00, 2968.37, 3035.84, 2906.13, 2969.77, 159019.68302075
1708646400, 23/02/2024, 00:00:00, 2969.75, 2991.94, 2905.71, 2921.79, 95313.32394229
1708732800, 24/02/2024, 00:00:00, 2921.76, 3005.28, 2906.2, 2992.66, 46828.0872104
1708819200, 25/02/2024, 00:00:00, 2992.41, 3121.04, 2983.45, 3113.17, 86028.2084838
1708905600, 26/02/2024, 00:00:00, 3113.37, 3198.77, 3036.62, 3178.34, 149112.056773
1708992000, 27/02/2024, 00:00:00, 3178.28, 3291.36, 3167.8, 3243.84, 144336.78996453
1709078400, 28/02/2024, 00:00:00, 3244.35, 3492.31, 3185.0, 3386.64, 231321.85685237
1709164800, 29/02/2024, 00:00:00, 3386.64, 3521.99, 3302.1, 3341.78, 184874.52035185
1709251200, 01/03/2024, 00:00:00, 3341.78, 3454.95, 3340.15, 3436.0, 108273.12334217
1709337600, 02/03/2024, 00:00:00, 3436.37, 3462.0, 3398.14, 3424.04, 59797.37297303
1709424000, 03/03/2024, 00:00:00, 3423.77, 3493.78, 3363.59, 3489.53, 65187.6206346
1709510400, 04/03/2024, 00:00:00, 3489.95, 3650.0, 3430.0, 3633.23, 152726.49937298
1709596800, 05/03/2024, 00:00:00, 3632.92, 3829.93, 3205.0, 3557.41, 365410.47754845
1709683200, 06/03/2024, 00:00:00, 3557.42, 3903.42, 3502.0, 3821.82, 219365.56854364
1709769600, 07/03/2024, 00:00:00, 3822.1, 3941.57, 3736.5, 3875.28, 137053.14296446
1709856000, 08/03/2024, 00:00:00, 3875.42, 4000.0, 3826.37, 3892.6, 165705.35869307
1709942400, 09/03/2024, 00:00:00, 3892.62, 3951.37, 3880.0, 3913.55, 62180.56431897
1710028800, 10/03/2024, 00:00:00, 3913.84, 3972.17, 3800.01, 3881.96, 84572.21007878
1710115200, 11/03/2024, 00:00:00, 3882.48, 4091.67, 3730.72, 4066.21, 189041.07032596
1710201600, 12/03/2024, 00:00:00, 4066.95, 4093.88, 3828.83, 3980.34, 174639.81824993
1710288000, 13/03/2024, 00:00:00, 3980.31, 4085.57, 3934.52, 4007.7, 133886.82772964
1710374400, 14/03/2024, 00:00:00, 4007.79, 4013.25, 3714.53, 3880.45, 190612.34558486
1710460800, 15/03/2024, 00:00:00, 3880.45, 3932.39, 3566.38, 3742.95, 252124.79920745
1710547200, 16/03/2024, 00:00:00, 3743.29, 3781.4, 3466.55, 3520.1, 116692.68177422
1710633600, 17/03/2024, 00:00:00, 3520.24, 3676.76, 3410.78, 3641.02, 109583.54224228
1710720000, 18/03/2024, 00:00:00, 3641.51, 3642.56, 3454.3, 3520.66, 119847.05230624
1710806400, 19/03/2024, 00:00:00, 3520.52, 3547.97, 3147.81, 3156.97, 257986.0718834
1710892800, 20/03/2024, 00:00:00, 3156.94, 3536.72, 3057.5, 3516.68, 324768.03382929
1710979200, 21/03/2024, 00:00:00, 3517.02, 3586.59, 3410.45, 3491.78, 148636.00452543
1711065600, 22/03/2024, 00:00:00, 3491.78, 3542.56, 3250.33, 3337.41, 163488.1093582
1711152000, 23/03/2024, 00:00:00, 3337.38, 3436.39, 3271.47, 3330.05, 94959.72106776
1711238400, 24/03/2024, 00:00:00, 3330.28, 3471.22, 3300.0, 3454.67, 60606.08564157
1711324800, 25/03/2024, 00:00:00, 3454.88, 3661.7, 3418.61, 3591.02, 119411.57116768
1711411200, 26/03/2024, 00:00:00, 3590.61, 3681.9, 3544.0, 3587.67, 97999.11894572
1711497600, 27/03/2024, 00:00:00, 3587.5, 3665.95, 3458.0, 3499.56, 113287.84057127
1711584000, 28/03/2024, 00:00:00, 3499.62, 3612.3, 3462.44, 3561.1, 82506.6359203
1711670400, 29/03/2024, 00:00:00, 3561.12, 3584.9, 3473.42, 3511.08, 60142.83951755
1711756800, 30/03/2024, 00:00:00, 3511.21, 3568.13, 3488.08, 3507.51, 49286.0694304
1711843200, 31/03/2024, 00:00:00, 3507.31, 3654.87, 3505.76, 3645.48, 53825.13202391
1711929600, 01/04/2024, 00:00:00, 3645.55, 3646.38, 3413.86, 3505.85, 97053.82915967
1712016000, 02/04/2024, 00:00:00, 3505.95, 3507.69, 3211.41, 3279.64, 148814.96574824
1712102400, 03/04/2024, 00:00:00, 3279.71, 3369.43, 3202.8, 3312.43, 99323.0886667
1712188800, 04/04/2024, 00:00:00, 3312.42, 3444.95, 3251.91, 3329.39, 108312.21150232
1712275200, 05/04/2024, 00:00:00, 3329.41, 3348.33, 3210.99, 3319.26, 82464.50869563
1712361600, 06/04/2024, 00:00:00, 3319.1, 3398.8, 3308.7, 3352.66, 35789.96297357
1712448000, 07/04/2024, 00:00:00, 3352.87, 3459.52, 3345.36, 3453.67, 40642.58459362
1712534400, 08/04/2024, 00:00:00, 3453.69, 3729.16, 3406.93, 3694.56, 117580.32397415
1712620800, 09/04/2024, 00:00:00, 3694.26, 3726.79, 3450.6, 3504.58, 104295.66540925
1712707200, 10/04/2024, 00:00:00, 3504.24, 3562.51, 3411.59, 3546.0, 83472.76785832
1712793600, 11/04/2024, 00:00:00, 3546.07, 3617.97, 3473.6, 3503.06, 73843.06830002
1712880000, 12/04/2024, 00:00:00, 3503.06, 3553.03, 3100.0, 3239.31, 158974.418562
1712966400, 13/04/2024, 00:00:00, 3238.98, 3302.32, 2850.0, 3011.39, 241260.34609045
1713052800, 14/04/2024, 00:00:00, 3012.01, 3175.72, 2911.23, 3158.06, 160742.93293593
1713139200, 15/04/2024, 00:00:00, 3158.2, 3281.21, 3025.0, 3103.13, 129021.87609399
1713225600, 16/04/2024, 00:00:00, 3103.4, 3128.28, 2990.0, 3085.25, 117411.00495166
1713312000, 17/04/2024, 00:00:00, 3085.41, 3124.03, 2914.01, 2984.98, 122585.77561348
1713398400, 18/04/2024, 00:00:00, 2984.9, 3100.8, 2952.53, 3065.82, 91513.42190694
1713484800, 19/04/2024, 00:00:00, 3065.8, 3128.99, 2865.71, 3057.93, 126465.06248187
1713571200, 20/04/2024, 00:00:00, 3057.9, 3172.3, 3019.11, 3157.01, 42703.49658553
1713657600, 21/04/2024, 00:00:00, 3156.62, 3198.46, 3117.46, 3148.1, 34111.84839622
1713744000, 22/04/2024, 00:00:00, 3148.06, 3237.41, 3129.68, 3201.46, 70530.52584425
1713830400, 23/04/2024, 00:00:00, 3201.67, 3266.4, 3153.41, 3219.49, 69940.4136472
1713916800, 24/04/2024, 00:00:00, 3219.42, 3293.4, 3102.62, 3138.91, 88784.32655222
1714003200, 25/04/2024, 00:00:00, 3139.27, 3191.94, 3071.79, 3155.36, 95350.39968519
1714089600, 26/04/2024, 00:00:00, 3155.27, 3166.66, 3101.01, 3130.0, 69330.93637665
1714176000, 27/04/2024, 00:00:00, 3130.04, 3281.92, 3067.27, 3253.04, 65631.20199995
1714262400, 28/04/2024, 00:00:00, 3253.04, 3356.31, 3239.72, 3262.6, 66716.10732189
1714348800, 29/04/2024, 00:00:00, 3262.99, 3287.15, 3114.56, 3215.53, 85704.21545809
1714435200, 30/04/2024, 00:00:00, 3215.89, 3249.66, 2916.34, 3011.4, 122376.47890903
1714521600, 01/05/2024, 00:00:00, 3011.24, 3020.26, 2814.12, 2968.12, 148775.73927121
1714608000, 02/05/2024, 00:00:00, 2968.18, 3016.07, 2890.28, 2986.32, 74253.44635959
1714694400, 03/05/2024, 00:00:00, 2986.12, 3128.04, 2958.55, 3103.27, 82328.62907159
1714780800, 04/05/2024, 00:00:00, 3104.11, 3167.85, 3093.87, 3117.41, 37445.2105609
1714867200, 05/05/2024, 00:00:00, 3117.52, 3171.64, 3073.7, 3136.95, 38526.42777835
1714953600, 06/05/2024, 00:00:00, 3136.77, 3221.41, 3045.59, 3062.69, 79596.65949657
1715040000, 07/05/2024, 00:00:00, 3062.69, 3129.9, 3000.0, 3005.78, 62108.80446702
1715126400, 08/05/2024, 00:00:00, 3006.09, 3038.17, 2937.09, 2972.82, 52553.55510881
1715212800, 09/05/2024, 00:00:00, 2972.81, 3058.43, 2949.52, 3035.92, 56610.30197974
1715299200, 10/05/2024, 00:00:00, 3035.92, 3053.53, 2878.38, 2909.43, 79016.14737388
1715385600, 11/05/2024, 00:00:00, 2909.38, 2943.64, 2885.8, 2911.75, 26841.15468691
1715472000, 12/05/2024, 00:00:00, 2911.77, 2954.16, 2900.59, 2927.75, 23851.53354001
1715558400, 13/05/2024, 00:00:00, 2927.72, 2994.74, 2864.35, 2950.21, 81949.54698641
1715644800, 14/05/2024, 00:00:00, 2950.09, 2988.0, 2858.76, 2880.4, 84843.49382255
1715731200, 15/05/2024, 00:00:00, 2880.39, 3041.53, 2862.36, 3033.2, 102425.75517286
1715817600, 16/05/2024, 00:00:00, 3033.23, 3041.71, 2923.73, 2945.11, 79847.19015756
1715904000, 17/05/2024, 00:00:00, 2944.86, 3122.08, 2932.68, 3093.39, 80378.06214215
1715990400, 18/05/2024, 00:00:00, 3093.2, 3148.0, 3085.07, 3123.99, 35887.59340775
1716076800, 19/05/2024, 00:00:00, 3123.76, 3137.64, 3053.74, 3070.9, 36279.72976482
1716163200, 20/05/2024, 00:00:00, 3070.83, 3695.0, 3048.58, 3661.52, 280881.20562155
1716249600, 21/05/2024, 00:00:00, 3661.51, 3841.24, 3625.58, 3789.37, 253191.48042776
1716336000, 22/05/2024, 00:00:00, 3789.41, 3813.25, 3653.11, 3735.99, 152993.45828385
1716422400, 23/05/2024, 00:00:00, 3736.02, 3947.0, 3521.24, 3780.83, 309961.25314343
1716508800, 24/05/2024, 00:00:00, 3780.42, 3827.99, 3627.53, 3726.89, 112184.8378011
1716595200, 25/05/2024, 00:00:00, 3726.87, 3777.78, 3707.41, 3749.06, 33301.97878165
1716681600, 26/05/2024, 00:00:00, 3749.23, 3882.82, 3731.03, 3823.83, 57883.65812154
1716768000, 27/05/2024, 00:00:00, 3823.55, 3973.9, 3821.01, 3890.72, 71151.44619506
1716854400, 28/05/2024, 00:00:00, 3890.72, 3926.6, 3769.47, 3839.98, 100613.04720901
1716940800, 29/05/2024, 00:00:00, 3840.18, 3884.24, 3740.75, 3762.11, 108846.32940744
1717027200, 30/05/2024, 00:00:00, 3762.07, 3824.07, 3700.4, 3746.74, 96742.8620579
1717113600, 31/05/2024, 00:00:00, 3746.64, 3846.0, 3720.52, 3758.44, 83743.90660225
1717200000, 01/06/2024, 00:00:00, 3758.44, 3829.99, 3748.31, 3812.48, 33739.89750423
1717286400, 02/06/2024, 00:00:00, 3812.49, 3835.0, 3750.59, 3778.88, 44725.20926266
1717372800, 03/06/2024, 00:00:00, 3778.88, 3850.06, 3757.32, 3766.09, 66419.59243831
1717459200, 04/06/2024, 00:00:00, 3766.12, 3832.56, 3730.56, 3810.29, 57771.03645715
1717545600, 05/06/2024, 00:00:00, 3810.24, 3888.9, 3777.25, 3866.57, 67943.79281961
1717632000, 06/06/2024, 00:00:00, 3866.42, 3879.15, 3758.19, 3812.09, 53756.6117727
1717718400, 07/06/2024, 00:00:00, 3812.04, 3839.71, 3575.23, 3676.35, 110370.11489481
1717804800, 08/06/2024, 00:00:00, 3676.31, 3707.99, 3658.0, 3680.84, 28751.32754441
1717891200, 09/06/2024, 00:00:00, 3680.89, 3721.16, 3666.2, 3706.27, 19656.41005708
1717977600, 10/06/2024, 00:00:00, 3706.4, 3712.6, 3643.02, 3665.86, 43724.86169828
1718064000, 11/06/2024, 00:00:00, 3665.86, 3671.47, 3381.0, 3497.31, 137575.16363517
1718150400, 12/06/2024, 00:00:00, 3497.27, 3657.05, 3461.52, 3559.14, 98483.84286884
1718236800, 13/06/2024, 00:00:00, 3559.14, 3560.6, 3425.87, 3467.65, 108846.17560996
1718323200, 14/06/2024, 00:00:00, 3467.9, 3529.83, 3360.62, 3479.53, 102617.12125958
1718409600, 15/06/2024, 00:00:00, 3479.53, 3591.87, 3470.96, 3566.69, 56700.50673905
1718496000, 16/06/2024, 00:00:00, 3566.82, 3651.51, 3538.74, 3622.1, 44147.59671264
1718582400, 17/06/2024, 00:00:00, 3622.53, 3640.0, 3463.38, 3509.55, 111781.88622712
1718668800, 18/06/2024, 00:00:00, 3509.81, 3515.87, 3351.0, 3482.06, 129044.70825538
1718755200, 19/06/2024, 00:00:00, 3482.07, 3585.77, 3464.44, 3559.14, 103693.89596402
1718841600, 20/06/2024, 00:00:00, 3559.24, 3624.28, 3483.5, 3510.73, 108383.66568546
1718928000, 21/06/2024, 00:00:00, 3510.73, 3545.99, 3444.7, 3517.19, 103321.37276566
1719014400, 22/06/2024, 00:00:00, 3517.18, 3520.03, 3473.78, 3494.09, 30077.22258147
1719100800, 23/06/2024, 00:00:00, 3494.09, 3519.79, 3405.07, 3418.42, 43942.98809967
1719187200, 24/06/2024, 00:00:00, 3418.42, 3432.5, 3233.75, 3350.59, 171526.13894959
1719273600, 25/06/2024, 00:00:00, 3350.6, 3430.6, 3334.79, 3393.6, 105747.82411729
1719360000, 26/06/2024, 00:00:00, 3393.59, 3425.44, 3323.0, 3369.31, 82891.50854776
1719446400, 27/06/2024, 00:00:00, 3369.76, 3474.12, 3359.23, 3445.58, 76984.49380219
1719532800, 28/06/2024, 00:00:00, 3445.57, 3484.72, 3360.01, 3373.62, 102502.65124597
1719619200, 29/06/2024, 00:00:00, 3373.75, 3403.09, 3366.21, 3373.26, 24185.37815898
1719705600, 30/06/2024, 00:00:00, 3373.34, 3453.93, 3347.21, 3432.37, 33619.80014887
1719792000, 01/07/2024, 00:00:00, 3432.37, 3518.85, 3420.5, 3438.59, 61636.24032048
1719878400, 02/07/2024, 00:00:00, 3438.59, 3460.56, 3396.76, 3416.17, 43494.06793371
1719964800, 03/07/2024, 00:00:00, 3416.17, 3427.04, 3248.0, 3291.73, 87308.24050746
1720051200, 04/07/2024, 00:00:00, 3291.88, 3309.58, 3050.0, 3058.89, 128764.42789612
1720137600, 05/07/2024, 00:00:00, 3059.08, 3108.7, 2809.41, 2981.74, 246354.98758317
1720224000, 06/07/2024, 00:00:00, 2981.74, 3082.05, 2955.67, 3067.39, 53153.51902767
1720310400, 07/07/2024, 00:00:00, 3067.38, 3073.49, 2921.13, 2930.78, 43012.58338564
1720396800, 08/07/2024, 00:00:00, 2930.78, 3095.94, 2822.64, 3018.48, 142216.07981425
1720483200, 09/07/2024, 00:00:00, 3018.47, 3113.5, 3003.55, 3066.51, 59915.93941771
1720569600, 10/07/2024, 00:00:00, 3066.35, 3150.72, 3023.8, 3100.3, 67608.08879775
1720656000, 11/07/2024, 00:00:00, 3100.35, 3220.48, 3055.0, 3099.29, 77797.90457066
1720742400, 12/07/2024, 00:00:00, 3099.35, 3158.3, 3045.8, 3135.05, 49238.51060916
1720828800, 13/07/2024, 00:00:00, 3134.84, 3203.05, 3114.15, 3176.71, 26046.02798174
1720915200, 14/07/2024, 00:00:00, 3176.61, 3270.12, 3164.66, 3246.38, 38866.26158568
1721001600, 15/07/2024, 00:00:00, 3246.38, 3496.03, 3233.86, 3485.87, 110069.74915363
1721088000, 16/07/2024, 00:00:00, 3485.35, 3499.99, 3348.0, 3446.67, 90433.49001457
1721174400, 17/07/2024, 00:00:00, 3446.67, 3518.38, 3376.92, 3387.45, 69258.00394095
1721260800, 18/07/2024, 00:00:00, 3387.1, 3490.0, 3367.65, 3425.58, 62188.79112524
1721347200, 19/07/2024, 00:00:00, 3425.58, 3541.85, 3375.99, 3505.75, 82780.35096942
1721433600, 20/07/2024, 00:00:00, 3505.83, 3540.79, 3482.03, 3519.06, 29367.4769642
1721520000, 21/07/2024, 00:00:00, 3518.99, 3547.57, 3413.01, 3536.2, 41195.37901679
1721606400, 22/07/2024, 00:00:00, 3536.21, 3563.02, 3423.94, 3441.1, 55522.37465033
1721692800, 23/07/2024, 00:00:00, 3441.09, 3541.2, 3390.0, 3482.9, 134627.15575407
1721779200, 24/07/2024, 00:00:00, 3482.89, 3488.05, 3299.16, 3334.99, 108661.70978004
1721865600, 25/07/2024, 00:00:00, 3335.0, 3342.07, 3086.13, 3174.3, 201536.44580506
1721952000, 26/07/2024, 00:00:00, 3174.3, 3286.65, 3169.59, 3274.95, 88789.0006109
1722038400, 27/07/2024, 00:00:00, 3274.84, 3327.6, 3190.57, 3249.25, 55872.3354621
1722124800, 28/07/2024, 00:00:00, 3249.24, 3283.98, 3198.23, 3269.98, 30497.48961316
1722211200, 29/07/2024, 00:00:00, 3270.15, 3396.61, 3256.68, 3317.55, 111549.61997732
1722297600, 30/07/2024, 00:00:00, 3317.42, 3365.68, 3232.55, 3278.27, 86408.39509467
1722384000, 31/07/2024, 00:00:00, 3278.42, 3348.0, 3213.0, 3231.81, 87723.99196968
1722470400, 01/08/2024, 00:00:00, 3231.81, 3242.14, 3077.17, 3200.54, 115192.55494313
1722556800, 02/08/2024, 00:00:00, 3200.53, 3215.75, 2964.01, 2985.84, 124022.20884018
1722643200, 03/08/2024, 00:00:00, 2985.88, 3016.19, 2857.35, 2901.72, 77878.90239055
1722729600, 04/08/2024, 00:00:00, 2901.98, 2933.13, 2626.17, 2688.31, 110939.31000409
1722816000, 05/08/2024, 00:00:00, 2688.38, 2696.41, 2116.02, 2420.37, 750156.04400364
1722902400, 06/08/2024, 00:00:00, 2420.79, 2556.62, 2415.69, 2462.52, 240973.21880433
1722988800, 07/08/2024, 00:00:00, 2462.26, 2552.77, 2308.94, 2343.66, 212737.26981056
1723075200, 08/08/2024, 00:00:00, 2342.82, 2725.35, 2321.07, 2683.59, 223682.42122768
1723161600, 09/08/2024, 00:00:00, 2683.33, 2708.87, 2553.08, 2599.94, 119799.43778503
1723248000, 10/08/2024, 00:00:00, 2600.1, 2645.74, 2577.61, 2610.69, 32933.24488872
1723334400, 11/08/2024, 00:00:00, 2610.38, 2720.0, 2539.86, 2555.58, 54293.38934167
1723420800, 12/08/2024, 00:00:00, 2555.09, 2750.0, 2509.58, 2723.0, 117387.83172402
1723507200, 13/08/2024, 00:00:00, 2723.23, 2739.0, 2611.59, 2703.49, 87846.22008954
1723593600, 14/08/2024, 00:00:00, 2703.49, 2782.61, 2633.76, 2661.67, 127821.69398089
1723680000, 15/08/2024, 00:00:00, 2661.98, 2675.79, 2516.07, 2570.5, 112161.44239141
1723766400, 16/08/2024, 00:00:00, 2570.22, 2631.06, 2551.29, 2593.75, 73034.64702326
1723852800, 17/08/2024, 00:00:00, 2593.75, 2627.67, 2588.17, 2614.64, 16028.49990746
1723939200, 18/08/2024, 00:00:00, 2614.64, 2687.92, 2594.34, 2612.68, 43718.56501864
1724025600, 19/08/2024, 00:00:00, 2612.33, 2648.71, 2563.98, 2637.15, 54465.58022979
1724112000, 20/08/2024, 00:00:00, 2637.63, 2697.11, 2555.26, 2573.04, 83115.06804761
1724198400, 21/08/2024, 00:00:00, 2572.69, 2664.7, 2536.49, 2631.14, 68713.01543658
1724284800, 22/08/2024, 00:00:00, 2631.18, 2645.42, 2584.59, 2623.3, 45949.34305893
1724371200, 23/08/2024, 00:00:00, 2623.26, 2800.89, 2621.38, 2764.73, 97692.03219144
1724457600, 24/08/2024, 00:00:00, 2764.89, 2820.86, 2732.75, 2769.0, 52952.63243867
1724544000, 25/08/2024, 00:00:00, 2768.95, 2793.09, 2734.52, 2747.57, 28841.52308192
1724630400, 26/08/2024, 00:00:00, 2747.06, 2763.51, 2667.25, 2680.77, 60514.38739416
1724716800, 27/08/2024, 00:00:00, 2680.75, 2700.29, 2393.38, 2458.22, 110269.50067621
1724803200, 28/08/2024, 00:00:00, 2457.84, 2555.23, 2418.63, 2528.51, 115962.75554378
1724889600, 29/08/2024, 00:00:00, 2528.76, 2597.0, 2503.09, 2527.71, 78636.42412331
1724976000, 30/08/2024, 00:00:00, 2527.76, 2551.26, 2430.25, 2525.74, 85657.73143674
1725062400, 31/08/2024, 00:00:00, 2525.7, 2533.92, 2492.03, 2512.62, 14398.21727088
1725148800, 01/09/2024, 00:00:00, 2512.49, 2516.27, 2399.2, 2425.9, 40597.47657667
1725235200, 02/09/2024, 00:00:00, 2425.78, 2564.02, 2423.56, 2537.81, 52519.15338901
1725321600, 03/09/2024, 00:00:00, 2537.99, 2553.75, 2410.52, 2424.18, 59281.30494802
1725408000, 04/09/2024, 00:00:00, 2424.16, 2490.21, 2307.12, 2450.46, 112229.09718802
1725494400, 05/09/2024, 00:00:00, 2450.26, 2465.98, 2347.19, 2367.8, 73779.98448771
1725580800, 06/09/2024, 00:00:00, 2367.5, 2409.19, 2150.0, 2224.46, 158686.218366
1725667200, 07/09/2024, 00:00:00, 2224.55, 2311.27, 2221.01, 2272.88, 48605.25284293
1725753600, 08/09/2024, 00:00:00, 2273.03, 2334.03, 2240.82, 2297.47, 48917.56725194
1725840000, 09/09/2024, 00:00:00, 2297.35, 2381.46, 2273.0, 2360.1, 91965.44801791
1725926400, 10/09/2024, 00:00:00, 2359.71, 2399.99, 2320.91, 2388.26, 63305.03364559
1726012800, 11/09/2024, 00:00:00, 2388.71, 2389.58, 2276.66, 2340.54, 83110.11059986
1726099200, 12/09/2024, 00:00:00, 2340.24, 2392.13, 2314.76, 2361.63, 67554.09932317
1726185600, 13/09/2024, 00:00:00, 2361.75, 2466.49, 2336.57, 2440.96, 84983.24145206
1726272000, 14/09/2024, 00:00:00, 2440.99, 2442.56, 2378.8, 2418.19, 29335.9983637
1726358400, 15/09/2024, 00:00:00, 2418.3, 2430.91, 2285.0, 2316.37, 48995.2967581
1726444800, 16/09/2024, 00:00:00, 2316.01, 2335.18, 2251.99, 2295.21, 83080.821853
1726531200, 17/09/2024, 00:00:00, 2295.35, 2394.0, 2263.05, 2342.1, 87006.28326236
1726617600, 18/09/2024, 00:00:00, 2342.09, 2376.26, 2277.05, 2374.59, 95717.21636064
1726704000, 19/09/2024, 00:00:00, 2374.78, 2495.27, 2372.73, 2465.84, 110765.46794849
1726790400, 20/09/2024, 00:00:00, 2465.79, 2573.26, 2437.49, 2562.02, 95098.81621245
1726876800, 21/09/2024, 00:00:00, 2562.1, 2623.26, 2528.75, 2613.16, 45981.75244353
1726963200, 22/09/2024, 00:00:00, 2612.77, 2632.92, 2525.0, 2580.92, 40733.97945098
1727049600, 23/09/2024, 00:00:00, 2580.93, 2704.62, 2539.64, 2646.72, 103739.53519625
1727136000, 24/09/2024, 00:00:00, 2646.93, 2671.85, 2591.67, 2653.31, 101399.56360844
1727222400, 25/09/2024, 00:00:00, 2653.53, 2673.77, 2553.93, 2579.25, 75241.26087497
1727308800, 26/09/2024, 00:00:00, 2579.84, 2667.81, 2558.84, 2632.53, 76698.05571684
1727395200, 27/09/2024, 00:00:00, 2632.63, 2729.39, 2615.45, 2695.37, 100248.85127199
1727481600, 28/09/2024, 00:00:00, 2695.37, 2705.26, 2650.16, 2675.79, 24386.06817246
1727568000, 29/09/2024, 00:00:00, 2675.88, 2683.77, 2634.38, 2657.89, 27101.55183847
1727654400, 30/09/2024, 00:00:00, 2657.9, 2663.97, 2573.89, 2601.27, 73292.74710664
1727740800, 01/10/2024, 00:00:00, 2601.33, 2657.98, 2413.11, 2447.55, 155891.69082296
1727827200, 02/10/2024, 00:00:00, 2447.54, 2498.47, 2351.92, 2363.76, 91854.68404245
1727913600, 03/10/2024, 00:00:00, 2363.51, 2403.08, 2309.17, 2349.97, 75055.04033974
1728000000, 04/10/2024, 00:00:00, 2349.73, 2440.96, 2338.96, 2414.43, 63427.16619712
1728086400, 05/10/2024, 00:00:00, 2414.43, 2428.22, 2389.68, 2414.51, 17445.77099774
1728172800, 06/10/2024, 00:00:00, 2414.89, 2457.57, 2406.0, 2439.84, 17368.14003888
1728259200, 07/10/2024, 00:00:00, 2439.36, 2520.39, 2402.32, 2421.68, 73870.56676745
1728345600, 08/10/2024, 00:00:00, 2421.68, 2464.51, 2399.24, 2439.48, 60536.06425091
1728432000, 09/10/2024, 00:00:00, 2439.47, 2472.09, 2349.63, 2368.66, 69323.07080214
1728518400, 10/10/2024, 00:00:00, 2368.35, 2418.41, 2327.83, 2384.32, 87146.39549393
1728604800, 11/10/2024, 00:00:00, 2384.42, 2471.1, 2379.84, 2438.77, 79629.60253014
1728691200, 12/10/2024, 00:00:00, 2439.15, 2489.67, 2433.43, 2475.79, 26831.83205704
1728777600, 13/10/2024, 00:00:00, 2475.79, 2484.44, 2435.88, 2467.67, 28115.6827349
1728864000, 14/10/2024, 00:00:00, 2467.95, 2653.03, 2442.42, 2628.74, 134863.19504511
1728950400, 15/10/2024, 00:00:00, 2628.75, 2687.63, 2536.47, 2606.63, 147272.65006204
1729036800, 16/10/2024, 00:00:00, 2606.73, 2646.91, 2588.05, 2610.54, 97943.12619857
1729123200, 17/10/2024, 00:00:00, 2610.56, 2647.43, 2574.29, 2604.91, 67668.26380459
1729209600, 18/10/2024, 00:00:00, 2604.9, 2676.07, 2594.79, 2641.98, 82644.360255
1729296000, 19/10/2024, 00:00:00, 2642.0, 2662.99, 2630.82, 2647.97, 17748.96060487
1729382400, 20/10/2024, 00:00:00, 2647.97, 2758.08, 2635.16, 2746.22, 42114.940021
1729468800, 21/10/2024, 00:00:00, 2745.91, 2768.22, 2653.94, 2665.35, 67046.17608835
1729555200, 22/10/2024, 00:00:00, 2665.25, 2670.37, 2603.37, 2620.84, 70709.73288592
1729641600, 23/10/2024, 00:00:00, 2620.84, 2626.29, 2448.36, 2521.94, 78368.44781749
1729728000, 24/10/2024, 00:00:00, 2521.91, 2559.24, 2504.7, 2533.99, 73450.47584406
1729814400, 25/10/2024, 00:00:00, 2534.0, 2564.84, 2379.35, 2436.01, 137844.37834249
1729900800, 26/10/2024, 00:00:00, 2435.81, 2503.73, 2425.54, 2479.49, 40555.3054383
1729987200, 27/10/2024, 00:00:00, 2479.49, 2524.39, 2460.47, 2504.69, 30629.2909461
1730073600, 28/10/2024, 00:00:00, 2504.72, 2588.0, 2468.81, 2565.66, 94688.91402615
1730160000, 29/10/2024, 00:00:00, 2565.66, 2681.78, 2559.3, 2637.85, 115494.41095118
1730246400, 30/10/2024, 00:00:00, 2638.11, 2721.09, 2598.87, 2658.16, 123666.92523955
1730332800, 31/10/2024, 00:00:00, 2658.15, 2668.12, 2500.0, 2514.84, 93810.99937796
1730419200, 01/11/2024, 00:00:00, 2514.74, 2585.26, 2464.83, 2510.27, 81541.95205262
1730505600, 02/11/2024, 00:00:00, 2510.27, 2522.48, 2469.7, 2493.44, 25043.70021838
1730592000, 03/11/2024, 00:00:00, 2493.5, 2496.01, 2409.53, 2456.57, 56798.1927346
1730678400, 04/11/2024, 00:00:00, 2456.15, 2489.44, 2355.43, 2397.0, 63678.82358185
1730764800, 05/11/2024, 00:00:00, 2396.62, 2479.58, 2379.3, 2422.24, 88639.61877167
1730851200, 06/11/2024, 00:00:00, 2422.24, 2746.83, 2420.14, 2724.27, 248257.23507707
1730937600, 07/11/2024, 00:00:00, 2724.27, 2920.62, 2701.52, 2897.65, 235254.1674329
1731024000, 08/11/2024, 00:00:00, 2897.65, 2986.13, 2888.99, 2964.09, 182093.85658108
1731110400, 09/11/2024, 00:00:00, 2964.09, 3158.83, 2956.8, 3127.97, 114010.46176319
1731196800, 10/11/2024, 00:00:00, 3127.96, 3251.25, 3069.19, 3186.07, 169077.54310611
1731283200, 11/11/2024, 00:00:00, 3186.03, 3391.61, 3108.1, 3375.78, 264362.44195086
1731369600, 12/11/2024, 00:00:00, 3375.79, 3446.98, 3210.57, 3247.21, 277504.30741055
1731456000, 13/11/2024, 00:00:00, 3247.54, 3339.0, 3120.8, 3191.45, 227462.32128441
1731542400, 14/11/2024, 00:00:00, 3191.34, 3242.75, 3028.32, 3059.04, 148297.67622951
1731628800, 15/11/2024, 00:00:00, 3058.89, 3131.68, 3012.94, 3090.76, 148569.2491386
1731715200, 16/11/2024, 00:00:00, 3090.76, 3220.0, 3072.9, 3134.25, 76918.18159684
1731801600, 17/11/2024, 00:00:00, 3134.48, 3161.96, 3036.64, 3076.79, 76318.32370264
1731888000, 18/11/2024, 00:00:00, 3076.79, 3226.8, 3050.83, 3209.21, 139240.77207001
1731974400, 19/11/2024, 00:00:00, 3209.42, 3222.83, 3070.0, 3111.7, 123941.60602607
1732060800, 20/11/2024, 00:00:00, 3111.63, 3161.97, 3031.38, 3072.24, 128820.64743852
1732147200, 21/11/2024, 00:00:00, 3072.33, 3390.35, 3034.15, 3359.9, 263174.60425898
1732233600, 22/11/2024, 00:00:00, 3360.11, 3429.69, 3260.78, 3331.77, 168501.02810417
1732320000, 23/11/2024, 00:00:00, 3332.16, 3500.0, 3316.55, 3397.51, 144344.7907436
1732406400, 24/11/2024, 00:00:00, 3397.51, 3453.9, 3286.25, 3365.16, 83921.83934738
1732492800, 25/11/2024, 00:00:00, 3365.17, 3546.99, 3304.11, 3414.72, 237872.13228768
1732579200, 26/11/2024, 00:00:00, 3414.64, 3462.89, 3252.6, 3323.67, 163133.91511773
1732665600, 27/11/2024, 00:00:00, 3323.67, 3688.54, 3300.76, 3657.63, 215323.88671149
1732752000, 28/11/2024, 00:00:00, 3657.2, 3665.28, 3530.02, 3579.11, 106524.93169029
1732838400, 29/11/2024, 00:00:00, 3579.48, 3650.0, 3536.44, 3593.67, 137566.64651708
1732924800, 30/11/2024, 00:00:00, 3593.38, 3740.63, 3569.63, 3706.35, 93227.76397971
1733011200, 01/12/2024, 00:00:00, 3706.35, 3748.29, 3661.12, 3710.24, 81383.91544408
1733097600, 02/12/2024, 00:00:00, 3710.08, 3762.72, 3556.03, 3644.52, 175600.09449684
1733184000, 03/12/2024, 00:00:00, 3644.51, 3671.71, 3502.29, 3617.59, 171602.2838125
1733270400, 04/12/2024, 00:00:00, 3617.82, 3899.21, 3616.92, 3843.33, 271861.29252455
1733356800, 05/12/2024, 00:00:00, 3843.84, 3960.0, 3681.0, 3788.93, 279984.20786923
1733443200, 06/12/2024, 00:00:00, 3789.07, 4096.0, 3781.2, 4004.83, 238314.83515241
1733529600, 07/12/2024, 00:00:00, 4005.37, 4030.27, 3973.19, 4000.01, 68451.91637822
1733616000, 08/12/2024, 00:00:00, 4000.02, 4018.5, 3926.45, 4006.75, 53096.54067022
1733702400, 09/12/2024, 00:00:00, 4007.38, 4008.8, 3501.0, 3713.57, 249048.23608556
1733788800, 10/12/2024, 00:00:00, 3713.56, 3782.0, 3516.0, 3630.34, 224597.72358534
1733875200, 11/12/2024, 00:00:00, 3630.37, 3851.87, 3564.36, 3835.08, 159702.34530659
1733961600, 12/12/2024, 00:00:00, 3835.08, 3989.22, 3799.19, 3882.68, 155214.19673209
1734048000, 13/12/2024, 00:00:00, 3882.62, 3969.32, 3854.0, 3907.87, 122136.22549054
1734134400, 14/12/2024, 00:00:00, 3907.7, 3945.29, 3824.44, 3869.25, 47709.20178216
1734220800, 15/12/2024, 00:00:00, 3869.5, 3973.71, 3831.09, 3957.7, 56559.95110714
1734307200, 16/12/2024, 00:00:00, 3957.7, 4109.0, 3881.93, 3987.6, 189528.18368088
1734393600, 17/12/2024, 00:00:00, 3987.59, 4041.76, 3848.76, 3893.54, 125248.61133174
1734480000, 18/12/2024, 00:00:00, 3893.44, 3907.71, 3615.79, 3624.84, 187093.0728241
1734566400, 19/12/2024, 00:00:00, 3624.92, 3718.3, 3322.19, 3414.35, 304672.23375305
1734652800, 20/12/2024, 00:00:00, 3414.35, 3497.29, 3095.65, 3470.47, 318980.65790952
1734739200, 21/12/2024, 00:00:00, 3470.47, 3553.49, 3291.31, 3337.09, 95122.34009357
1734825600, 22/12/2024, 00:00:00, 3337.05, 3400.23, 3217.84, 3278.6, 72542.86862482
1734912000, 23/12/2024, 00:00:00, 3278.69, 3462.14, 3213.85, 3418.12, 176709.65124672
1734998400, 24/12/2024, 00:00:00, 3418.12, 3537.52, 3353.08, 3491.13, 103337.99180753
1735084800, 25/12/2024, 00:00:00, 3491.13, 3543.83, 3437.42, 3493.95, 41327.45699372
1735171200, 26/12/2024, 00:00:00, 3494.36, 3512.49, 3301.06, 3330.86, 103793.19567204
1735257600, 27/12/2024, 00:00:00, 3331.17, 3437.87, 3301.27, 3328.6, 121870.90269822
1735344000, 28/12/2024, 00:00:00, 3328.34, 3421.11, 3317.12, 3397.87, 35155.97941995
1735430400, 29/12/2024, 00:00:00, 3397.86, 3408.32, 3320.0, 3350.23, 30260.81890531
1735516800, 30/12/2024, 00:00:00, 3350.24, 3430.0, 3293.1, 3355.66, 98737.16292017
1735603200, 31/12/2024, 00:00:00, 3355.44, 3447.0, 3310.0, 3330.32, 94223.76498048
1735689600, 01/01/2025, 00:00:00, 3330.52, 3366.83, 3308.2, 3353.32, 113635.9777943
1735776000, 02/01/2025, 00:00:00, 3353.32, 3506.11, 3347.19, 3452.39, 86207.50853825
1735862400, 03/01/2025, 00:00:00, 3452.39, 3629.9, 3420.62, 3607.68, 102329.32252706
1735948800, 04/01/2025, 00:00:00, 3607.68, 3670.34, 3571.29, 3656.4, 49524.86729196
1736035200, 05/01/2025, 00:00:00, 3656.4, 3674.92, 3593.46, 3635.46, 36837.72295697
1736121600, 06/01/2025, 00:00:00, 3635.48, 3746.0, 3609.58, 3688.74, 106106.62657887
1736208000, 07/01/2025, 00:00:00, 3688.73, 3702.24, 3356.0, 3380.29, 149342.34303939
1736294400, 08/01/2025, 00:00:00, 3380.32, 3414.59, 3206.95, 3326.29, 130070.303195
1736380800, 09/01/2025, 00:00:00, 3326.51, 3356.78, 3157.0, 3218.81, 128267.34648667
1736467200, 10/01/2025, 00:00:00, 3219.2, 3321.91, 3194.4, 3266.53, 115536.39025356
1736553600, 11/01/2025, 00:00:00, 3266.37, 3318.91, 3217.61, 3282.01, 31509.24900704
1736640000, 12/01/2025, 00:00:00, 3282.0, 3298.2, 3223.07, 3266.02, 39914.90204276
1736726400, 13/01/2025, 00:00:00, 3266.09, 3336.26, 2913.75, 3136.08, 175346.06715095
1736812800, 14/01/2025, 00:00:00, 3136.65, 3256.46, 3124.2, 3223.97, 99770.14179138
1736899200, 15/01/2025, 00:00:00, 3224.35, 3475.14, 3185.25, 3451.58, 148647.52185627
1736985600, 16/01/2025, 00:00:00, 3451.57, 3460.6, 3262.69, 3307.73, 136122.61797511
1737072000, 17/01/2025, 00:00:00, 3307.83, 3527.0, 3307.09, 3475.47, 150453.58019826
1737158400, 18/01/2025, 00:00:00, 3475.54, 3496.48, 3224.29, 3304.07, 151938.03835066
1737244800, 19/01/2025, 00:00:00, 3304.09, 3445.0, 3125.45, 3210.03, 298299.62598353
1737331200, 20/01/2025, 00:00:00, 3211.85, 3448.0, 3139.61, 3280.4, 290972.59781939
1737417600, 21/01/2025, 00:00:00, 3280.43, 3368.0, 3200.98, 3327.57, 151693.96697671
1737504000, 22/01/2025, 00:00:00, 3327.56, 3366.1, 3220.01, 3241.35, 92936.50329584
1737590400, 23/01/2025, 00:00:00, 3241.35, 3349.15, 3181.94, 3338.67, 143070.07538594
1737676800, 24/01/2025, 00:00:00, 3339.26, 3428.25, 3275.41, 3309.72, 156732.03584317
1737763200, 25/01/2025, 00:00:00, 3309.83, 3350.27, 3269.06, 3318.37, 54942.68192937
1737849600, 26/01/2025, 00:00:00, 3318.38, 3361.16, 3227.68, 3231.48, 73002.88372238
1737936000, 27/01/2025, 00:00:00, 3231.31, 3253.54, 3001.0, 3181.93, 210052.48844331
1738022400, 28/01/2025, 00:00:00, 3182.06, 3223.56, 3037.75, 3076.06, 114845.18340866
1738108800, 29/01/2025, 00:00:00, 3076.05, 3181.99, 3053.94, 3114.03, 146256.01605527
1738195200, 30/01/2025, 00:00:00, 3114.03, 3283.5, 3090.89, 3247.48, 115394.80466779
1738281600, 31/01/2025, 00:00:00, 3247.32, 3438.96, 3213.36, 3299.99, 175027.24810392
1738368000, 01/02/2025, 00:00:00, 3300.0, 3330.9, 3101.28, 3116.78, 78248.09835402
1738454400, 02/02/2025, 00:00:00, 3116.44, 3162.35, 2750.0, 2869.25, 185502.0852722
1738540800, 03/02/2025, 00:00:00, 2869.69, 2924.6, 2150.0, 2883.62, 740839.23312985
1738627200, 04/02/2025, 00:00:00, 2883.1, 2891.9, 2633.67, 2732.07, 364753.54972783
1738713600, 05/02/2025, 00:00:00, 2732.07, 2827.94, 2699.6, 2788.3, 192546.34864221
1738800000, 06/02/2025, 00:00:00, 2788.56, 2858.92, 2656.53, 2687.1, 169430.89789344
1738886400, 07/02/2025, 00:00:00, 2687.18, 2799.59, 2563.0, 2622.95, 182738.50499497
1738972800, 08/02/2025, 00:00:00, 2623.02, 2668.11, 2588.13, 2632.62, 128631.57438449
1739059200, 09/02/2025, 00:00:00, 2633.12, 2698.72, 2522.16, 2627.87, 91400.38607088
1739145600, 10/02/2025, 00:00:00, 2627.82, 2694.49, 2560.35, 2661.87, 109998.03360165
1739232000, 11/02/2025, 00:00:00, 2661.84, 2725.74, 2560.49, 2602.03, 129799.77478026
1739318400, 12/02/2025, 00:00:00, 2602.08, 2796.89, 2548.0, 2738.58, 162873.98962217
1739404800, 13/02/2025, 00:00:00, 2738.84, 2758.18, 2613.25, 2676.09, 127721.98336554
1739491200, 14/02/2025, 00:00:00, 2676.29, 2793.44, 2664.64, 2726.32, 128927.50134811
1739577600, 15/02/2025, 00:00:00, 2726.36, 2739.55, 2664.22, 2693.58, 40084.20408191
1739664000, 16/02/2025, 00:00:00, 2693.58, 2726.58, 2652.55, 2661.51, 52326.61083108
1739750400, 17/02/2025, 00:00:00, 2661.51, 2849.53, 2638.43, 2744.1, 137419.86385484
1739836800, 18/02/2025, 00:00:00, 2744.11, 2756.5, 2604.48, 2670.59, 133442.2018924
1739923200, 19/02/2025, 00:00:00, 2670.57, 2736.29, 2654.68, 2715.27, 100984.73251454
1740009600, 20/02/2025, 00:00:00, 2715.3, 2771.9, 2707.15, 2738.65, 88538.81529699
1740096000, 21/02/2025, 00:00:00, 2738.64, 2846.53, 2614.08, 2661.69, 298706.61877983
1740182400, 22/02/2025, 00:00:00, 2661.68, 2797.81, 2652.08, 2763.5, 83103.0458881
1740268800, 23/02/2025, 00:00:00, 2763.53, 2855.23, 2745.5, 2819.63, 95606.18967107
1740355200, 24/02/2025, 00:00:00, 2819.77, 2839.81, 2471.74, 2513.35, 199034.77624736
1740441600, 25/02/2025, 00:00:00, 2513.33, 2530.99, 2319.86, 2492.37, 367833.55676734
1740528000, 26/02/2025, 00:00:00, 2492.54, 2504.18, 2251.01, 2332.93, 225247.77404589
1740614400, 27/02/2025, 00:00:00, 2332.98, 2379.47, 2227.04, 2305.21, 161479.6523548
1740700800, 28/02/2025, 00:00:00, 2305.41, 2312.05, 2073.34, 2236.36, 349901.13722453
1740787200, 01/03/2025, 00:00:00, 2236.74, 2280.48, 2142.04, 2216.51, 87043.0102361
1740873600, 02/03/2025, 00:00:00, 2216.82, 2551.49, 2172.59, 2518.39, 315998.58200778
1740960000, 03/03/2025, 00:00:00, 2518.4, 2523.84, 2094.27, 2147.53, 322327.3085523
1741046400, 04/03/2025, 00:00:00, 2147.64, 2222.15, 1991.21, 2170.92, 432432.0996775
1741132800, 05/03/2025, 00:00:00, 2171.0, 2273.29, 2154.64, 2241.53, 165354.51710988
1741219200, 06/03/2025, 00:00:00, 2241.63, 2320.0, 2176.0, 2202.42, 155071.09381971
1741305600, 07/03/2025, 00:00:00, 2202.03, 2258.02, 2102.21, 2140.81, 262699.28057767
1741392000, 08/03/2025, 00:00:00, 2140.81, 2234.05, 2104.67, 2203.03, 57548.29986961
1741478400, 09/03/2025, 00:00:00, 2203.03, 2211.66, 1988.3, 2020.02, 127517.5417569
1741564800, 10/03/2025, 00:00:00, 2020.02, 2152.48, 1809.49, 1864.12, 362167.30853475
1741651200, 11/03/2025, 00:00:00, 1864.52, 1962.83, 1754.13, 1923.08, 340034.80127314
1741737600, 12/03/2025, 00:00:00, 1923.02, 1956.15, 1829.49, 1907.93, 227178.14493919
1741824000, 13/03/2025, 00:00:00, 1907.88, 1922.09, 1820.86, 1863.81, 156763.1076532
1741910400, 14/03/2025, 00:00:00, 1863.8, 1946.0, 1860.46, 1911.65, 95560.30533948
1741996800, 15/03/2025, 00:00:00, 1911.55, 1957.51, 1903.69, 1937.61, 37624.28395569
1742083200, 16/03/2025, 00:00:00, 1937.4, 1940.96, 1860.49, 1886.8, 50658.46951025
1742169600, 17/03/2025, 00:00:00, 1886.79, 1952.24, 1879.8, 1926.28, 80268.22626745
1742256000, 18/03/2025, 00:00:00, 1926.2, 1935.7, 1871.64, 1931.25, 98061.93923964
1742342400, 19/03/2025, 00:00:00, 1931.24, 2070.6, 1927.63, 2057.06, 196188.24544574
1742428800, 20/03/2025, 00:00:00, 2056.93, 2068.58, 1951.12, 1982.67, 117335.61367471
1742515200, 21/03/2025, 00:00:00, 1982.45, 1995.27, 1936.0, 1964.98, 82472.92563047
1742601600, 22/03/2025, 00:00:00, 1965.04, 2005.99, 1963.76, 1980.35, 40334.50630982
1742688000, 23/03/2025, 00:00:00, 1980.43, 2020.54, 1976.6, 2005.97, 48751.22482465
1742774400, 24/03/2025, 00:00:00, 2006.14, 2104.21, 1977.42, 2081.62, 140535.73445256
1742860800, 25/03/2025, 00:00:00, 2081.61, 2098.11, 2037.39, 2066.78, 78429.61811816
1742947200, 26/03/2025, 00:00:00, 2066.75, 2079.35, 1981.4, 2009.72, 122121.17620874
1743033600, 27/03/2025, 00:00:00, 2009.65, 2037.61, 1986.83, 2003.32, 85676.54038226
1743120000, 28/03/2025, 00:00:00, 2003.18, 2015.78, 1860.86, 1896.23, 231796.08413787
1743206400, 29/03/2025, 00:00:00, 1896.21, 1912.8, 1797.51, 1827.39, 103414.81225118
1743292800, 30/03/2025, 00:00:00, 1827.43, 1848.27, 1767.1, 1807.31, 100497.70390842
1743379200, 31/03/2025, 00:00:00, 1807.51, 1854.2, 1776.43, 1822.03, 139811.10321108
1743465600, 01/04/2025, 00:00:00, 1822.05, 1928.2, 1817.71, 1905.13, 145912.60901118
1743552000, 02/04/2025, 00:00:00, 1905.13, 1956.55, 1781.21, 1794.7, 257321.35292484
1743638400, 03/04/2025, 00:00:00, 1794.77, 1845.09, 1750.0, 1816.36, 186281.09068551
1743724800, 04/04/2025, 00:00:00, 1816.33, 1835.49, 1758.5, 1816.39, 215577.6441354
1743811200, 05/04/2025, 00:00:00, 1816.34, 1826.71, 1764.1, 1805.09, 40241.31817836
1743897600, 06/04/2025, 00:00:00, 1805.16, 1816.28, 1535.06, 1579.77, 269650.3588939
1743984000, 07/04/2025, 00:00:00, 1579.8, 1638.82, 1411.0, 1552.64, 698812.70148075
1744070400, 08/04/2025, 00:00:00, 1552.37, 1618.25, 1444.37, 1471.94, 261089.46902982
1744156800, 09/04/2025, 00:00:00, 1472.11, 1688.99, 1383.26, 1669.27, 398819.27794972
1744243200, 10/04/2025, 00:00:00, 1669.15, 1669.52, 1471.63, 1521.51, 228219.61361863
1744329600, 11/04/2025, 00:00:00, 1521.08, 1590.84, 1504.0, 1566.13, 143453.42676045
1744416000, 12/04/2025, 00:00:00, 1565.95, 1668.88, 1544.36, 1643.85, 87012.16952171
1744502400, 13/04/2025, 00:00:00, 1643.82, 1649.37, 1562.0, 1597.04, 111889.23396001
1744588800, 14/04/2025, 00:00:00, 1597.04, 1691.0, 1595.06, 1624.03, 130644.29007707
1744675200, 15/04/2025, 00:00:00, 1623.61, 1660.98, 1583.15, 1588.64, 112545.45377041
1744761600, 16/04/2025, 00:00:00, 1588.48, 1613.22, 1538.02, 1577.27, 119238.8795804
1744848000, 17/04/2025, 00:00:00, 1577.3, 1616.85, 1562.35, 1583.83, 92253.60889083
1744934400, 18/04/2025, 00:00:00, 1583.86, 1600.74, 1573.7, 1588.57, 37357.55064718
1745020800, 19/04/2025, 00:00:00, 1588.61, 1630.98, 1585.02, 1612.87, 48914.4709325
1745107200, 20/04/2025, 00:00:00, 1612.97, 1619.14, 1565.64, 1587.32, 64780.491809
1745193600, 21/04/2025, 00:00:00, 1587.42, 1658.55, 1563.06, 1579.55, 143500.37227559
1745280000, 22/04/2025, 00:00:00, 1579.54, 1778.92, 1538.75, 1757.0, 332380.92058947
1745366400, 23/04/2025, 00:00:00, 1757.09, 1835.74, 1746.09, 1795.92, 267882.65660226
1745452800, 24/04/2025, 00:00:00, 1795.81, 1803.33, 1723.01, 1770.41, 161354.7148951
1745539200, 25/04/2025, 00:00:00, 1770.42, 1828.9, 1740.0, 1785.95, 191388.58108656
1745625600, 26/04/2025, 00:00:00, 1785.8, 1841.66, 1779.84, 1821.6, 75293.67103679
1745712000, 27/04/2025, 00:00:00, 1821.77, 1857.85, 1782.9, 1791.88, 68093.85600352
1745798400, 28/04/2025, 00:00:00, 1791.89, 1829.0, 1744.9, 1800.26, 208134.44795148
1745884800, 29/04/2025, 00:00:00, 1800.31, 1843.28, 1780.6, 1798.21, 144125.8069908
1745971200, 30/04/2025, 00:00:00, 1798.2, 1817.43, 1732.44, 1793.79, 132367.23008547
1746057600, 01/05/2025, 00:00:00, 1793.92, 1874.48, 1792.67, 1838.82, 139494.50395249
1746144000, 02/05/2025, 00:00:00, 1838.78, 1871.95, 1813.43, 1842.98, 93279.26608996
1746230400, 03/05/2025, 00:00:00, 1842.98, 1849.27, 1810.38, 1834.03, 45010.41020982
1746316800, 04/05/2025, 00:00:00, 1834.11, 1850.21, 1803.01, 1809.0, 40428.72920351
1746403200, 05/05/2025, 00:00:00, 1808.82, 1833.51, 1781.7, 1820.15, 85196.59584097
1746489600, 06/05/2025, 00:00:00, 1820.2, 1820.64, 1751.45, 1817.06, 91421.48339979
1746576000, 07/05/2025, 00:00:00, 1817.06, 1850.94, 1787.01, 1811.35, 138712.13157438
1746662400, 08/05/2025, 00:00:00, 1811.36, 2225.52, 1808.61, 2207.09, 329557.78516842
1746748800, 09/05/2025, 00:00:00, 2206.84, 2490.66, 2184.39, 2345.29, 367944.3292584
1746835200, 10/05/2025, 00:00:00, 2345.42, 2600.6, 2317.73, 2583.8, 190174.27767839
1746921600, 11/05/2025, 00:00:00, 2583.09, 2609.0, 2436.47, 2514.79, 143648.21932596
1747008000, 12/05/2025, 00:00:00, 2514.79, 2625.0, 2407.41, 2495.83, 246104.50649036
1747094400, 13/05/2025, 00:00:00, 2495.61, 2739.05, 2415.65, 2679.88, 209696.06797506
1747180800, 14/05/2025, 00:00:00, 2679.82, 2725.0, 2547.75, 2610.31, 176653.34640214
1747267200, 15/05/2025, 00:00:00, 2610.47, 2647.1, 2475.0, 2548.84, 162116.56760589
1747353600, 16/05/2025, 00:00:00, 2549.16, 2648.88, 2530.31, 2538.02, 122465.4564135
1747440000, 17/05/2025, 00:00:00, 2537.9, 2539.48, 2446.89, 2476.11, 78215.46124074
1747526400, 18/05/2025, 00:00:00, 2476.11, 2588.25, 2323.0, 2498.24, 134969.08574025
1747612800, 19/05/2025, 00:00:00, 2498.63, 2547.73, 2349.73, 2528.71, 216868.76047746
1747699200, 20/05/2025, 00:00:00, 2529.28, 2588.58, 2444.4, 2525.05, 129646.38919276
1747785600, 21/05/2025, 00:00:00, 2525.05, 2617.15, 2452.79, 2551.73, 218788.745073
1747872000, 22/05/2025, 00:00:00, 2552.12, 2692.99, 2545.4, 2665.39, 196307.76694511
1747958400, 23/05/2025, 00:00:00, 2665.59, 2734.04, 2500.0, 2527.02, 201851.50906055
1748044800, 24/05/2025, 00:00:00, 2526.83, 2577.57, 2515.72, 2530.99, 40630.87226987
1748131200, 25/05/2025, 00:00:00, 2531.34, 2555.3, 2463.37, 2552.32, 58254.46870874
1748217600, 26/05/2025, 00:00:00, 2552.44, 2600.8, 2526.98, 2564.32, 56978.02353915
1748304000, 27/05/2025, 00:00:00, 2564.71, 2713.78, 2510.54, 2662.04, 166072.34229434
1748390400, 28/05/2025, 00:00:00, 2662.18, 2690.33, 2609.9, 2682.16, 115559.76273561
1748476800, 29/05/2025, 00:00:00, 2682.44, 2789.5, 2618.88, 2631.68, 191128.81924232
1748563200, 30/05/2025, 00:00:00, 2631.41, 2649.91, 2507.8, 2531.94, 129873.34038728
1748649600, 31/05/2025, 00:00:00, 2531.92, 2551.67, 2476.84, 2529.31, 51370.13572435
1748736000, 01/06/2025, 00:00:00, 2529.31, 2550.0, 2470.5, 2540.38, 53153.06712416
1748822400, 02/06/2025, 00:00:00, 2540.4, 2616.87, 2476.13, 2609.29, 127353.9733552
1748908800, 03/06/2025, 00:00:00, 2609.29, 2657.74, 2575.75, 2595.03, 175792.32687578
1748995200, 04/06/2025, 00:00:00, 2595.03, 2681.0, 2584.05, 2609.07, 105615.84491827
1749081600, 05/06/2025, 00:00:00, 2609.19, 2642.53, 2392.16, 2415.34, 205698.4186583
1749168000, 06/06/2025, 00:00:00, 2415.31, 2533.09, 2384.0, 2478.24, 127162.33645658
1749254400, 07/06/2025, 00:00:00, 2478.38, 2545.0, 2457.88, 2526.14, 35850.95849949
1749340800, 08/06/2025, 00:00:00, 2525.94, 2549.57, 2492.84, 2510.78, 33630.83013396
1749427200, 09/06/2025, 00:00:00, 2510.77, 2695.2, 2479.09, 2681.29, 117024.8957477
1749513600, 10/06/2025, 00:00:00, 2681.25, 2827.18, 2657.11, 2816.5, 268557.67044312
1749600000, 11/06/2025, 00:00:00, 2816.69, 2880.0, 2743.0, 2772.39, 179356.72494173
1749686400, 12/06/2025, 00:00:00, 2772.39, 2785.93, 2615.0, 2643.8, 152072.49988479
1749772800, 13/06/2025, 00:00:00, 2643.81, 2646.79, 2439.17, 2580.21, 283876.86464992
1749859200, 14/06/2025, 00:00:00, 2580.25, 2580.86, 2490.0, 2531.97, 67625.03115586
1749945600, 15/06/2025, 00:00:00, 2531.98, 2559.94, 2492.42, 2548.03, 48636.95574774
1750032000, 16/06/2025, 00:00:00, 2547.95, 2681.97, 2515.23, 2545.27, 177468.3139788
1750118400, 17/06/2025, 00:00:00, 2545.41, 2619.44, 2454.0, 2510.7, 163609.0001351
1750204800, 18/06/2025, 00:00:00, 2510.64, 2548.52, 2466.38, 2525.54, 92285.01272137
1750291200, 19/06/2025, 00:00:00, 2525.49, 2548.35, 2485.37, 2521.52, 51487.65047448
1750377600, 20/06/2025, 00:00:00, 2521.79, 2569.2, 2367.58, 2407.2, 140932.28117073
1750464000, 21/06/2025, 00:00:00, 2407.2, 2449.05, 2217.06, 2297.28, 107608.7542578
1750550400, 22/06/2025, 00:00:00, 2297.26, 2315.15, 2113.0, 2228.46, 224937.83363588
1750636800, 23/06/2025, 00:00:00, 2228.46, 2440.0, 2189.11, 2413.0, 219164.75168992
1750723200, 24/06/2025, 00:00:00, 2412.81, 2483.38, 2377.79, 2449.87, 156696.78441766
1750809600, 25/06/2025, 00:00:00, 2449.74, 2470.19, 2391.15, 2420.09, 123451.65827947
1750896000, 26/06/2025, 00:00:00, 2420.09, 2521.67, 2395.0, 2417.4, 114621.88775791
1750982400, 27/06/2025, 00:00:00, 2417.21, 2464.69, 2381.26, 2424.2, 96456.08851832
1751068800, 28/06/2025, 00:00:00, 2424.24, 2448.97, 2407.03, 2437.08, 29496.9317339
1751155200, 29/06/2025, 00:00:00, 2437.08, 2526.27, 2413.36, 2500.69, 47090.69337747
1751241600, 30/06/2025, 00:00:00, 2500.7, 2524.85, 2433.97, 2486.15, 115164.67938137
1751328000, 01/07/2025, 00:00:00, 2486.16, 2501.45, 2386.96, 2405.32, 78850.04742822
1751414400, 02/07/2025, 00:00:00, 2405.41, 2619.98, 2372.62, 2571.13, 167801.93789726
1751500800, 03/07/2025, 00:00:00, 2571.13, 2637.96, 2557.21, 2592.13, 115059.14879727
1751587200, 04/07/2025, 00:00:00, 2592.14, 2603.7, 2475.0, 2508.8, 77877.16679488
1751673600, 05/07/2025, 00:00:00, 2508.79, 2530.42, 2488.4, 2517.01, 22282.7328538
1751760000, 06/07/2025, 00:00:00, 2517.02, 2605.38, 2504.27, 2570.84, 41033.07311666
1751846400, 07/07/2025, 00:00:00, 2570.81, 2591.15, 2512.76, 2542.38, 79624.16907512
1751932800, 08/07/2025, 00:00:00, 2542.39, 2628.95, 2523.58, 2616.52, 100288.23984643
1752019200, 09/07/2025, 00:00:00, 2616.35, 2797.83, 2590.47, 2769.83, 186502.61069478
1752105600, 10/07/2025, 00:00:00, 2769.83, 3000.0, 2756.22, 2951.22, 236543.69036785
1752192000, 11/07/2025, 00:00:00, 2951.87, 3040.8, 2913.58, 2959.12, 230285.8494589
1752278400, 12/07/2025, 00:00:00, 2959.22, 2981.01, 2905.29, 2944.37, 63678.56454793
1752364800, 13/07/2025, 00:00:00, 2944.48, 3022.0, 2937.0, 2973.38, 70227.25148441
1752451200, 14/07/2025, 00:00:00, 2973.48, 3083.52, 2964.2, 3014.53, 192451.97265422
1752537600, 15/07/2025, 00:00:00, 3014.41, 3144.81, 2933.0, 3138.01, 179476.73196827
1752624000, 16/07/2025, 00:00:00, 3138.79, 3425.89, 3101.25, 3373.12, 292334.52407204
1752710400, 17/07/2025, 00:00:00, 3373.2, 3526.73, 3311.01, 3479.77, 274593.74925785
1752796800, 18/07/2025, 00:00:00, 3479.78, 3677.4, 3461.68, 3549.67, 337824.83515568
1752883200, 19/07/2025, 00:00:00, 3549.66, 3610.85, 3508.66, 3594.3, 83316.75149516
1752969600, 20/07/2025, 00:00:00, 3594.31, 3825.36, 3581.22, 3758.6, 146787.12978622
1753056000, 21/07/2025, 00:00:00, 3758.66, 3860.8, 3703.76, 3763.75, 221705.85764009
1753142400, 22/07/2025, 00:00:00, 3763.75, 3801.63, 3617.47, 3748.62, 225021.75942135
1753228800, 23/07/2025, 00:00:00, 3748.62, 3766.79, 3528.43, 3630.34, 211546.24270422
1753315200, 24/07/2025, 00:00:00, 3630.41, 3775.0, 3507.78, 3708.6, 224420.86882496
1753401600, 25/07/2025, 00:00:00, 3708.88, 3747.76, 3574.39, 3725.84, 217042.92308788
1753488000, 26/07/2025, 00:00:00, 3725.84, 3795.0, 3699.02, 3743.06, 72302.973587
1753574400, 27/07/2025, 00:00:00, 3743.05, 3880.23, 3731.71, 3873.92, 77968.55076879
1753660800, 28/07/2025, 00:00:00, 3873.92, 3941.86, 3753.15, 3799.46, 199027.60346952
1753747200, 29/07/2025, 00:00:00, 3799.44, 3886.01, 3715.14, 3793.4, 138313.68335934
1753833600, 30/07/2025, 00:00:00, 3793.5, 3833.68, 3676.67, 3810.44, 119425.78709017
1753920000, 31/07/2025, 00:00:00, 3810.45, 3878.32, 3680.01, 3698.07, 101490.47064491
1754006400, 01/08/2025, 00:00:00, 3697.85, 3724.7, 3429.44, 3486.39, 214413.30257873
1754092800, 02/08/2025, 00:00:00, 3486.29, 3536.77, 3368.03, 3392.8, 125995.90627221
1754179200, 03/08/2025, 00:00:00, 3392.81, 3521.96, 3354.56, 3497.31, 56152.10527646
1754265600, 04/08/2025, 00:00:00, 3497.31, 3737.27, 3491.5, 3720.87, 128256.57360012
1754352000, 05/08/2025, 00:00:00, 3720.86, 3721.53, 3546.05, 3611.57, 114099.28155356
1754438400, 06/08/2025, 00:00:00, 3611.79, 3699.81, 3563.44, 3683.8, 123751.95784805
1754524800, 07/08/2025, 00:00:00, 3683.78, 3928.65, 3647.87, 3911.28, 215879.45364256
1754611200, 08/08/2025, 00:00:00, 3910.92, 4071.21, 3880.19, 4011.0, 283924.61832068
1754697600, 09/08/2025, 00:00:00, 4010.72, 4326.34, 4007.14, 4262.46, 201072.28837789
1754784000, 10/08/2025, 00:00:00, 4262.45, 4333.13, 4161.16, 4251.91, 135684.68640911
1754870400, 11/08/2025, 00:00:00, 4251.89, 4365.97, 4165.86, 4224.48, 256938.33538629
1754956800, 12/08/2025, 00:00:00, 4224.45, 4638.0, 4219.92, 4589.88, 344450.27634218
1755043200, 13/08/2025, 00:00:00, 4589.71, 4786.36, 4562.87, 4751.46, 324934.36944854
1755129600, 14/08/2025, 00:00:00, 4751.54, 4792.0, 4446.15, 4550.59, 344363.7591017
1755216000, 15/08/2025, 00:00:00, 4550.83, 4671.6, 4370.0, 4442.56, 241688.82570246
1755302400, 16/08/2025, 00:00:00, 4442.55, 4495.15, 4376.02, 4425.13, 81370.11239552
1755388800, 17/08/2025, 00:00:00, 4425.49, 4577.71, 4397.65, 4475.47, 104186.64462627
1755475200, 18/08/2025, 00:00:00, 4475.47, 4484.57, 4227.01, 4315.37, 224168.99724414
1755561600, 19/08/2025, 00:00:00, 4315.95, 4356.88, 4066.2, 4075.89, 266984.37093954
1755648000, 20/08/2025, 00:00:00, 4075.13, 4378.23, 4062.24, 4336.41, 204393.53249278
1755734400, 21/08/2025, 00:00:00, 4336.42, 4340.41, 4203.81, 4224.43, 135477.16502351
1755820800, 22/08/2025, 00:00:00, 4224.17, 4886.1, 4204.86, 4831.24, 382321.64289869
1755907200, 23/08/2025, 00:00:00, 4830.18, 4830.91, 4660.55, 4776.73, 97399.85594592
1755993600, 24/08/2025, 00:00:00, 4776.73, 4955.9, 4710.0, 4779.87, 158333.15493157
1756080000, 25/08/2025, 00:00:00, 4779.52, 4797.7, 4335.66, 4377.02, 257426.71057578
1756166400, 26/08/2025, 00:00:00, 4377.02, 4634.71, 4311.68, 4601.64, 241823.89422103
1756252800, 27/08/2025, 00:00:00, 4601.63, 4664.43, 4481.39, 4506.95, 182804.11996722
1756339200, 28/08/2025, 00:00:00, 4506.95, 4635.0, 4428.0, 4511.3, 139168.54135212
1756425600, 29/08/2025, 00:00:00, 4511.3, 4516.95, 4268.0, 4360.2, 187412.576106
1756512000, 30/08/2025, 00:00:00, 4360.21, 4415.29, 4257.17, 4374.58, 66655.29676488
1756598400, 31/08/2025, 00:00:00, 4374.48, 4498.95, 4373.06, 4391.91, 83463.56830359
1756684800, 01/09/2025, 00:00:00, 4391.9, 4490.0, 4209.01, 4314.76, 119463.39453363
1756771200, 02/09/2025, 00:00:00, 4314.87, 4417.24, 4256.27, 4326.57, 144877.84602714
1756857600, 03/09/2025, 00:00:00, 4326.52, 4495.45, 4283.09, 4452.4, 143077.06609651
1756944000, 04/09/2025, 00:00:00, 4452.39, 4484.7, 4265.3, 4298.37, 177760.02779911
1757030400, 05/09/2025, 00:00:00, 4298.09, 4490.0, 4253.0, 4307.65, 209546.87120895
1757116800, 06/09/2025, 00:00:00, 4307.65, 4328.69, 4237.13, 4274.15, 41875.25454685
1757203200, 07/09/2025, 00:00:00, 4274.24, 4336.44, 4270.13, 4305.56, 37354.50429946
1757289600, 08/09/2025, 00:00:00, 4305.01, 4384.24, 4278.78, 4305.84, 135970.0065259
1757376000, 09/09/2025, 00:00:00, 4305.85, 4382.03, 4276.33, 4309.93, 110554.67476563
1757462400, 10/09/2025, 00:00:00, 4309.94, 4454.5, 4283.77, 4350.0, 133832.27705062
1757548800, 11/09/2025, 00:00:00, 4350.38, 4480.92, 4339.12, 4460.51, 128739.9909512
1757635200, 12/09/2025, 00:00:00, 4460.52, 4744.75, 4452.17, 4714.66, 195085.25198337
1757721600, 13/09/2025, 00:00:00, 4714.66, 4768.6, 4607.0, 4669.0, 74925.80480158
1757808000, 14/09/2025, 00:00:00, 4669.0, 4694.53, 4579.44, 4605.93, 46791.47622757
1757894400, 15/09/2025, 00:00:00, 4605.93, 4672.0, 4464.68, 4524.56, 117720.34314937
1757980800, 16/09/2025, 00:00:00, 4524.68, 4538.85, 4425.0, 4502.7, 119821.33855279
1758067200, 17/09/2025, 00:00:00, 4502.7, 4619.18, 4416.02, 4592.17, 164384.79307111
1758153600, 18/09/2025, 00:00:00, 4592.17, 4646.81, 4555.02, 4589.4, 125688.22234093
1758240000, 19/09/2025, 00:00:00, 4589.4, 4622.25, 4437.45, 4471.0, 97288.06053699
1758326400, 20/09/2025, 00:00:00, 4470.99, 4513.01, 4456.79, 4482.69, 39081.2744386
1758412800, 21/09/2025, 00:00:00, 4482.43, 4501.1, 4445.26, 4447.03, 37295.56770455
1758499200, 22/09/2025, 00:00:00, 4447.34, 4458.0, 4058.85, 4202.42, 211133.84496602
1758585600, 23/09/2025, 00:00:00, 4202.3, 4233.0, 4117.78, 4165.19, 100228.30178808
1758672000, 24/09/2025, 00:00:00, 4165.18, 4208.22, 4076.0, 4153.9, 83346.81253793
1758758400, 25/09/2025, 00:00:00, 4153.9, 4162.65, 3825.0, 3875.7, 282687.98643677
1758844800, 26/09/2025, 00:00:00, 3875.74, 4071.17, 3869.14, 4034.27, 155666.90690747
1758931200, 27/09/2025, 00:00:00, 4034.2, 4040.95, 3974.5, 4020.35, 41729.01532417
1759017600, 28/09/2025, 00:00:00, 4020.34, 4145.96, 3967.22, 4143.25, 61349.14384314
1759104000, 29/09/2025, 00:00:00, 4143.36, 4239.99, 4084.0, 4217.25, 111587.56348085
1759190400, 30/09/2025, 00:00:00, 4217.16, 4248.99, 4093.0, 4145.99, 112394.45769006
1759276800, 01/10/2025, 00:00:00, 4145.98, 4358.96, 4123.35, 4350.52, 151382.25097815
1759363200, 02/10/2025, 00:00:00, 4350.52, 4521.03, 4335.01, 4487.49, 153389.71044144
1759449600, 03/10/2025, 00:00:00, 4487.3, 4596.19, 4430.08, 4515.89, 194121.46395236
1759536000, 04/10/2025, 00:00:00, 4515.89, 4521.34, 4442.6, 4490.01, 51384.17568724
1759622400, 05/10/2025, 00:00:00, 4489.86, 4619.31, 4469.69, 4515.4, 85645.8875434
1759708800, 06/10/2025, 00:00:00, 4515.4, 4739.46, 4489.11, 4686.32, 180142.07592977
1759795200, 07/10/2025, 00:00:00, 4686.33, 4759.16, 4432.47, 4449.8, 198779.53212198
1759881600, 08/10/2025, 00:00:00, 4449.81, 4559.89, 4411.13, 4527.3, 133876.75247388
1759968000, 09/10/2025, 00:00:00, 4526.93, 4532.97, 4266.83, 4370.9, 141076.62781726
1760054400, 10/10/2025, 00:00:00, 4370.72, 4397.03, 3510.0, 3836.15, 386709.49939687
1760140800, 11/10/2025, 00:00:00, 3836.89, 3887.34, 3648.28, 3750.6, 155467.48573337
1760227200, 12/10/2025, 00:00:00, 3750.8, 4200.28, 3698.71, 4156.21, 151733.45389149
1760313600, 13/10/2025, 00:00:00, 4156.38, 4295.57, 4045.49, 4244.69, 153339.31784774
1760400000, 14/10/2025, 00:00:00, 4244.69, 4267.41, 3892.16, 4126.39, 243536.31872992
1760486400, 15/10/2025, 00:00:00, 4126.26, 4218.58, 3930.31, 3987.53, 157726.70619812
1760572800, 16/10/2025, 00:00:00, 3987.28, 4090.0, 3826.72, 3894.91, 161382.6010111
1760659200, 17/10/2025, 00:00:00, 3895.0, 3952.8, 3673.64, 3832.99, 202879.86788105
1760745600, 18/10/2025, 00:00:00, 3832.86, 3930.25, 3820.14, 3890.4, 45567.63757722
1760832000, 19/10/2025, 00:00:00, 3890.4, 4032.4, 3829.23, 3983.89, 89989.11920544
1760918400, 20/10/2025, 00:00:00, 3984.11, 4086.0, 3908.36, 3980.42, 100967.70620232
1761004800, 21/10/2025, 00:00:00, 3980.43, 4113.15, 3838.88, 3874.57, 167898.09575775
1761091200, 22/10/2025, 00:00:00, 3874.8, 3891.6, 3711.49, 3806.12, 144557.44893026
1761177600, 23/10/2025, 00:00:00, 3806.25, 3936.1, 3796.77, 3858.41, 112678.89994476
1761264000, 24/10/2025, 00:00:00, 3858.41, 4024.31, 3847.36, 3936.1, 122248.90258364
1761350400, 25/10/2025, 00:00:00, 3936.1, 3965.44, 3911.88, 3954.52, 25280.14115745
1761436800, 26/10/2025, 00:00:00, 3954.5, 4178.82, 3919.34, 4158.81, 65472.37802493
1761523200, 27/10/2025, 00:00:00, 4159.05, 4254.23, 4094.72, 4120.1, 131419.43492108
1761609600, 28/10/2025, 00:00:00, 4120.0, 4177.54, 3931.8, 3980.25, 112997.59147629
1761696000, 29/10/2025, 00:00:00, 3980.2, 4038.7, 3838.0, 3904.2, 118300.54341506
1761782400, 30/10/2025, 00:00:00, 3904.17, 3949.34, 3676.04, 3804.02, 139553.89852977
1761868800, 31/10/2025, 00:00:00, 3804.24, 3903.62, 3795.51, 3845.79, 123546.29718716
1761955200, 01/11/2025, 00:00:00, 3846.44, 3908.94, 3829.2, 3872.16, 26667.45704268
1762041600, 02/11/2025, 00:00:00, 3872.07, 3916.5, 3838.27, 3905.97, 31963.95389787
1762128000, 03/11/2025, 00:00:00, 3906.01, 3914.06, 3552.4, 3602.88, 167062.25570553
1762214400, 04/11/2025, 00:00:00, 3602.88, 3653.6, 3055.0, 3286.21, 314015.40004056
1762300800, 05/11/2025, 00:00:00, 3286.41, 3481.76, 3165.58, 3423.89, 205596.700027
1762387200, 06/11/2025, 00:00:00, 3423.9, 3455.93, 3243.6, 3313.46, 188062.26831086
1762473600, 07/11/2025, 00:00:00, 3313.47, 3472.1, 3191.02, 3433.71, 175288.79692612
1762560000, 08/11/2025, 00:00:00, 3433.92, 3487.39, 3354.41, 3400.46, 75557.97738948
1762646400, 09/11/2025, 00:00:00, 3400.47, 3622.45, 3356.85, 3582.92, 97906.75276072
1762732800, 10/11/2025, 00:00:00, 3582.92, 3658.38, 3505.14, 3566.49, 124625.79870813
1762819200, 11/11/2025, 00:00:00, 3566.41, 3647.38, 3403.41, 3416.54, 122912.10083045
1762905600, 12/11/2025, 00:00:00, 3416.54, 3587.94, 3371.59, 3414.06, 130120.8908459
1762992000, 13/11/2025, 00:00:00, 3414.06, 3564.4, 3150.0, 3229.65, 207375.27877133
1763078400, 14/11/2025, 00:00:00, 3229.68, 3255.0, 3067.74, 3109.49, 193349.98553734
1763164800, 15/11/2025, 00:00:00, 3109.89, 3228.54, 3108.21, 3166.3, 60465.46978573
1763251200, 16/11/2025, 00:00:00, 3166.3, 3246.44, 3001.13, 3092.25, 113366.47629324
1763337600, 17/11/2025, 00:00:00, 3092.24, 3221.13, 2955.01, 3027.89, 195102.07233124
1763424000, 18/11/2025, 00:00:00, 3027.89, 3168.98, 2943.75, 3121.74, 200616.77009048
1763510400, 19/11/2025, 00:00:00, 3121.5, 3124.1, 2868.5, 3023.1, 245497.12319725
1763596800, 20/11/2025, 00:00:00, 3023.11, 3061.05, 2786.9, 2830.59, 215908.80878084
1763683200, 21/11/2025, 00:00:00, 2830.31, 2882.31, 2620.0, 2763.99, 289458.97165947
1763769600, 22/11/2025, 00:00:00, 2763.99, 2797.86, 2702.71, 2768.5, 93138.03438977
1763856000, 23/11/2025, 00:00:00, 2768.4, 2857.19, 2766.72, 2801.14, 103122.45973534
1763942400, 24/11/2025, 00:00:00, 2801.14, 2985.82, 2762.0, 2952.59, 183914.24759294
1764028800, 25/11/2025, 00:00:00, 2952.58, 2979.0, 2854.98, 2958.17, 129153.15107452
1764115200, 26/11/2025, 00:00:00, 2958.17, 3044.78, 2887.88, 3026.43, 105309.10876742
1764201600, 27/11/2025, 00:00:00, 3026.34, 3071.58, 2983.79, 3014.86, 73449.92905273
1764288000, 28/11/2025, 00:00:00, 3014.9, 3099.0, 2993.63, 3031.86, 128095.41347223
1764374400, 29/11/2025, 00:00:00, 3031.86, 3053.53, 2963.0, 2990.31, 59997.88078648
1764460800, 30/11/2025, 00:00:00, 2990.3, 3053.78, 2976.98, 2991.9, 42972.80053891
1764547200, 01/12/2025, 00:00:00, 2991.68, 3000.07, 2716.82, 2798.3, 173487.80302209
1764633600, 02/12/2025, 00:00:00, 2798.25, 3034.84, 2781.87, 2996.7, 128062.03226086
1764720000, 03/12/2025, 00:00:00, 2996.6, 3214.99, 2986.28, 3189.79, 166820.22275226
1764806400, 04/12/2025, 00:00:00, 3189.8, 3241.57, 3067.09, 3134.13, 146083.73369148
1764892800, 05/12/2025, 00:00:00, 3134.09, 3194.24, 2985.36, 3022.61, 139256.13602594
1764979200, 06/12/2025, 00:00:00, 3022.51, 3068.83, 3012.66, 3039.13, 36886.93732815
1765065600, 07/12/2025, 00:00:00, 3039.12, 3150.2, 2910.08, 3061.0, 73740.78542865
1765152000, 08/12/2025, 00:00:00, 3060.71, 3180.0, 3040.27, 3124.93, 118930.55246979
1765238400, 09/12/2025, 00:00:00, 3124.93, 3398.0, 3090.92, 3352.08, 113636.36737285
